case_id,metric,pairing,test_method,n_ctrl,n_ivf,n_spea2,median_ctrl,iqr_ctrl,median_ivf,iqr_ivf,median_spea2,iqr_spea2,p_ctrl_vs_ivf,p_bh_ctrl_vs_ivf,a12_ctrl_vs_ivf,p_ctrl_vs_spea2,p_bh_ctrl_vs_spea2,a12_ctrl_vs_spea2,label,family,m_obj,outcome_ctrl_vs_ivf,outcome_ctrl_vs_spea2,wtl_ctrl_vs_ivf,wtl_ctrl_vs_spea2
dtlz1_m2,HV,paired,wilcoxon_signed_rank,30,30,30,0.5825061605310056,1.9458711567610365e-05,0.5825061605310056,1.820760110582409e-05,0.5824140302172505,0.0001366982853521,0.3173105078629141,0.7552651206767836,0.4927777777777777,1.30385160446167e-07,8.312053978443146e-07,0.9322222222222222,HELPS,dtlz,2,tie,win,T,W
dtlz1_m3,HV,paired,wilcoxon_signed_rank,30,30,30,0.8427201674114257,0.0002727436930102,0.8427201674114257,0.0002594657354668,0.842543115676244,0.0005857246183652,0.9808795062755976,1.0,0.4966666666666666,0.0043382328003644,0.0077631534322312,0.7322222222222222,NOT_HELPS,dtlz,3,tie,win,T,W
dtlz2_m2,HV,paired,wilcoxon_signed_rank,30,30,30,0.3474281877387832,0.0001030596059027,0.3474330166776683,0.0001105270428929,0.3472789728589123,0.0001335148965036,0.3173105078629141,0.7552651206767836,0.4827777777777777,2.551823854446411e-07,1.446033517519633e-06,0.8333333333333334,HELPS,dtlz,2,tie,win,T,W
dtlz2_m3,HV,paired,wilcoxon_signed_rank,30,30,30,0.5580394332480185,0.0012026148803027,0.5580394332480185,0.0012026148803027,0.5557195569826755,0.0013126457542316,1.0,1.0,0.5,2.60770320892334e-08,2.659857273101807e-07,0.9177777777777778,HELPS,dtlz,3,tie,win,T,W
dtlz3_m2,HV,paired,wilcoxon_signed_rank,30,30,30,0.3475052313238949,9.221449191570974e-05,0.3475052313238949,9.221449191570974e-05,0.3466986588009041,0.0009045907902038,1.0,1.0,0.5,3.725290298461914e-09,9.499490261077881e-08,0.9588888888888888,HELPS,dtlz,2,tie,win,T,W
dtlz3_m3,HV,paired,wilcoxon_signed_rank,30,30,30,0.5614322941179273,0.0011629769035657,0.5614322941179273,0.0011629769035657,0.557948434482928,0.0033121129250529,1.0,1.0,0.5,1.30385160446167e-07,8.312053978443146e-07,0.8933333333333333,HELPS,dtlz,3,tie,win,T,W
dtlz4_m2,HV,paired,wilcoxon_signed_rank,30,30,30,0.34741649433462,9.393670348101236e-05,0.34741649433462,8.503305055895805e-05,0.3472993746465463,9.611048932389732e-05,1.0,1.0,0.5088888888888888,0.0002316366881132,0.0006058190304499,0.8322222222222222,HELPS,dtlz,2,tie,win,T,W
dtlz4_m3,HV,paired,wilcoxon_signed_rank,30,30,30,0.558178236777906,0.0020631777851495,0.558178236777906,0.0020631777851495,0.5537945524155319,0.1563415703913858,1.0,1.0,0.5,1.30385160446167e-08,1.8998980522155762e-07,0.9144444444444444,HELPS,dtlz,3,tie,win,T,W
dtlz5_m2,HV,paired,wilcoxon_signed_rank,30,30,30,0.3473971792976411,0.0001279601893022,0.3474017656710182,0.0001200477772523,0.3472511883220434,0.0001180609663001,0.3173105078629141,0.7552651206767836,0.4783333333333333,4.421919584274292e-06,1.9610252069390335e-05,0.8111111111111111,HELPS,dtlz,2,tie,win,T,W
dtlz5_m3,HV,paired,wilcoxon_signed_rank,30,30,30,0.1997494551931435,0.0001339314378651,0.1997494551931435,0.0001339314378651,0.1996213825513375,0.0001724318182165,1.0,1.0,0.5,0.0053827799856662,0.0094662682506544,0.77,HELPS,dtlz,3,tie,win,T,W
dtlz6_m2,HV,paired,wilcoxon_signed_rank,30,30,30,0.3475857107366527,4.542855875511176e-05,0.347581818015491,4.0907003890422455e-05,0.3475707301895323,7.047590681208415e-05,0.6959309442940154,1.0,0.5383333333333333,0.029325857758522,0.0427319641624178,0.64,HELPS,dtlz,2,tie,win,T,W
dtlz6_m3,HV,paired,wilcoxon_signed_rank,30,30,30,0.2000992145726941,6.787581213674176e-05,0.2000823546586985,7.147159206974396e-05,0.2000773659583054,4.7662421250704856e-05,0.7891592341415333,1.0,0.5272222222222223,0.0136632416397333,0.0221214388452825,0.6688888888888889,HELPS,dtlz,3,tie,win,T,W
dtlz7_m2,HV,paired,wilcoxon_signed_rank,30,30,30,0.2429050678270737,1.6987308686794433e-05,0.2429050678270737,1.6987308686794433e-05,0.2428863513474864,3.852306918158965e-05,1.0,1.0,0.5,1.597777009010315e-05,6.036046478483412e-05,0.7977777777777778,HELPS,dtlz,2,tie,win,T,W
dtlz7_m3,HV,paired,wilcoxon_signed_rank,30,30,30,0.2774851933206389,0.00059743555009,0.2774851933206389,0.00059743555009,0.276716780924268,0.0009699638491334,1.0,1.0,0.5,0.0004601068794727,0.0010914163187492,0.7588888888888888,HELPS,dtlz,3,tie,win,T,W
maf1_m2,HV,paired,wilcoxon_signed_rank,30,30,30,0.5822336752126798,0.000105183570734,0.5822336752126798,0.000105183570734,0.582060395451015,0.0001306105717944,1.0,1.0,0.5,1.862645149230957e-08,2.3748725652694705e-07,0.9166666666666666,HELPS,maf,2,tie,win,T,W
maf1_m3,HV,paired,wilcoxon_signed_rank,30,30,30,0.2200942460391271,0.0007647719363072,0.2200942460391271,0.0007647719363072,0.2186848896642894,0.0010708861733062,1.0,1.0,0.5,1.862645149230957e-09,6.332993507385254e-08,0.9555555555555556,HELPS,maf,3,tie,win,T,W
maf2_m2,HV,paired,wilcoxon_signed_rank,30,30,30,0.2072556571203649,4.499425470566587e-05,0.2072556571203649,4.499425470566587e-05,0.2071276815160515,6.712580648457478e-05,1.0,1.0,0.5,9.313225746154784e-09,1.5832483768463137e-07,0.9677777777777776,HELPS,maf,2,tie,win,T,W
maf2_m3,HV,paired,wilcoxon_signed_rank,30,30,30,0.2362264747094307,0.0020632625145786,0.2362264747094307,0.0020632625145786,0.2344457767944281,0.0014395549671896,1.0,1.0,0.5,0.000729601830244,0.0015504038892686,0.7966666666666666,HELPS,maf,3,tie,win,T,W
maf3_m2,HV,paired,wilcoxon_signed_rank,30,30,30,0.7204765594602525,0.0001168944492342,0.7204765594602525,0.0001168944492342,0.7185878541298923,0.0015426456129782,1.0,1.0,0.5,1.862645149230957e-09,6.332993507385254e-08,0.9733333333333334,HELPS,maf,2,tie,win,T,W
maf3_m3,HV,paired,wilcoxon_signed_rank,30,30,30,0.9632990171492676,0.000234724568946,0.9632990171492676,0.000234724568946,0.962704482323636,0.0008605309947274,1.0,1.0,0.5,3.855675458908081e-07,2.0698889305717067e-06,0.9366666666666666,HELPS,maf,3,tie,win,T,W
maf4_m2,HV,paired,wilcoxon_signed_rank,30,30,30,0.8191289527885219,7.531911815972236e-05,0.8191289527885219,7.531911815972236e-05,0.8187602852664171,0.0005694397731216,1.0,1.0,0.5,4.6566128730773926e-08,3.6536501004145697e-07,0.95,HELPS,maf,2,tie,win,T,W
maf4_m3,HV,paired,wilcoxon_signed_rank,30,30,30,0.5330704782827211,0.0014273531707079,0.5330704782827211,0.0014273531707079,0.5304673489751877,0.0030646939185758,1.0,1.0,0.5,2.7623027563095093e-06,1.341689910207476e-05,0.8188888888888889,HELPS,maf,3,tie,win,T,W
maf5_m2,HV,paired,wilcoxon_signed_rank,30,30,30,0.3472654160303324,0.0002193616343884,0.3472545798767497,0.0002193616343884,0.3470916119390345,0.2563297195473486,0.3173105078629141,0.7552651206767836,0.5072222222222222,0.0012321043759584,0.0024168201220723,0.7322222222222222,HELPS,maf,2,tie,win,T,W
maf5_m3,HV,paired,wilcoxon_signed_rank,30,30,30,0.556391963487769,0.2101320855343401,0.556391963487769,0.2101320855343401,0.5538210943740859,0.0027803094290439,1.0,1.0,0.5,0.6701805889606476,0.7272172348296388,0.6688888888888889,NOT_HELPS,maf,3,tie,tie,T,T
maf6_m2,HV,paired,wilcoxon_signed_rank,30,30,30,0.3475826974546584,5.962920708935116e-05,0.3475826974546584,5.962920708935116e-05,0.3475494448851675,6.037204289199849e-05,1.0,1.0,0.5,0.0472590494900941,0.0669503201109667,0.6455555555555555,HELPS,maf,2,tie,tie,T,T
maf6_m3,HV,paired,wilcoxon_signed_rank,30,30,30,0.2000769109682242,7.933792919256888e-05,0.2000769109682242,7.933792919256888e-05,0.2000476957211846,9.028481800085753e-05,1.0,1.0,0.5,0.0549216289073228,0.0767398102540675,0.6455555555555555,HELPS,maf,3,tie,tie,T,T
maf7_m2,HV,paired,wilcoxon_signed_rank,30,30,30,0.2429105619804449,2.9231514767635854e-05,0.2429105619804449,2.9231514767635854e-05,0.2428942321808124,3.035304776363712e-05,1.0,1.0,0.5,0.0105982609093189,0.0174358485927504,0.7211111111111111,HELPS,maf,2,tie,win,T,W
maf7_m3,HV,paired,wilcoxon_signed_rank,30,30,30,0.2774851933206389,0.00059743555009,0.2774851933206389,0.00059743555009,0.276716780924268,0.0009699638491334,1.0,1.0,0.5,0.0004601068794727,0.0010914163187492,0.7588888888888888,HELPS,maf,3,tie,win,T,W
wfg1_m2,HV,paired,wilcoxon_signed_rank,30,30,30,0.6878164585078046,0.0062645374785177,0.6866236593683017,0.0047167446731155,0.6855107760896693,0.0086042598943172,0.4589970390898609,1.0,0.5738888888888889,0.0247860513627529,0.0383057157424363,0.6822222222222222,HELPS,wfg,2,tie,win,T,W
wfg1_m3,HV,paired,wilcoxon_signed_rank,30,30,30,0.9450800424051268,0.0017109006475884,0.944633480372402,0.0011582661081823,0.9442545135560309,0.0014359237772071,0.6408254038542509,1.0,0.5622222222222222,0.1705983951687812,0.2148276087310579,0.6266666666666667,NOT_HELPS,wfg,3,tie,tie,T,T
wfg2_m2,HV,paired,wilcoxon_signed_rank,30,30,30,0.632804631014187,0.0005023567919314,0.632532138617502,0.0005310112024524,0.6332730164867548,0.0001989801584663,0.0050126127898693,0.0243469764079366,0.6944444444444444,4.7124922275543213e-07,2.403371036052704e-06,0.12,NOT_HELPS,wfg,2,win,loss,W,L
wfg2_m3,HV,paired,wilcoxon_signed_rank,30,30,30,0.9305928353362368,0.0014744590523837,0.928800744790672,0.0019584119453828,0.930420691289946,0.0014479840599007,1.597777009010315e-05,0.0001810813943545,0.8477777777777777,0.7151329666376114,0.7443220673166976,0.5488888888888889,NOT_HELPS,wfg,3,win,tie,W,T
wfg3_m2,HV,paired,wilcoxon_signed_rank,30,30,30,0.5811600827304082,0.0009774385579867,0.5813182695705181,0.0006701885207195,0.5816374345340938,0.0003932115964853,0.0961015727370977,0.3267453473061323,0.4144444444444444,9.220093488693236e-06,3.617113599410424e-05,0.2144444444444444,NOT_HELPS,wfg,2,tie,loss,T,L
wfg3_m3,HV,paired,wilcoxon_signed_rank,30,30,30,0.3870028318297056,0.0040872614269559,0.3958581854595089,0.0034908919195898,0.3883278324029571,0.005910694821524,1.862645149230957e-09,6.332993507385254e-08,0.0066666666666666,0.1839690934866666,0.2288396040931707,0.3955555555555555,HELPS,wfg,3,loss,tie,L,T
wfg4_m2,HV,paired,wilcoxon_signed_rank,30,30,30,0.3471894613384255,0.0001420131495511,0.3472926115372511,0.0001280249374508,0.3470898334167435,0.0002492321998921,0.000951774418354,0.0053933883706728,0.2488888888888888,0.0262289941310882,0.0399307074831492,0.67,HELPS,wfg,2,loss,win,L,W
wfg4_m3,HV,paired,wilcoxon_signed_rank,30,30,30,0.5437767596876776,0.002439819637663,0.5515786497552875,0.0023969731562798,0.5426420412627242,0.0043555989144626,1.862645149230957e-09,6.332993507385254e-08,0.0044444444444444,0.1293530762195587,0.1691540227486537,0.6322222222222222,HELPS,wfg,3,loss,tie,L,T
wfg5_m2,HV,paired,wilcoxon_signed_rank,30,30,30,0.3135064700560223,0.0001158357964488,0.3135769992176194,8.037587009357416e-05,0.3134339265650694,0.0001419035333303,0.0099215045382687,0.0421663942876421,0.3061111111111111,0.0032229889184236,0.0058704441014145,0.7211111111111111,HELPS,wfg,2,loss,win,L,W
wfg5_m3,HV,paired,wilcoxon_signed_rank,30,30,30,0.515162757479319,0.0021950406891433,0.5160978415693707,0.0017280853127413,0.5139991198513079,0.0015225111988395,0.0002535328686227,0.0019892578922706,0.2727777777777778,0.124134462326765,0.1644378591861043,0.6388888888888888,HELPS,wfg,3,loss,tie,L,T
wfg6_m2,HV,paired,wilcoxon_signed_rank,30,30,30,0.3061791501596931,0.0176032244854867,0.3063805123611641,0.0176968968503928,0.3030375582741972,0.018689683407135,0.3183960802853107,0.7552651206767836,0.4988888888888889,0.7303419969975948,0.7524735726641886,0.5533333333333333,NOT_HELPS,wfg,2,tie,tie,T,T
wfg6_m3,HV,paired,wilcoxon_signed_rank,30,30,30,0.4962284597254649,0.0224490274336824,0.4991255985886996,0.0179943831278099,0.5007050069767436,0.0218648908951964,4.7124922275543213e-07,8.011236786842346e-06,0.4422222222222222,0.2621222734451294,0.3108892080395721,0.4233333333333333,NOT_HELPS,wfg,3,tie,tie,T,T
wfg7_m2,HV,paired,wilcoxon_signed_rank,30,30,30,0.3464260857983305,0.0003806035089518,0.3466236014044668,0.0002934824880281,0.3463003478145032,0.0002879668356212,4.4075772166252136e-05,0.0004087026146325,0.2211111111111111,0.2988441474735737,0.3463875345716422,0.6233333333333333,HELPS,wfg,2,loss,tie,L,T
wfg7_m3,HV,paired,wilcoxon_signed_rank,30,30,30,0.5454737996474126,0.0037180213984406,0.5495724091986166,0.0023639848122946,0.542886319242958,0.0040054015361533,3.5443983686800885e-05,0.0003615286336053,0.1294444444444444,6.286613643169403e-05,0.000200385809876,0.7666666666666667,HELPS,wfg,3,loss,win,L,W
wfg8_m2,HV,paired,wilcoxon_signed_rank,30,30,30,0.2896843679362436,0.0010246929402399,0.2896962787681063,0.0007787250535158,0.2899927805641901,0.0010923874667417,0.0247860513627529,0.0972375861154152,0.47,0.0364349968731403,0.0523432349445114,0.36,NOT_HELPS,wfg,2,tie,tie,T,T
wfg8_m3,HV,paired,wilcoxon_signed_rank,30,30,30,0.4599397302790906,0.0038673534637195,0.4623114068481106,0.0039339900943562,0.4581996807021476,0.0036120605293155,0.0003800932317972,0.0026142166655552,0.2188888888888888,0.4279546067118644,0.485015220940113,0.57,HELPS,wfg,3,loss,tie,L,T
wfg9_m2,HV,paired,wilcoxon_signed_rank,30,30,30,0.3414516495989708,0.0029091732805748,0.3411841240020344,0.0022253041463087,0.3430223766506969,0.0010787090878459,0.8078304156661034,1.0,0.5233333333333333,0.0001886002719402,0.0005199250739973,0.2811111111111111,NOT_HELPS,wfg,2,tie,loss,T,L
wfg9_m3,HV,paired,wilcoxon_signed_rank,30,30,30,0.51554487849616,0.0070963057206018,0.5365790933566716,0.0100892471566511,0.5156516304682184,0.0082700851575692,4.6566128730773926e-08,9.49949026107788e-07,0.1077777777777777,0.6263462882488966,0.6869604451762091,0.52,HELPS,wfg,3,loss,tie,L,T
zdt1_m2,HV,paired,wilcoxon_signed_rank,30,30,30,0.7204356688264528,0.0001341896393933,0.7204348088197027,0.000153507527151,0.7203049801901811,0.0001342971882914,0.3173105078629141,0.7552651206767836,0.5194444444444445,2.6885420083999637e-05,9.141042828559877e-05,0.8088888888888889,HELPS,zdt,2,tie,win,T,W
zdt2_m2,HV,paired,wilcoxon_signed_rank,30,30,30,0.4450241599533885,0.0001165038205191,0.4450241599533885,0.0001165038205191,0.444959432122166,8.747291080091202e-05,1.0,1.0,0.5,0.0002091266214847,0.0005613398787222,0.73,HELPS,zdt,2,tie,win,T,W
zdt3_m2,HV,paired,wilcoxon_signed_rank,30,30,30,0.5997309733038889,7.816575220787048e-05,0.5997309733038889,7.816575220787048e-05,0.5996861136425929,5.698187409075573e-05,1.0,1.0,0.5,0.0011314544826745,0.0023552725965879,0.7144444444444444,HELPS,zdt,2,tie,win,T,W
zdt4_m2,HV,paired,wilcoxon_signed_rank,30,30,30,0.7206052567454648,2.3933682104293474e-05,0.7206052567454648,2.3933682104293474e-05,0.7203890744512973,0.000250558635375,1.0,1.0,0.5,5.587935447692871e-09,1.1399388313293459e-07,0.9633333333333334,HELPS,zdt,2,tie,win,T,W
zdt6_m2,HV,paired,wilcoxon_signed_rank,30,30,30,0.3889367912256615,1.8657787538678416e-05,0.3889367912256615,1.8657787538678416e-05,0.3889091726314668,1.6057508665956455e-05,1.0,1.0,0.5,4.6566128730773926e-08,3.6536501004145697e-07,0.9222222222222224,HELPS,zdt,2,tie,win,T,W
dtlz1_m2,IGD,paired,wilcoxon_signed_rank,30,30,30,0.0018244992209831,9.67038954935483e-06,0.0018244992209831,8.95939020863299e-06,0.001835420895621,1.4004454523285517e-05,0.3173105078629141,0.7552651206767836,0.505,0.0071114562451839,0.0122943819831993,0.2722222222222222,HELPS,dtlz,2,tie,win,T,W
dtlz1_m3,IGD,paired,wilcoxon_signed_rank,30,30,30,0.0199448252140021,0.0001640949615212,0.0199448252140021,0.0001640949615212,0.0200161774886499,0.0001527251464017,0.9808795062755976,1.0,0.4966666666666666,0.2893662061542272,0.339256931353232,0.4188888888888888,NOT_HELPS,dtlz,3,tie,tie,T,T
dtlz2_m2,IGD,paired,wilcoxon_signed_rank,30,30,30,0.004116617290879,4.918582903860706e-05,0.0041178426437836,4.430418928073627e-05,0.0041767659649672,6.80222026040074e-05,0.3173105078629141,0.7552651206767836,0.4705555555555555,5.973502993583679e-06,2.437189221382141e-05,0.1977777777777777,HELPS,dtlz,2,tie,win,T,W
dtlz2_m3,IGD,paired,wilcoxon_signed_rank,30,30,30,0.0531638747149858,0.0008588144023772,0.0531638747149858,0.0008588144023772,0.0537596570900929,0.0006275079493126,1.0,1.0,0.5,0.001864006742835,0.003520901625355,0.2566666666666666,HELPS,dtlz,3,tie,win,T,W
dtlz3_m2,IGD,paired,wilcoxon_signed_rank,30,30,30,0.0040410219353589,4.598078618541033e-05,0.0040410219353589,4.598078618541033e-05,0.0041752569279214,0.0002010200482379,1.0,1.0,0.5,8.009374141693115e-08,5.835401160376412e-07,0.0588888888888888,HELPS,dtlz,2,tie,win,T,W
dtlz3_m3,IGD,paired,wilcoxon_signed_rank,30,30,30,0.0526892664342734,0.0008639418688343,0.0526892664342734,0.0008639418688343,0.0530864591631734,0.0010562310323006,1.0,1.0,0.5,0.0081429798156023,0.0136161301834661,0.3255555555555555,HELPS,dtlz,3,tie,win,T,W
dtlz4_m2,IGD,paired,wilcoxon_signed_rank,30,30,30,0.0041203917405448,8.652092014396675e-05,0.0041048893216249,6.817728497730997e-05,0.0041563783419502,8.00584692957837e-05,0.045666504865132,0.1663565534372666,0.5566666666666666,0.0605652313679456,0.0823687146604061,0.3288888888888889,HELPS,dtlz,2,tie,tie,T,T
dtlz4_m3,IGD,paired,wilcoxon_signed_rank,30,30,30,0.0535599582327416,0.0006152572008598,0.0535599582327416,0.0006152572008598,0.0544120703144241,0.3643637104896175,1.0,1.0,0.5,2.60770320892334e-08,2.659857273101807e-07,0.1,HELPS,dtlz,3,tie,win,T,W
dtlz5_m2,IGD,paired,wilcoxon_signed_rank,30,30,30,0.004129311042093,7.041441550443943e-05,0.004129311042093,7.06186183120315e-05,0.0041675631299764,3.896140861283249e-05,0.3173105078629141,0.7552651206767836,0.495,0.0003449581563472,0.0008796432986855,0.1955555555555555,HELPS,dtlz,2,tie,win,T,W
dtlz5_m3,IGD,paired,wilcoxon_signed_rank,30,30,30,0.0042962403105339,0.0001165037494154,0.0042962403105339,0.0001165037494154,0.0043553127656036,0.0001456454120194,1.0,1.0,0.5,0.0005548261106014,0.0012861878018487,0.2522222222222222,HELPS,dtlz,3,tie,win,T,W
dtlz6_m2,IGD,paired,wilcoxon_signed_rank,30,30,30,0.0040847334840182,3.376299028895642e-05,0.0040546899232996,3.534671109815986e-05,0.0040881881691559,3.743850287476428e-05,0.0001302880642562,0.001107448546178,0.8427777777777777,0.7456546742469072,0.7530373937939063,0.4877777777777777,HELPS,dtlz,2,loss,tie,L,T
dtlz6_m3,IGD,paired,wilcoxon_signed_rank,30,30,30,0.0040811837187248,4.6032626203005786e-05,0.0040559686085113,3.1081658616673e-05,0.004090249461772,3.888665355756584e-05,0.0292308403073736,0.110427618938967,0.6883333333333334,0.2054096926003694,0.2524311884968395,0.39,HELPS,dtlz,3,tie,tie,T,T
dtlz7_m2,IGD,paired,wilcoxon_signed_rank,30,30,30,0.0047131352609789,9.901367099632383e-05,0.0047131352609789,9.901367099632383e-05,0.0047841898950577,8.51351923241133e-05,1.0,1.0,0.5,0.000418396666646,0.0010408892682412,0.2411111111111111,HELPS,dtlz,2,tie,win,T,W
dtlz7_m3,IGD,paired,wilcoxon_signed_rank,30,30,30,0.0593293113271136,0.0012950772393612,0.0593293113271136,0.0012950772393612,0.0598139930964289,0.0022219265526485,1.0,1.0,0.5,0.4898460879921913,0.5430902279913425,0.4088888888888889,HELPS,dtlz,3,tie,tie,T,T
maf1_m2,IGD,paired,wilcoxon_signed_rank,30,30,30,0.0037381584061553,7.959606027369177e-05,0.0037381584061553,7.959606027369177e-05,0.0038096045651704,5.5640944717386814e-05,1.0,1.0,0.5,2.6885420083999637e-05,9.141042828559877e-05,0.2,HELPS,maf,2,tie,win,T,W
maf1_m3,IGD,paired,wilcoxon_signed_rank,30,30,30,0.0408814867051322,0.0004665952622855,0.0408814867051322,0.0004665952622855,0.0414709303621769,0.0006050136792329,1.0,1.0,0.5,2.551823854446411e-07,1.446033517519633e-06,0.1377777777777777,HELPS,maf,3,tie,win,T,W
maf2_m2,IGD,paired,wilcoxon_signed_rank,30,30,30,0.0021175016722719,3.567665999643652e-05,0.0021175016722719,3.567665999643652e-05,0.0021843512318951,3.558862595908537e-05,1.0,1.0,0.5,4.6566128730773926e-08,3.6536501004145697e-07,0.0655555555555555,HELPS,maf,2,tie,win,T,W
maf2_m3,IGD,paired,wilcoxon_signed_rank,30,30,30,0.0308275194662572,0.001227092920894,0.0308275194662572,0.001227092920894,0.0321054905160923,0.0015060410057117,1.0,1.0,0.5,0.0001373942941427,0.0004004062286445,0.1588888888888888,HELPS,maf,3,tie,win,T,W
maf3_m2,IGD,paired,wilcoxon_signed_rank,30,30,30,0.0037670426769458,7.131480127449017e-05,0.0037670426769458,7.131480127449017e-05,0.0043856070623874,0.0007488237187252,1.0,1.0,0.5,1.862645149230957e-09,6.332993507385254e-08,0.03,HELPS,maf,2,tie,win,T,W
maf3_m3,IGD,paired,wilcoxon_signed_rank,30,30,30,0.0319439225530468,0.0005971827920976,0.0319439225530468,0.0005971827920976,0.0328807568824841,0.0009383047489106,1.0,1.0,0.5,4.421919584274292e-06,1.9610252069390335e-05,0.1377777777777777,HELPS,maf,3,tie,win,T,W
maf4_m2,IGD,paired,wilcoxon_signed_rank,30,30,30,0.0124793662631548,0.0001567709416074,0.0124793662631548,0.0001567709416074,0.0126959469943135,0.0002003455665311,1.0,1.0,0.5,3.049522638320923e-05,0.0001003391319705,0.16,HELPS,maf,2,tie,win,T,W
maf4_m3,IGD,paired,wilcoxon_signed_rank,30,30,30,0.2362587792130824,0.0036236846451114,0.2362587792130824,0.0036236846451114,0.239991324852811,0.0041998912444609,1.0,1.0,0.5,2.6885420083999637e-05,9.141042828559877e-05,0.1866666666666666,HELPS,maf,3,tie,win,T,W
maf5_m2,IGD,paired,wilcoxon_signed_rank,30,30,30,0.0126862674824623,0.0003347865712964,0.0126862674824623,0.0003237793086502,0.0128577533792048,1.9957229405365688,0.3173105078629141,0.7552651206767836,0.5016666666666667,0.0145380161702632,0.0231699632713571,0.3144444444444444,HELPS,maf,2,tie,win,T,W
maf5_m3,IGD,paired,wilcoxon_signed_rank,30,30,30,0.2433360226630891,1.251561768901518,0.2433360226630891,1.251561768901518,0.2444387734571915,0.0046677110607388,1.0,1.0,0.5,0.7000329215079546,0.7361170927197048,0.4688888888888889,NOT_HELPS,maf,3,tie,tie,T,T
maf6_m2,IGD,paired,wilcoxon_signed_rank,30,30,30,0.0040508630005858,3.9908322420277934e-05,0.0040508630005858,3.9908322420277934e-05,0.0040834398801645,4.560545226944823e-05,1.0,1.0,0.5,0.029325857758522,0.0427319641624178,0.3177777777777777,HELPS,maf,2,tie,win,T,W
maf6_m3,IGD,paired,wilcoxon_signed_rank,30,30,30,0.0040564139992605,3.258862983415191e-05,0.0040564139992605,3.258862983415191e-05,0.0040858492557312,3.647097444144792e-05,1.0,1.0,0.5,0.0012321043759584,0.0024168201220723,0.2177777777777777,HELPS,maf,3,tie,win,T,W
maf7_m2,IGD,paired,wilcoxon_signed_rank,30,30,30,0.0046799160534658,0.0001081475343524,0.0046799160534658,0.0001081475343524,0.0047531540107673,7.848816290741568e-05,1.0,1.0,0.5,0.0021877754479646,0.004057329012589,0.2433333333333333,HELPS,maf,2,tie,win,T,W
maf7_m3,IGD,paired,wilcoxon_signed_rank,30,30,30,0.0593293113271136,0.0012950772393612,0.0593293113271136,0.0012950772393612,0.0598139930964289,0.0022219265526485,1.0,1.0,0.5,0.4898460879921913,0.5430902279913425,0.4088888888888889,HELPS,maf,3,tie,tie,T,T
wfg1_m2,IGD,paired,wilcoxon_signed_rank,30,30,30,0.0204113361452777,0.0153455813247319,0.0232458063297232,0.0145155813141417,0.0271508973165673,0.0365156774830571,0.564653060906117,1.0,0.4238888888888888,0.029325857758522,0.0427319641624178,0.3177777777777777,HELPS,wfg,2,tie,win,T,W
wfg1_m3,IGD,paired,wilcoxon_signed_rank,30,30,30,0.1532487789604856,0.0041815739224733,0.1537548960953043,0.0029001833875522,0.1544640736565585,0.0050158182774642,0.6554384250193834,1.0,0.4866666666666667,0.685047073289752,0.7278625153703615,0.4577777777777778,NOT_HELPS,wfg,3,tie,tie,T,T
wfg2_m2,IGD,paired,wilcoxon_signed_rank,30,30,30,0.0111575732722941,0.0003455441205331,0.0112641716352293,0.0002906908381363,0.0110195082282502,0.0002098765512924,0.3284698575735092,0.7614528516476805,0.4188888888888888,0.0006084088236093,0.0013490804349598,0.7811111111111111,NOT_HELPS,wfg,2,tie,loss,T,L
wfg2_m3,IGD,paired,wilcoxon_signed_rank,30,30,30,0.1714742622465947,0.0059494067338849,0.1796465054059178,0.0088638887603668,0.1694895192268669,0.0063453516324722,1.1920928955078125e-06,1.519918441772461e-05,0.1322222222222222,0.2366523444652557,0.2839828133583069,0.6055555555555555,NOT_HELPS,wfg,3,win,tie,W,T
wfg3_m2,IGD,paired,wilcoxon_signed_rank,30,30,30,0.0123369137204894,0.0007549696821709,0.0121479211206824,0.0004292448757205,0.0120661804717697,0.0002731625700995,0.0087054632604122,0.038606837067915,0.6433333333333333,0.0001528710126876,0.0004331345359484,0.7388888888888889,NOT_HELPS,wfg,2,loss,loss,L,L
wfg3_m3,IGD,paired,wilcoxon_signed_rank,30,30,30,0.1017480731066039,0.0070932458343324,0.0879642487113683,0.0111348328408201,0.1002088054115483,0.0134761287631962,4.6566128730773926e-08,9.49949026107788e-07,0.9466666666666668,0.338741784915328,0.3882209220377917,0.5866666666666667,HELPS,wfg,3,loss,tie,L,T
wfg4_m2,IGD,paired,wilcoxon_signed_rank,30,30,30,0.012732698626635,0.0002355504272888,0.0126716865763694,0.0001762431069067,0.0128243875485993,0.0002849233811523,0.1094320584088563,0.3600667728291404,0.6133333333333333,0.0576879289001226,0.0795157938893582,0.3155555555555555,HELPS,wfg,2,tie,tie,T,T
wfg4_m3,IGD,paired,wilcoxon_signed_rank,30,30,30,0.2133226011315911,0.0030336820170764,0.2109581989424354,0.002006497879687,0.2145540969866425,0.0029075087285312,0.0012321043759584,0.0066144550709347,0.7666666666666667,0.0154600031673908,0.0242603126626748,0.2833333333333333,HELPS,wfg,3,loss,win,L,W
wfg5_m2,IGD,paired,wilcoxon_signed_rank,30,30,30,0.0635812692428006,0.0001257580886366,0.0634718514843837,0.0001330492088945,0.06366979461172,0.0001316731884731,0.0022656073717829,0.0115545975960929,0.7405555555555555,0.0013406034559011,0.0025800292924889,0.2122222222222222,HELPS,wfg,2,loss,win,L,W
wfg5_m3,IGD,paired,wilcoxon_signed_rank,30,30,30,0.2210128221879042,0.0032856099294275,0.2199274547503504,0.0029044648646735,0.2220842965680443,0.0028557225580406,0.0179149534376422,0.0730930100255802,0.6405555555555555,0.134735083207488,0.1739617530020732,0.3566666666666667,HELPS,wfg,3,tie,tie,T,T
wfg6_m2,IGD,paired,wilcoxon_signed_rank,30,30,30,0.0766236849995645,0.0320821591382643,0.0764255503242312,0.0318374061050272,0.0825188524641576,0.034032474165612,0.0961015727370977,0.3267453473061323,0.5055555555555555,0.685047073289752,0.7278625153703615,0.4444444444444444,NOT_HELPS,wfg,2,tie,tie,T,T
wfg6_m3,IGD,paired,wilcoxon_signed_rank,30,30,30,0.2388026502272237,0.0190461308041703,0.2356895196120248,0.0137755873516063,0.2352277807125126,0.015865988500132,1.1920928955078125e-06,1.519918441772461e-05,0.5855555555555556,0.2206467576324939,0.2679282056965998,0.5822222222222222,NOT_HELPS,wfg,3,loss,tie,L,T
wfg7_m2,IGD,paired,wilcoxon_signed_rank,30,30,30,0.0135870724773404,0.0006892176936859,0.0133123044181453,0.0003867372378017,0.0137128518459293,0.0002788647864555,0.0006084088236093,0.0038786062505096,0.7322222222222222,0.1518869195133447,0.1936558223795145,0.4,HELPS,wfg,2,loss,tie,L,T
wfg7_m3,IGD,paired,wilcoxon_signed_rank,30,30,30,0.2150075741062437,0.0031155475390033,0.2119791581731645,0.0043657367502942,0.2162378190486344,0.0029668417794795,0.0003844436272875,0.0026142166655552,0.7872222222222223,0.087938567623496,0.1180228144420604,0.3888888888888889,HELPS,wfg,3,loss,tie,L,T
wfg8_m2,IGD,paired,wilcoxon_signed_rank,30,30,30,0.1080693271102221,0.0017213234059091,0.1079229738783235,0.0012990015444413,0.1072849127171136,0.0016831029865617,0.0061949919909238,0.0287222355942834,0.5444444444444444,0.0076121371239423,0.012940633110702,0.6922222222222222,NOT_HELPS,wfg,2,tie,loss,T,L
wfg8_m3,IGD,paired,wilcoxon_signed_rank,30,30,30,0.2959853366967143,0.0074445520335083,0.2915228227043505,0.0055076049978085,0.2967057382763324,0.0062382561895149,0.000951774418354,0.0053933883706728,0.7066666666666667,0.9676735773682594,0.9676735773682594,0.4722222222222222,HELPS,wfg,3,loss,tie,L,T
wfg9_m2,IGD,paired,wilcoxon_signed_rank,30,30,30,0.0177043732919813,0.0034737904573452,0.017729201666,0.0027553586374135,0.0158289668605383,0.0013927333267739,0.2710056286305189,0.7552651206767836,0.4911111111111111,9.90256667137146e-05,0.0003060793334787,0.7322222222222222,NOT_HELPS,wfg,2,tie,loss,T,L
wfg9_m3,IGD,paired,wilcoxon_signed_rank,30,30,30,0.2180537698806073,0.0040873122307708,0.2095691320834536,0.0048259733868153,0.2175845337711288,0.0064127450617375,1.862645149230957e-09,6.332993507385254e-08,0.8766666666666667,0.7456546742469072,0.7530373937939063,0.4988888888888889,HELPS,wfg,3,loss,tie,L,T
zdt1_m2,IGD,paired,wilcoxon_signed_rank,30,30,30,0.003891336073007,7.893288401895644e-05,0.0038971009881031,8.570302131833372e-05,0.0039635650156559,8.779239330498033e-05,0.3173105078629141,0.7552651206767836,0.4794444444444444,0.0006665531545877,0.0014465621652755,0.2811111111111111,HELPS,zdt,2,tie,win,T,W
zdt2_m2,IGD,paired,wilcoxon_signed_rank,30,30,30,0.0038797902158214,6.289207328948965e-05,0.0038797902158214,6.289207328948965e-05,0.0039218957870512,5.9203180971567886e-05,1.0,1.0,0.5,0.0006084088236093,0.0013490804349598,0.2566666666666666,HELPS,zdt,2,tie,win,T,W
zdt3_m2,IGD,paired,wilcoxon_signed_rank,30,30,30,0.0048102466344315,0.000111911443759,0.0048102466344315,0.000111911443759,0.0048679242459242,0.0001252036543041,1.0,1.0,0.5,0.0012321043759584,0.0024168201220723,0.2777777777777778,HELPS,zdt,2,tie,win,T,W
zdt4_m2,IGD,paired,wilcoxon_signed_rank,30,30,30,0.0038022610833364,3.0689927184776415e-05,0.0038022610833364,3.0689927184776415e-05,0.0038404682949081,2.987762526165212e-05,1.0,1.0,0.5,0.0001105815172195,0.0003317445516586,0.1988888888888889,HELPS,zdt,2,tie,win,T,W
zdt6_m2,IGD,paired,wilcoxon_signed_rank,30,30,30,0.0030585978861654,2.1866731670931467e-05,0.0030585978861654,2.1866731670931467e-05,0.003084131159018,2.1622890390372764e-05,1.0,1.0,0.5,5.973502993583679e-06,2.437189221382141e-05,0.1244444444444444,HELPS,zdt,2,tie,win,T,W
