problem,M,ivf_algo,base_algo,metric,p_value,a12,a12_label,n_pairs,median_ivf,median_base,p_adj
DTLZ1,2,IVFNSGAIII,NSGAIII,AUC_IGD,0.5291051845997572,0.5455555555555556,negligible,30,902.6463454155157,595.8387649965517,0.6502256485442799
DTLZ1,2,IVFNSGAIII,NSGAIII,Final_IGD,0.0021877754479646683,0.20333333333333334,small,30,0.0017853263971455,0.0017860342030849,0.014876873046159743
DTLZ1,2,IVFNSGAIII,NSGAIII,Best_IGD,0.0021877754479646683,0.20333333333333334,small,30,0.0017853263971455,0.0017860342030849,0.009702308508365051
DTLZ1,2,IVFNSGAIII,NSGAIII,AUC_HV,0.8078304156661034,0.49,negligible,30,50481.48490354589,51141.71364718408,0.8408030856932912
DTLZ1,2,IVFNSGAIII,NSGAIII,Final_HV,0.022098854184150696,0.7266666666666667,small,30,0.5825978368064713,0.5825539803608724,0.06830554929646579
DTLZ1,2,IVFNSGAIII,NSGAIII,Best_HV,0.022098854184150696,0.7266666666666667,small,30,0.5825978368064713,0.5825539803608724,0.0549776372386188
DTLZ1,2,IVFNSGAII,NSGAII,AUC_IGD,0.7456546742469072,0.5422222222222223,negligible,30,291.41620319269026,281.1186305756615,0.817814804012737
DTLZ1,2,IVFNSGAII,NSGAII,Final_IGD,0.9032264724373817,0.5188888888888888,negligible,30,0.0022352825686534,0.0022238075249268,0.9596781269647181
DTLZ1,2,IVFNSGAII,NSGAII,Best_IGD,0.370740607380867,0.5488888888888889,negligible,30,0.0021337556646116,0.0021286006321426503,0.5042072260379791
DTLZ1,2,IVFNSGAII,NSGAII,AUC_HV,0.6263462882488966,0.45111111111111113,negligible,30,52007.068146277474,52060.24047277424,0.7020584769383236
DTLZ1,2,IVFNSGAII,NSGAII,Final_HV,0.7000329215079546,0.5344444444444445,negligible,30,0.5814773247412564,0.5814449342774568,0.7846522856462788
DTLZ1,2,IVFNSGAII,NSGAII,Best_HV,0.5425279382616282,0.5622222222222222,negligible,30,0.5816619926385381,0.5816381051265247,0.6667210807552538
DTLZ1,3,IVFNSGAIII,NSGAIII,AUC_IGD,0.11907656863331795,0.5844444444444444,negligible,30,3070.0506468043523,2574.4109380519562,0.2478736734816006
DTLZ1,3,IVFNSGAIII,NSGAIII,Final_IGD,0.2621222734451294,0.4077777777777778,negligible,30,0.020558964174140652,0.02056161520981165,0.45315695279201523
DTLZ1,3,IVFNSGAIII,NSGAIII,Best_IGD,0.25343610532581806,0.4066666666666667,negligible,30,0.020558964174140652,0.02056161520981165,0.3692926106176206
DTLZ1,3,IVFNSGAIII,NSGAIII,AUC_HV,0.25343610532581806,0.43777777777777777,negligible,30,72357.42908968535,73645.68290460421,0.3541162019621019
DTLZ1,3,IVFNSGAIII,NSGAIII,Final_HV,0.21293285302817822,0.6077777777777778,negligible,30,0.8416944493697881,0.8416605960761334,0.36812120354024025
DTLZ1,3,IVFNSGAIII,NSGAIII,Best_HV,0.21293285302817822,0.6077777777777778,negligible,30,0.8416944493697881,0.8416605960761334,0.31477030447643733
DTLZ1,3,IVFNSGAII,NSGAII,AUC_IGD,0.12413446232676506,0.5288888888888889,negligible,30,2832.765257093817,2680.3805240792703,0.2532343031466007
DTLZ1,3,IVFNSGAII,NSGAII,Final_IGD,0.17719271034002304,0.6233333333333333,negligible,30,0.0267887526276709,0.0262598515356135,0.36885013172821124
DTLZ1,3,IVFNSGAII,NSGAII,Best_IGD,0.15188691951334476,0.5844444444444444,negligible,30,0.0254824592752811,0.0253886843547493,0.27179764544493273
DTLZ1,3,IVFNSGAII,NSGAII,AUC_HV,0.21293285302817822,0.4911111111111111,negligible,30,72907.89311396517,73358.33354505856,0.31477030447643733
DTLZ1,3,IVFNSGAII,NSGAII,Final_HV,0.6701805889606476,0.51,negligible,30,0.8253207176914206,0.8258250083460922,0.7846522856462788
DTLZ1,3,IVFNSGAII,NSGAII,Best_HV,0.5561132747679949,0.5555555555555556,negligible,30,0.8288372120921317,0.828557802666105,0.6673359297215938
DTLZ2,2,IVFNSGAIII,NSGAIII,AUC_IGD,0.5978077705949545,0.5322222222222223,negligible,30,357.84093384732677,357.854977232077,0.7008780758699467
DTLZ2,2,IVFNSGAIII,NSGAIII,Final_IGD,1.862645149230957e-09,0.0,large,30,0.0039658782972563505,0.003966037678771,3.799796104431152e-08
DTLZ2,2,IVFNSGAIII,NSGAIII,Best_IGD,1.862645149230957e-09,0.0,large,30,0.0039658782972563505,0.003966037678771,2.71414007459368e-08
DTLZ2,2,IVFNSGAIII,NSGAIII,AUC_HV,0.15794767439365387,0.35888888888888887,negligible,30,31246.164102791437,31246.53903877142,0.25172910606488585
DTLZ2,2,IVFNSGAIII,NSGAIII,Final_HV,1.6391277313232422e-07,0.91,medium,30,0.3472151609066939,0.34721512214504147,3.343820571899414e-06
DTLZ2,2,IVFNSGAIII,NSGAIII,Best_HV,6.286613643169403e-05,0.78,small,30,0.34721516232820826,0.3472151338316997,0.0004274897277355194
DTLZ2,2,IVFNSGAII,NSGAII,AUC_IGD,0.9838335812091827,0.5155555555555555,negligible,30,458.7677810306003,458.3951640709285,0.9838335812091827
DTLZ2,2,IVFNSGAII,NSGAII,Final_IGD,0.46454504504799843,0.42777777777777776,negligible,30,0.0051180607396139,0.00516822718336565,0.6490903369163814
DTLZ2,2,IVFNSGAII,NSGAII,Best_IGD,0.9838335812091827,0.49666666666666665,negligible,30,0.004841355798105251,0.00484776029816825,0.9838335812091827
DTLZ2,2,IVFNSGAII,NSGAII,AUC_HV,0.001340603455901146,0.7911111111111111,small,30,31194.713611691208,31188.399032976868,0.004715225948341961
DTLZ2,2,IVFNSGAII,NSGAII,Final_HV,0.24494642950594425,0.6022222222222222,negligible,30,0.3465827137061309,0.34650945029598784,0.3965799334858145
DTLZ2,2,IVFNSGAII,NSGAII,Best_HV,0.09610157273709774,0.5955555555555555,negligible,30,0.34684440971062314,0.3468104342035103,0.16069443310137654
DTLZ2,3,IVFNSGAIII,NSGAIII,AUC_IGD,0.0006665531545877457,0.7633333333333333,small,30,4910.475748555627,4909.336694465543,0.003578337987786845
DTLZ2,3,IVFNSGAIII,NSGAIII,Final_IGD,0.034536734223365784,0.35444444444444445,negligible,30,0.0544639709058104,0.0544641503995398,0.12581238895654678
DTLZ2,3,IVFNSGAIII,NSGAIII,Best_IGD,0.0021877754479646683,0.7577777777777778,small,30,0.054463961562422156,0.054463659874688444,0.009702308508365051
DTLZ2,3,IVFNSGAIII,NSGAIII,AUC_HV,6.910413503646851e-07,0.9277777777777778,medium,30,50405.73937593856,50390.36662017039,1.0069459676742552e-05
DTLZ2,3,IVFNSGAIII,NSGAIII,Final_HV,0.01283373311161995,0.6688888888888889,small,30,0.5596174752916512,0.5596163119758173,0.05034772220712442
DTLZ2,3,IVFNSGAIII,NSGAIII,Best_HV,0.12935307621955872,0.4,negligible,30,0.5596174779564929,0.5596184738677479,0.20298482729838446
DTLZ2,3,IVFNSGAII,NSGAII,AUC_IGD,0.9515264742076397,0.46555555555555556,negligible,30,6208.734975829481,6225.591424399947,0.9803606097896894
DTLZ2,3,IVFNSGAII,NSGAII,Final_IGD,0.10943205840885639,0.37555555555555553,negligible,30,0.06913979310062104,0.06999864965719016,0.27083769137429636
DTLZ2,3,IVFNSGAII,NSGAII,Best_IGD,0.761065473780036,0.48,negligible,30,0.0652379534942349,0.0655270823773597,0.8347169712426201
DTLZ2,3,IVFNSGAII,NSGAII,AUC_HV,0.026228994131088257,0.6644444444444444,small,30,47943.95192984628,47866.590664408024,0.060803577303886414
DTLZ2,3,IVFNSGAII,NSGAII,Final_HV,0.10943205840885639,0.6344444444444445,negligible,30,0.5329769553814051,0.5323494994806837,0.21886411681771278
DTLZ2,3,IVFNSGAII,NSGAII,Best_HV,0.5291051845997572,0.5333333333333333,negligible,30,0.5388328219290079,0.538288936160165,0.6581552296240882
DTLZ3,2,IVFNSGAIII,NSGAIII,AUC_IGD,0.03272089920938015,0.6444444444444445,negligible,30,61971.10819715996,49472.57917497722,0.0878297820883362
DTLZ3,2,IVFNSGAIII,NSGAIII,Final_IGD,0.013663241639733315,0.24,small,30,0.003992677891399,0.004221532596863999,0.06636431653584753
DTLZ3,2,IVFNSGAIII,NSGAIII,Best_IGD,0.012047622352838516,0.23333333333333334,small,30,0.003992677891399,0.004221532596863999,0.040961915999650954
DTLZ3,2,IVFNSGAIII,NSGAIII,AUC_HV,0.22855282202363014,0.43777777777777777,negligible,30,25493.311246604135,25448.64374895529,0.323783164533476
DTLZ3,2,IVFNSGAIII,NSGAIII,Final_HV,0.0061949919909238815,0.7855555555555556,small,30,0.3469028087493429,0.3458261364180312,0.027473442742358082
DTLZ3,2,IVFNSGAIII,NSGAIII,Best_HV,0.0061949919909238815,0.7855555555555556,small,30,0.3469028087493429,0.3458261364180312,0.021062972769141198
DTLZ3,2,IVFNSGAII,NSGAII,AUC_IGD,0.4771064817905426,0.56,negligible,30,42271.15853584141,37835.534654470874,0.632011183670589
DTLZ3,2,IVFNSGAII,NSGAII,Final_IGD,0.6408254038542509,0.4488888888888889,negligible,30,0.00523553957247465,0.005257913348330451,0.751176621932327
DTLZ3,2,IVFNSGAII,NSGAII,Best_IGD,0.6263462882488966,0.4311111111111111,negligible,30,0.005076041375833951,0.00520391179611095,0.7516155458986759
DTLZ3,2,IVFNSGAII,NSGAII,AUC_HV,0.31839608028531075,0.55,negligible,30,26306.34001969131,25787.60732000437,0.4163641049884833
DTLZ3,2,IVFNSGAII,NSGAII,Final_HV,0.7921590935438871,0.5388888888888889,negligible,30,0.3457084104387934,0.34565181408578033,0.8505287109629104
DTLZ3,2,IVFNSGAII,NSGAII,Best_HV,0.7456546742469072,0.5333333333333333,negligible,30,0.3457084104387934,0.34565181408578033,0.7840904821977788
DTLZ3,3,IVFNSGAIII,NSGAIII,AUC_IGD,0.1641840822994709,0.5855555555555556,negligible,30,77724.77662741867,60382.631423074694,0.29380309464115845
DTLZ3,3,IVFNSGAIII,NSGAIII,Final_IGD,0.0050126127898693085,0.2833333333333333,small,30,0.05449525248344895,0.0546063861307204,0.03007567673921585
DTLZ3,3,IVFNSGAIII,NSGAIII,Best_IGD,0.0050126127898693085,0.2833333333333333,small,30,0.05449525248344895,0.0546063861307204,0.018936537206172943
DTLZ3,3,IVFNSGAIII,NSGAIII,AUC_HV,0.9515264742076397,0.5288888888888889,negligible,30,40824.809948967246,39990.840461044194,0.9609475284077152
DTLZ3,3,IVFNSGAIII,NSGAIII,Final_HV,0.004031794145703316,0.7177777777777777,small,30,0.5585349415255345,0.5564411100450095,0.02056215014308691
DTLZ3,3,IVFNSGAIII,NSGAIII,Best_HV,0.004031794145703316,0.7177777777777777,small,30,0.5585349415255345,0.5564411100450095,0.017135125119239092
DTLZ3,3,IVFNSGAII,NSGAII,AUC_IGD,0.5158484429121017,0.4266666666666667,negligible,30,62351.375742281845,66515.15086077478,0.6416651363052973
DTLZ3,3,IVFNSGAII,NSGAII,Final_IGD,0.17719271034002304,0.41,negligible,30,0.06839486324762264,0.06868937540747405,0.36885013172821124
DTLZ3,3,IVFNSGAII,NSGAII,Best_IGD,0.2988441474735737,0.5777777777777777,negligible,30,0.06696850599114959,0.06649171864431219,0.41756305537403443
DTLZ3,3,IVFNSGAII,NSGAII,AUC_HV,0.22064675763249397,0.5677777777777778,negligible,30,38011.45550837169,37167.452832231575,0.31698548279597727
DTLZ3,3,IVFNSGAII,NSGAII,Final_HV,0.7151329666376114,0.53,negligible,30,0.5320722183585078,0.5317493781125406,0.7928648108373517
DTLZ3,3,IVFNSGAII,NSGAII,Best_HV,0.6263462882488966,0.4666666666666667,negligible,30,0.534183723822505,0.5341589256973767,0.7178350719257017
DTLZ4,2,IVFNSGAIII,NSGAIII,AUC_IGD,0.008142979815602303,0.7144444444444444,small,30,358.74218495751825,358.16977790120745,0.028640825558325343
DTLZ4,2,IVFNSGAIII,NSGAIII,Final_IGD,0.02084985189139843,0.17444444444444446,small,30,0.00396587800767795,0.00396614944577285,0.07876610714528295
DTLZ4,2,IVFNSGAIII,NSGAIII,Best_IGD,0.0012321043759584427,0.09444444444444444,medium,30,0.00396587656151015,0.0039660751851643,0.005984506968941008
DTLZ4,2,IVFNSGAIII,NSGAIII,AUC_HV,0.0635564886033535,0.3333333333333333,small,30,31245.56266755377,31246.16192559228,0.12965523675084115
DTLZ4,2,IVFNSGAIII,NSGAIII,Final_HV,0.052263347432017326,0.7322222222222222,small,30,0.34721512854530867,0.34721504692718613,0.1300210106845309
DTLZ4,2,IVFNSGAIII,NSGAIII,Best_HV,0.00577649287879467,0.7933333333333333,small,30,0.34721516411924547,0.3472151190816888,0.02031731978058815
DTLZ4,2,IVFNSGAII,NSGAII,AUC_IGD,0.1459994912147522,0.39222222222222225,negligible,30,458.4157581446185,461.3678395397752,0.2919989824295044
DTLZ4,2,IVFNSGAII,NSGAII,Final_IGD,0.5698575973510742,0.48,negligible,30,0.00517018917191145,0.00514155180241185,0.683829116821289
DTLZ4,2,IVFNSGAII,NSGAII,Best_IGD,0.18396909348666668,0.40444444444444444,negligible,30,0.00484947079026915,0.00491856889675925,0.31274745892733335
DTLZ4,2,IVFNSGAII,NSGAII,AUC_HV,0.01283373311161995,0.7166666666666667,small,30,31193.60495612637,31186.222478224823,0.031927823838664264
DTLZ4,2,IVFNSGAII,NSGAII,Final_HV,0.21293285302817822,0.5811111111111111,negligible,30,0.3465858658878024,0.3464929320895054,0.36812120354024025
DTLZ4,2,IVFNSGAII,NSGAII,Best_HV,0.044907208532094955,0.6755555555555556,small,30,0.3468662007333988,0.3467536228051452,0.09745819723986565
DTLZ4,3,IVFNSGAIII,NSGAIII,AUC_IGD,0.4898460879921913,0.4166666666666667,negligible,30,4912.029230102153,4911.628458473235,0.6324595060152344
DTLZ4,3,IVFNSGAIII,NSGAIII,Final_IGD,0.017453668639063835,0.3022222222222222,small,30,0.054465152393706195,0.0544712174846049,0.07121096804738045
DTLZ4,3,IVFNSGAIII,NSGAIII,Best_IGD,0.0006084088236093521,0.22444444444444445,small,30,0.054463686372979,0.0544651501246271,0.0036504529416561127
DTLZ4,3,IVFNSGAIII,NSGAIII,AUC_HV,0.0032229889184236526,0.7577777777777778,small,30,50394.31527845321,50380.50368979803,0.009961965747854925
DTLZ4,3,IVFNSGAIII,NSGAIII,Final_HV,0.07324407435953617,0.6133333333333333,negligible,30,0.5595843020953473,0.5595440676141654,0.16241077357984107
DTLZ4,3,IVFNSGAIII,NSGAIII,Best_HV,0.06666470877826214,0.5855555555555556,negligible,30,0.5596165692481583,0.5596132404558993,0.12592222769227293
DTLZ4,3,IVFNSGAII,NSGAII,AUC_IGD,0.31839608028531075,0.3788888888888889,negligible,30,6090.698505384166,6117.178001662987,0.49963692598618
DTLZ4,3,IVFNSGAII,NSGAII,Final_IGD,0.3598779272288084,0.4033333333333333,negligible,30,0.06709818277935375,0.0680349959424827,0.5478738593632606
DTLZ4,3,IVFNSGAII,NSGAII,Best_IGD,0.1459994912147522,0.37555555555555553,negligible,30,0.06409790439398386,0.0647901351471709,0.26592764471258434
DTLZ4,3,IVFNSGAII,NSGAII,AUC_HV,0.4771064817905426,0.6011111111111112,negligible,30,48140.46751945693,48095.326380129234,0.5863236282245222
DTLZ4,3,IVFNSGAII,NSGAII,Final_HV,0.8078304156661034,0.5144444444444445,negligible,30,0.5358680613392822,0.5349263536620641,0.8583198166452348
DTLZ4,3,IVFNSGAII,NSGAII,Best_HV,0.4161298982799053,0.6055555555555555,negligible,30,0.5410815238986972,0.5397708977157165,0.5441698669814147
DTLZ5,2,IVFNSGAIII,NSGAIII,AUC_IGD,0.7921590935438871,0.49666666666666665,negligible,30,357.89436601940474,357.8492390412663,0.8595768887391116
DTLZ5,2,IVFNSGAIII,NSGAIII,Final_IGD,1.862645149230957e-09,0.0,large,30,0.0039658783353843,0.0039660358374029,3.799796104431152e-08
DTLZ5,2,IVFNSGAIII,NSGAIII,Best_IGD,1.862645149230957e-09,0.0,large,30,0.0039658783353843,0.0039660331823124,2.71414007459368e-08
DTLZ5,2,IVFNSGAIII,NSGAIII,AUC_HV,0.5978077705949545,0.4411111111111111,negligible,30,31246.18005537936,31246.32988036806,0.6929135522805154
DTLZ5,2,IVFNSGAIII,NSGAIII,Final_HV,4.6566128730773926e-08,0.9466666666666667,medium,30,0.34721516265874225,0.34721511004695144,1.5832483768463135e-06
DTLZ5,2,IVFNSGAIII,NSGAIII,Best_HV,5.144625902175903e-06,0.8655555555555555,medium,30,0.34721516306214334,0.3472151306071868,5.830576022466023e-05
DTLZ5,2,IVFNSGAII,NSGAII,AUC_IGD,0.42795460671186447,0.5744444444444444,negligible,30,458.4489031611775,456.319871936947,0.5898833768190564
DTLZ5,2,IVFNSGAII,NSGAII,Final_IGD,0.40449450351297855,0.5655555555555556,negligible,30,0.00514398641207065,0.0051231971566383,0.5979483964974466
DTLZ5,2,IVFNSGAII,NSGAII,Best_IGD,0.7303419969975948,0.48333333333333334,negligible,30,0.0048331599271171,0.00483764040989365,0.8267040953607014
DTLZ5,2,IVFNSGAII,NSGAII,AUC_HV,1.8244609236717224e-05,0.8288888888888889,small,30,31193.854545623915,31187.440018537825,0.00012406334280967712
DTLZ5,2,IVFNSGAII,NSGAII,Final_HV,0.5561132747679949,0.4666666666666667,negligible,30,0.3465766311257402,0.3466251778427251,0.717598455923575
DTLZ5,2,IVFNSGAII,NSGAII,Best_HV,0.08406547829508781,0.6422222222222222,negligible,30,0.3468478572460426,0.3468181624268269,0.1504329611596308
DTLZ5,3,IVFNSGAIII,NSGAIII,AUC_IGD,1.4193356037139893e-06,0.89,medium,30,1217.5877753834538,1138.3578355403515,2.8954446315765383e-05
DTLZ5,3,IVFNSGAIII,NSGAIII,Final_IGD,0.370740607380867,0.5344444444444445,negligible,30,0.0128576074283162,0.0126101550199901,0.5561109110713005
DTLZ5,3,IVFNSGAIII,NSGAIII,Best_IGD,0.013663241639733315,0.6933333333333334,small,30,0.011224223816371,0.010348298833190099,0.04236793283905302
DTLZ5,3,IVFNSGAIII,NSGAIII,AUC_HV,0.007111456245183945,0.2733333333333333,small,30,17431.62894706725,17460.589827051932,0.019604555054290877
DTLZ5,3,IVFNSGAIII,NSGAIII,Final_HV,0.9032264724373817,0.5011111111111111,negligible,30,0.193935815895589,0.19375424082389026,0.9032264724373817
DTLZ5,3,IVFNSGAIII,NSGAIII,Best_HV,0.685047073289752,0.46111111111111114,negligible,30,0.19516048143259623,0.1953250508083897,0.7355242260584706
DTLZ5,3,IVFNSGAII,NSGAII,AUC_IGD,0.42795460671186447,0.4477777777777778,negligible,30,523.762739183861,526.2074778641361,0.5898833768190564
DTLZ5,3,IVFNSGAII,NSGAII,Final_IGD,0.6554384250193834,0.5677777777777778,negligible,30,0.00596916234060795,0.0058265363712605,0.751176621932327
DTLZ5,3,IVFNSGAII,NSGAII,Best_IGD,0.09194962680339813,0.6177777777777778,negligible,30,0.0054529332001277495,0.00537590029933515,0.19539295695722103
DTLZ5,3,IVFNSGAII,NSGAII,AUC_HV,0.004338232800364494,0.7077777777777777,small,30,17920.72405271102,17915.01738685617,0.012642849875347955
DTLZ5,3,IVFNSGAII,NSGAII,Final_HV,0.338741784915328,0.5366666666666666,negligible,30,0.19914026040279065,0.19913948408828214,0.5235100312327796
DTLZ5,3,IVFNSGAII,NSGAII,Best_HV,0.07672121562063694,0.6277777777777778,negligible,30,0.19936171897427965,0.1993288871879136,0.13974221416616012
DTLZ6,2,IVFNSGAIII,NSGAIII,AUC_IGD,0.9192965272814035,0.4066666666666667,negligible,30,356.99444043141125,357.030706907561,0.9666829462134346
DTLZ6,2,IVFNSGAIII,NSGAIII,Final_IGD,1.862645149230957e-09,0.0,large,30,0.00396587390878545,0.0039659708133419,3.799796104431152e-08
DTLZ6,2,IVFNSGAIII,NSGAIII,Best_IGD,1.862645149230957e-09,0.0,large,30,0.00396587390878545,0.0039659708133419,2.71414007459368e-08
DTLZ6,2,IVFNSGAIII,NSGAIII,AUC_HV,0.9676735773682594,0.5888888888888889,negligible,30,31249.313329410776,31249.28154234304,0.9676735773682594
DTLZ6,2,IVFNSGAIII,NSGAIII,Final_HV,0.6701805889606476,0.5622222222222222,negligible,30,0.34721516468515234,0.3472151579376018,0.7846522856462788
DTLZ6,2,IVFNSGAIII,NSGAIII,Best_HV,0.10943205840885639,0.4111111111111111,negligible,30,0.34721517092482046,0.3472151730379961,0.17717571361433893
DTLZ6,2,IVFNSGAII,NSGAII,AUC_IGD,0.40449450351297855,0.5444444444444444,negligible,30,509.76891609656997,509.4987892623455,0.5811047796947016
DTLZ6,2,IVFNSGAII,NSGAII,Final_IGD,0.18396909348666668,0.5877777777777777,negligible,30,0.00568286809664615,0.00563582980244875,0.37529695071280006
DTLZ6,2,IVFNSGAII,NSGAII,Best_IGD,0.19092952087521553,0.5833333333333334,negligible,30,0.00536975327917715,0.00529045035367865,0.31925919884052434
DTLZ6,2,IVFNSGAII,NSGAII,AUC_HV,0.4399667661637068,0.4288888888888889,negligible,30,31174.61603134646,31177.343414397437,0.5540322240580011
DTLZ6,2,IVFNSGAII,NSGAII,Final_HV,0.871207794174552,0.5177777777777778,negligible,30,0.3464637536554893,0.34643802349006647,0.9032264724373817
DTLZ6,2,IVFNSGAII,NSGAII,Best_HV,0.6120056137442589,0.45111111111111113,negligible,30,0.34668268083491305,0.34671479542171596,0.7093701432035727
DTLZ6,3,IVFNSGAIII,NSGAIII,AUC_IGD,0.31839608028531075,0.5711111111111111,negligible,30,1705.1411554981441,1688.4763077551333,0.49963692598618
DTLZ6,3,IVFNSGAIII,NSGAIII,Final_IGD,0.9515264742076397,0.4855555555555556,negligible,30,0.019015649242571,0.019477480179245547,0.977254503876856
DTLZ6,3,IVFNSGAIII,NSGAIII,Best_IGD,0.6263462882488966,0.5477777777777778,negligible,30,0.01539589136308105,0.01532319665405645,0.7516155458986759
DTLZ6,3,IVFNSGAIII,NSGAIII,AUC_HV,0.6554384250193834,0.4888888888888889,negligible,30,17217.391874156958,17205.945537327338,0.7037338879155485
DTLZ6,3,IVFNSGAIII,NSGAIII,Final_HV,0.685047073289752,0.5144444444444445,negligible,30,0.19117154951378104,0.19120780002120574,0.7846522856462788
DTLZ6,3,IVFNSGAIII,NSGAIII,Best_HV,0.5698575973510742,0.43,negligible,30,0.19305769763755953,0.19340096362503922,0.6758776154629019
DTLZ6,3,IVFNSGAII,NSGAII,AUC_IGD,0.9676735773682594,0.5533333333333333,negligible,30,535.9807695757935,532.3676771765063,0.9838335812091827
DTLZ6,3,IVFNSGAII,NSGAII,Final_IGD,0.2710056286305189,0.5733333333333334,negligible,30,0.0059198443743177,0.0057859272376214,0.45315695279201523
DTLZ6,3,IVFNSGAII,NSGAII,Best_IGD,0.4771064817905426,0.5455555555555556,negligible,30,0.005512722932813,0.00546806708721405,0.6239084761876327
DTLZ6,3,IVFNSGAII,NSGAII,AUC_HV,0.7765688337385654,0.47555555555555556,negligible,30,17947.938560654573,17948.478402240944,0.8165981550652956
DTLZ6,3,IVFNSGAII,NSGAII,Final_HV,0.5698575973510742,0.5166666666666667,negligible,30,0.19940479182491835,0.19939348603668083,0.717598455923575
DTLZ6,3,IVFNSGAII,NSGAII,Best_HV,0.15188691951334476,0.39444444444444443,negligible,30,0.19963799986267566,0.1996533718972095,0.2312308326919577
DTLZ7,2,IVFNSGAIII,NSGAIII,AUC_IGD,2.366676926612854e-05,0.9011111111111111,medium,30,494.60631407418475,476.30540775672824,0.00021945549683137372
DTLZ7,2,IVFNSGAIII,NSGAIII,Final_IGD,0.017453668639063835,0.33444444444444443,small,30,0.0050737431736110495,0.005099293316237,0.07121096804738045
DTLZ7,2,IVFNSGAIII,NSGAIII,Best_IGD,0.07672121562063694,0.6211111111111111,negligible,30,0.0049528432632053,0.00493703834674325,0.17390142207344372
DTLZ7,2,IVFNSGAIII,NSGAIII,AUC_HV,3.2391399145126343e-06,0.08888888888888889,medium,30,21819.979783631825,21832.640445735018,2.753268927335739e-05
DTLZ7,2,IVFNSGAIII,NSGAIII,Final_HV,0.022098854184150696,0.6766666666666666,small,30,0.24281188004633258,0.2428062095304348,0.06830554929646579
DTLZ7,2,IVFNSGAIII,NSGAIII,Best_HV,0.026228994131088257,0.3388888888888889,small,30,0.2428336515653721,0.24284010335259085,0.06221761398537214
DTLZ7,2,IVFNSGAII,NSGAII,AUC_IGD,6.910413503646851e-07,0.8088888888888889,small,30,496.51470772441724,486.3615727150998,1.762155443429947e-05
DTLZ7,2,IVFNSGAII,NSGAII,Final_IGD,0.11417667381465435,0.6666666666666666,small,30,0.0054793273384937,0.0054129006344733,0.27083769137429636
DTLZ7,2,IVFNSGAII,NSGAII,Best_IGD,0.25343610532581806,0.6044444444444445,negligible,30,0.00509731797471375,0.0050430816753533995,0.3692926106176206
DTLZ7,2,IVFNSGAII,NSGAII,AUC_HV,0.08406547829508781,0.3488888888888889,small,30,21831.85144386634,21833.80186480092,0.16178639219054636
DTLZ7,2,IVFNSGAII,NSGAII,Final_HV,0.036434996873140335,0.3233333333333333,small,30,0.24266665579794225,0.24269399757250154,0.10323249114056428
DTLZ7,2,IVFNSGAII,NSGAII,Best_HV,0.25343610532581806,0.5477777777777778,negligible,30,0.2427756089817845,0.24277292252734373,0.3590344825449089
DTLZ7,3,IVFNSGAIII,NSGAIII,AUC_IGD,0.001718590036034584,0.7766666666666666,small,30,7099.406949017454,7013.906021611131,0.007968008348887617
DTLZ7,3,IVFNSGAIII,NSGAIII,Final_IGD,0.17059839516878128,0.4122222222222222,negligible,30,0.0757161091490364,0.07738583436072495,0.36885013172821124
DTLZ7,3,IVFNSGAIII,NSGAIII,Best_IGD,0.10943205840885639,0.6133333333333333,negligible,30,0.07245073682449354,0.07114853709491001,0.22324139915406704
DTLZ7,3,IVFNSGAIII,NSGAIII,AUC_HV,0.0004183966666460037,0.12222222222222222,medium,30,23936.81647974049,24098.317220720848,0.0017070583999156952
DTLZ7,3,IVFNSGAIII,NSGAIII,Final_HV,0.8871948085725307,0.4988888888888889,negligible,30,0.2685312912923976,0.268631099818202,0.9032264724373817
DTLZ7,3,IVFNSGAIII,NSGAIII,Best_HV,0.08793856762349606,0.3566666666666667,negligible,30,0.2707921994119492,0.2713080607358713,0.15202938809485758
DTLZ7,3,IVFNSGAII,NSGAII,AUC_IGD,0.871207794174552,0.5188888888888888,negligible,30,7032.70197921063,7014.956311606509,0.9354020526926768
DTLZ7,3,IVFNSGAII,NSGAII,Final_IGD,0.5425279382616282,0.47444444444444445,negligible,30,0.0766654386511594,0.07517569636170379,0.683829116821289
DTLZ7,3,IVFNSGAII,NSGAII,Best_IGD,0.6263462882488966,0.5444444444444444,negligible,30,0.07157849110114514,0.07120146024794795,0.7516155458986759
DTLZ7,3,IVFNSGAII,NSGAII,AUC_HV,0.0061949919909238815,0.7411111111111112,small,30,24024.50721009459,23979.797892598548,0.017552477307617664
DTLZ7,3,IVFNSGAII,NSGAII,Final_HV,0.42795460671186447,0.5888888888888889,negligible,30,0.26974987108420057,0.26876440851687156,0.6062690261751413
DTLZ7,3,IVFNSGAII,NSGAII,Best_HV,0.006639536470174789,0.6833333333333333,small,30,0.27101176215135064,0.27061971971141596,0.02184621677283318
MaF1,2,IVFNSGAIII,NSGAIII,AUC_IGD,0.5158484429121017,0.47555555555555556,negligible,30,321.7891717471585,321.78036953551776,0.6416651363052973
MaF1,2,IVFNSGAIII,NSGAIII,Final_IGD,1.862645149230957e-09,0.0,large,30,0.0035705739461352,0.0035707083461242,3.799796104431152e-08
MaF1,2,IVFNSGAIII,NSGAIII,Best_IGD,1.862645149230957e-09,0.0,large,30,0.0035705739461352,0.00357070091164435,2.71414007459368e-08
MaF1,2,IVFNSGAIII,NSGAIII,AUC_HV,0.42795460671186447,0.4411111111111111,negligible,30,52430.74657748461,52431.08930401239,0.5456421235576272
MaF1,2,IVFNSGAIII,NSGAIII,Final_HV,5.587935447692871e-09,0.99,large,30,0.5826020504464389,0.5826020289337592,5.699694156646729e-07
MaF1,2,IVFNSGAIII,NSGAIII,Best_HV,5.587935447692871e-09,0.9888888888888889,large,30,0.5826020504464389,0.582602030148207,1.8998980522155762e-07
MaF1,2,IVFNSGAII,NSGAII,AUC_IGD,0.1641840822994709,0.40444444444444444,negligible,30,414.38964080313906,414.3898144796995,0.29380309464115845
MaF1,2,IVFNSGAII,NSGAII,Final_IGD,0.46454504504799843,0.5666666666666667,negligible,30,0.0046074682749539,0.0045702973458293505,0.6490903369163814
MaF1,2,IVFNSGAII,NSGAII,Best_IGD,0.8871948085725307,0.47444444444444445,negligible,30,0.0043834719489686,0.00438400953982835,0.9140794997413954
MaF1,2,IVFNSGAII,NSGAII,AUC_HV,1.6838312149047852e-06,0.8188888888888889,small,30,52283.03186922091,52278.18737872831,1.9083420435587563e-05
MaF1,2,IVFNSGAII,NSGAII,Final_HV,0.9032264724373817,0.4911111111111111,negligible,30,0.5809211803164189,0.5809406010588687,0.9032264724373817
MaF1,2,IVFNSGAII,NSGAII,Best_HV,0.06989291124045849,0.6566666666666666,small,30,0.5812244226978307,0.5811987139089311,0.1296195808459412
MaF1,3,IVFNSGAIII,NSGAIII,AUC_IGD,0.0002562887966632843,0.8133333333333334,small,30,5488.53918884782,5419.420281345301,0.0017427638173103332
MaF1,3,IVFNSGAIII,NSGAIII,Final_IGD,0.08793856762349606,0.6222222222222222,negligible,30,0.060966349801351155,0.05983711376662865,0.2562781113599028
MaF1,3,IVFNSGAIII,NSGAIII,Best_IGD,0.0008718203753232956,0.7622222222222222,small,30,0.05872879574003705,0.057835419323350554,0.0044462839141488075
MaF1,3,IVFNSGAIII,NSGAIII,AUC_HV,0.0020201820880174637,0.26222222222222225,small,30,18459.037193509797,18493.561952838376,0.006868619099259376
MaF1,3,IVFNSGAIII,NSGAIII,Final_HV,0.23665234446525574,0.39111111111111113,negligible,30,0.20553657259759106,0.2061166416772425,0.3957137563189522
MaF1,3,IVFNSGAIII,NSGAIII,Best_HV,0.005382779985666275,0.2922222222222222,small,30,0.20686439981546875,0.20762208547245695,0.02031731978058815
MaF1,3,IVFNSGAII,NSGAII,AUC_IGD,0.7303419969975948,0.5077777777777778,negligible,30,5192.614743122315,5197.301134854283,0.8097269966712465
MaF1,3,IVFNSGAII,NSGAII,Final_IGD,0.4898460879921913,0.46555555555555556,negligible,30,0.0577080077186577,0.0578637514145051,0.6661906796693802
MaF1,3,IVFNSGAII,NSGAII,Best_IGD,0.17059839516878128,0.37777777777777777,negligible,30,0.053987510290781554,0.054294291228723895,0.2949328187663676
MaF1,3,IVFNSGAII,NSGAII,AUC_HV,0.024786051362752914,0.6688888888888889,small,30,18383.772944565404,18350.673098949774,0.058794819511646446
MaF1,3,IVFNSGAII,NSGAII,Final_HV,0.3817984350025654,0.5566666666666666,negligible,30,0.20441724318792748,0.20399704334723157,0.5563348624323096
MaF1,3,IVFNSGAII,NSGAII,Best_HV,0.01453801617026329,0.6666666666666666,small,30,0.20743444630647156,0.20676780808019024,0.03902309603596989
MaF2,2,IVFNSGAIII,NSGAIII,AUC_IGD,0.015460003167390823,0.3055555555555556,small,30,181.38222618882327,181.63553469630074,0.04638000950217247
MaF2,2,IVFNSGAIII,NSGAIII,Final_IGD,9.90256667137146e-05,0.07666666666666666,medium,30,0.00200625605064425,0.0020068601352535497,0.0008417181670665741
MaF2,2,IVFNSGAIII,NSGAIII,Best_IGD,1.862645149230957e-09,0.005555555555555556,large,30,0.0020062379662426,0.00200656994183425,2.71414007459368e-08
MaF2,2,IVFNSGAIII,NSGAIII,AUC_HV,0.000283263623714447,0.7866666666666666,small,30,18677.80966313951,18676.744623418563,0.0013758518866130284
MaF2,2,IVFNSGAIII,NSGAIII,Final_HV,9.90256667137146e-05,0.9355555555555556,medium,30,0.20756504160064565,0.20755925120627466,0.0008417181670665741
MaF2,2,IVFNSGAIII,NSGAIII,Best_HV,1.862645149230957e-09,0.9988888888888889,large,30,0.20756523485011696,0.20756045365675002,9.499490261077881e-08
MaF2,2,IVFNSGAII,NSGAII,AUC_IGD,2.6885420083999634e-05,0.17555555555555555,small,30,245.10775944743375,248.57500904794125,0.0002285260707139969
MaF2,2,IVFNSGAII,NSGAII,Final_IGD,0.06056523136794567,0.37666666666666665,negligible,30,0.0027166137320572504,0.00277200468656315,0.2130225379148434
MaF2,2,IVFNSGAII,NSGAII,Best_IGD,0.010598260909318924,0.31222222222222223,small,30,0.0025750820545949,0.0026070916895062,0.037276641818983804
MaF2,2,IVFNSGAII,NSGAII,AUC_HV,9.313225746154785e-09,0.9677777777777777,medium,30,18614.049551743214,18608.246220587745,2.3748725652694702e-07
MaF2,2,IVFNSGAII,NSGAII,Final_HV,0.001038169488310814,0.7411111111111112,small,30,0.20685605426627457,0.20676634674054356,0.006618330487981439
MaF2,2,IVFNSGAII,NSGAII,Best_HV,1.4193356037139893e-06,0.8522222222222222,medium,30,0.20696867758203374,0.2069038549703096,2.0681747368403842e-05
MaF2,3,IVFNSGAIII,NSGAIII,AUC_IGD,0.01283373311161995,0.28888888888888886,small,30,3224.9229524598923,3239.9475990853884,0.04090752429328859
MaF2,3,IVFNSGAIII,NSGAIII,Final_IGD,0.6120056137442589,0.4766666666666667,negligible,30,0.0359745333030978,0.0359815653190223,0.7258671232780745
MaF2,3,IVFNSGAIII,NSGAIII,Best_IGD,0.21293285302817822,0.4033333333333333,negligible,30,0.034818081876793694,0.0348486801775342,0.34624568120791366
MaF2,3,IVFNSGAIII,NSGAIII,AUC_HV,0.0635564886033535,0.6477777777777778,small,30,21428.987131331814,21413.20548523584,0.12965523675084115
MaF2,3,IVFNSGAIII,NSGAIII,Final_HV,0.8871948085725307,0.5122222222222222,negligible,30,0.23766449266645864,0.2378329103043074,0.9032264724373817
MaF2,3,IVFNSGAIII,NSGAIII,Best_HV,0.9515264742076397,0.5011111111111111,negligible,30,0.23942013508894355,0.23931441916878599,0.9705570036917925
MaF2,3,IVFNSGAII,NSGAII,AUC_IGD,0.6263462882488966,0.4633333333333333,negligible,30,4179.003468379948,4209.033626597795,0.7259922886521301
MaF2,3,IVFNSGAII,NSGAII,Final_IGD,0.5561132747679949,0.45666666666666667,negligible,30,0.04556443099379995,0.0461371148365588,0.683829116821289
MaF2,3,IVFNSGAII,NSGAII,Best_IGD,0.22064675763249397,0.42,negligible,30,0.0419317495697526,0.042119673703744254,0.34624568120791366
MaF2,3,IVFNSGAII,NSGAII,AUC_HV,2.366676926612854e-05,0.8511111111111112,medium,30,21139.00625840613,21049.123191814415,0.00014200061559677124
MaF2,3,IVFNSGAII,NSGAII,Final_HV,0.02084985189139843,0.6866666666666666,small,30,0.2358466212715043,0.23492234580271865,0.06830554929646579
MaF2,3,IVFNSGAII,NSGAII,Best_HV,0.007612137123942375,0.7555555555555555,small,30,0.23769275644558857,0.236647236333235,0.02426368708256632
MaF3,2,IVFNSGAIII,NSGAIII,AUC_IGD,0.2621222734451294,0.5488888888888889,negligible,30,575176.9795394178,460702.91561928217,0.4383028178918557
MaF3,2,IVFNSGAIII,NSGAIII,Final_IGD,7.994472980499268e-06,0.15,medium,30,0.0059987980298251,0.0065322656606685,7.413056763735685e-05
MaF3,2,IVFNSGAIII,NSGAIII,Best_IGD,7.994472980499268e-06,0.15,medium,30,0.0059987980298251,0.0065320331434665,7.413056763735685e-05
MaF3,2,IVFNSGAIII,NSGAIII,AUC_HV,0.8552717231214046,0.5288888888888889,negligible,30,53611.781540796015,53138.39368525635,0.8811890480644775
MaF3,2,IVFNSGAIII,NSGAIII,Final_HV,1.0609626770019531e-05,0.8411111111111111,medium,30,0.7198232240445563,0.7184319186490038,0.00013527274131774902
MaF3,2,IVFNSGAIII,NSGAIII,Best_HV,1.0609626770019531e-05,0.8411111111111111,medium,30,0.7198232240445563,0.7184319186490038,9.018182754516602e-05
MaF3,2,IVFNSGAII,NSGAII,AUC_IGD,0.1641840822994709,0.6288888888888889,negligible,30,269750.3076802148,240623.7668968314,0.29380309464115845
MaF3,2,IVFNSGAII,NSGAII,Final_IGD,0.10943205840885639,0.34,small,30,0.00487931608340225,0.0051799120257029,0.27083769137429636
MaF3,2,IVFNSGAII,NSGAII,Best_IGD,0.13473508320748806,0.35888888888888887,negligible,30,0.0048432264864616496,0.0050550120587988,0.2498723361302506
MaF3,2,IVFNSGAII,NSGAII,AUC_HV,0.9515264742076397,0.5711111111111111,negligible,30,56190.913312913064,53535.3800841405,0.9609475284077152
MaF3,2,IVFNSGAII,NSGAII,Final_HV,0.0635564886033535,0.6655555555555556,small,30,0.7185950331214033,0.7179657828190689,0.147335496307774
MaF3,2,IVFNSGAII,NSGAII,Best_HV,0.06056523136794567,0.6644444444444444,small,30,0.718595139231494,0.7180635730429423,0.11880103076020113
MaF3,3,IVFNSGAIII,NSGAIII,AUC_IGD,0.24494642950594425,0.5733333333333334,negligible,30,551682.5802735256,470522.9565141988,0.4164089301601052
MaF3,3,IVFNSGAIII,NSGAIII,Final_IGD,2.7623027563095093e-06,0.15666666666666668,medium,30,0.046315730596277596,0.04696051502703415,2.8175488114356995e-05
MaF3,3,IVFNSGAIII,NSGAIII,Best_IGD,1.1920928955078125e-06,0.14888888888888888,medium,30,0.0461871803916228,0.046880656614626356,1.3510386149088541e-05
MaF3,3,IVFNSGAIII,NSGAIII,AUC_HV,0.4771064817905426,0.5166666666666667,negligible,30,71588.07530820767,71463.09141276192,0.5863236282245222
MaF3,3,IVFNSGAIII,NSGAIII,Final_HV,1.3966113328933716e-05,0.8366666666666667,medium,30,0.9581228679193102,0.9574562117510261,0.00015828261772791544
MaF3,3,IVFNSGAIII,NSGAIII,Best_HV,9.220093488693237e-06,0.8511111111111112,medium,30,0.9581525706203672,0.957467547093511,8.549541234970093e-05
MaF3,3,IVFNSGAII,NSGAII,AUC_IGD,0.10943205840885639,0.6422222222222222,negligible,30,659500.1688496863,371168.8683201925,0.23254312411881983
MaF3,3,IVFNSGAII,NSGAII,Final_IGD,0.28936620615422726,0.4477777777777778,negligible,30,0.0510387833806675,0.050901937581287,0.4684976671068441
MaF3,3,IVFNSGAII,NSGAII,Best_IGD,0.17059839516878128,0.6133333333333333,negligible,30,0.0467255517425921,0.0464606419345637,0.2949328187663676
MaF3,3,IVFNSGAII,NSGAII,AUC_HV,0.140283040702343,0.35777777777777775,negligible,30,63380.126294798756,70697.18503685891,0.2307882282522417
MaF3,3,IVFNSGAII,NSGAII,Final_HV,0.5027610473334789,0.5877777777777777,negligible,30,0.9521888178942552,0.9510339023944834,0.6837550243735313
MaF3,3,IVFNSGAII,NSGAII,Best_HV,0.6701805889606476,0.4688888888888889,negligible,30,0.953873539326048,0.9544719173602223,0.7355242260584706
MaF4,2,IVFNSGAIII,NSGAIII,AUC_IGD,0.00993151031434536,0.6688888888888889,small,30,84697.10189299981,57371.01677313172,0.03376713506877422
MaF4,2,IVFNSGAIII,NSGAIII,Final_IGD,0.01453801617026329,0.2966666666666667,small,30,0.0349873963936281,0.0351683950047435,0.06740352951667525
MaF4,2,IVFNSGAIII,NSGAIII,Best_IGD,0.022098854184150696,0.3055555555555556,small,30,0.03496368648790925,0.03512380347527405,0.06092116558873976
MaF4,2,IVFNSGAIII,NSGAIII,AUC_HV,0.011303061619400978,0.3411111111111111,small,30,61414.001445330505,62071.41605485021,0.028822807129472494
MaF4,2,IVFNSGAIII,NSGAIII,Final_HV,0.0002562887966632843,0.8,small,30,0.8181862664320283,0.8178338156221818,0.001867246947118214
MaF4,2,IVFNSGAIII,NSGAIII,Best_HV,0.0004183966666460037,0.7911111111111111,small,30,0.8181862664320283,0.8178701210461368,0.002133822999894619
MaF4,2,IVFNSGAII,NSGAII,AUC_IGD,0.9838335812091827,0.5111111111111111,negligible,30,54475.51224174281,51518.17504211419,0.9838335812091827
MaF4,2,IVFNSGAII,NSGAII,Final_IGD,0.8078304156661034,0.4855555555555556,negligible,30,0.0157218027203202,0.0156517614520965,0.8860075526660489
MaF4,2,IVFNSGAII,NSGAII,Best_IGD,0.42795460671186447,0.5588888888888889,negligible,30,0.015251653452902001,0.0151986828397581,0.5743601300606602
MaF4,2,IVFNSGAII,NSGAII,AUC_HV,0.4898460879921913,0.4633333333333333,negligible,30,64395.673186197164,66530.54375739029,0.5948131068476609
MaF4,2,IVFNSGAII,NSGAII,Final_HV,0.1459994912147522,0.4022222222222222,negligible,30,0.8180702208777572,0.8181463875101916,0.27577681673897636
MaF4,2,IVFNSGAII,NSGAII,Best_HV,0.06666470877826214,0.38222222222222224,negligible,30,0.8181483548195498,0.8182786171384777,0.12592222769227293
MaF4,3,IVFNSGAIII,NSGAIII,AUC_IGD,0.370740607380867,0.5688888888888889,negligible,30,243003.88215501385,205752.55731761403,0.5402220278978348
MaF4,3,IVFNSGAIII,NSGAIII,Final_IGD,0.5291051845997572,0.4533333333333333,negligible,30,0.33746818038370974,0.33960477844927983,0.6831484661920916
MaF4,3,IVFNSGAIII,NSGAIII,Best_IGD,0.007612137123942375,0.30444444444444446,small,30,0.3157155913771599,0.32073487794187594,0.027729928094361506
MaF4,3,IVFNSGAIII,NSGAIII,AUC_HV,0.6554384250193834,0.5166666666666667,negligible,30,37602.99164505685,37650.1756996156,0.7037338879155485
MaF4,3,IVFNSGAIII,NSGAIII,Final_HV,0.005382779985666275,0.7344444444444445,small,30,0.5181857165715358,0.5144105932914036,0.024956525388089092
MaF4,3,IVFNSGAIII,NSGAIII,Best_HV,0.0050126127898693085,0.7633333333333333,small,30,0.5213278403159798,0.5167070213661191,0.01966486556025652
MaF4,3,IVFNSGAII,NSGAII,AUC_IGD,0.370740607380867,0.41555555555555557,negligible,30,177346.4116881588,198940.82880284183,0.5402220278978348
MaF4,3,IVFNSGAII,NSGAII,Final_IGD,0.935398668050766,0.48,negligible,30,0.2962187764549937,0.29607261227607373,0.9735782055222258
MaF4,3,IVFNSGAII,NSGAII,Best_IGD,0.7456546742469072,0.5133333333333333,negligible,30,0.28456231295110157,0.2857576189039025,0.8267040953607014
MaF4,3,IVFNSGAII,NSGAII,AUC_HV,0.6408254038542509,0.5788888888888889,negligible,30,37778.70427429853,37261.05496738895,0.7028407655175656
MaF4,3,IVFNSGAII,NSGAII,Final_HV,0.370740607380867,0.5655555555555556,negligible,30,0.5230934388241613,0.5218228511491729,0.5480513326499773
MaF4,3,IVFNSGAII,NSGAII,Best_HV,0.2710056286305189,0.5666666666666667,negligible,30,0.5242858283591298,0.5232584389241497,0.3786653989083963
MaF5,2,IVFNSGAIII,NSGAIII,AUC_IGD,0.4771064817905426,0.5266666666666666,negligible,30,1105.2033643327718,1104.538870422341,0.632011183670589
MaF5,2,IVFNSGAIII,NSGAIII,Final_IGD,0.0007296018302440643,0.09777777777777778,medium,30,0.0122304875256289,0.01223102565867675,0.005315670477492468
MaF5,2,IVFNSGAIII,NSGAIII,Best_IGD,0.0007296018302440643,0.09777777777777778,medium,30,0.01223048683407585,0.0122310123554767,0.003916809825520767
MaF5,2,IVFNSGAIII,NSGAIII,AUC_HV,0.6263462882488966,0.45,negligible,30,31245.671178158656,31246.1590365979,0.7020584769383236
MaF5,2,IVFNSGAIII,NSGAIII,Final_HV,0.03841841779649258,0.7655555555555555,small,30,0.34721514867462616,0.34721506410880976,0.10591023284438494
MaF5,2,IVFNSGAIII,NSGAIII,Best_HV,0.0023674946278333664,0.8277777777777777,small,30,0.3472151624388927,0.3472151041242682,0.01097656600177288
MaF5,2,IVFNSGAII,NSGAII,AUC_IGD,0.5978077705949545,0.5477777777777778,negligible,30,1413.180496297322,1408.6340310897679,0.7008780758699467
MaF5,2,IVFNSGAII,NSGAII,Final_IGD,0.3598779272288084,0.6122222222222222,negligible,30,0.0160231494856799,0.01563039830337845,0.5478738593632606
MaF5,2,IVFNSGAII,NSGAII,Best_IGD,0.8078304156661034,0.47888888888888886,negligible,30,0.014791238031164299,0.014832859186776449,0.8765819404036441
MaF5,2,IVFNSGAII,NSGAII,AUC_HV,0.17719271034002304,0.68,small,30,31194.406833165704,31188.309429830886,0.27805625314895926
MaF5,2,IVFNSGAII,NSGAII,Final_HV,0.13473508320748806,0.6255555555555555,negligible,30,0.34659850452062313,0.3464344351888292,0.25930148088988264
MaF5,2,IVFNSGAII,NSGAII,Best_HV,0.9676735773682594,0.4988888888888889,negligible,30,0.3468259079512843,0.3468059271799371,0.977254503876856
MaF5,3,IVFNSGAIII,NSGAIII,AUC_IGD,0.03841841779649258,0.6977777777777778,small,30,23433.977122279648,23418.221411159953,0.10047893885236521
MaF5,3,IVFNSGAIII,NSGAIII,Final_IGD,0.2710056286305189,0.5455555555555556,negligible,30,0.2597580896988205,0.2597744172277292,0.45315695279201523
MaF5,3,IVFNSGAIII,NSGAIII,Best_IGD,0.01453801617026329,0.7155555555555555,small,30,0.2597514948472309,0.259742665438104,0.04236793283905302
MaF5,3,IVFNSGAIII,NSGAIII,AUC_HV,0.6263462882488966,0.4988888888888889,negligible,30,50375.291746318566,50381.30582403536,0.7020584769383236
MaF5,3,IVFNSGAIII,NSGAIII,Final_HV,0.2621222734451294,0.4388888888888889,negligible,30,0.5595956297651419,0.5596037264296225,0.417757373303175
MaF5,3,IVFNSGAIII,NSGAIII,Best_HV,0.2988441474735737,0.41,negligible,30,0.559615182431064,0.5596157038557155,0.4064280405640602
MaF5,3,IVFNSGAII,NSGAII,AUC_IGD,0.6408254038542509,0.56,negligible,30,27009.707815629125,26917.853377256528,0.7262687910348177
MaF5,3,IVFNSGAII,NSGAII,Final_IGD,0.11417667381465435,0.6666666666666666,small,30,0.30320095715181294,0.29692998002350557,0.27083769137429636
MaF5,3,IVFNSGAII,NSGAII,Best_IGD,0.28936620615422726,0.5566666666666666,negligible,30,0.28512077476238534,0.28336816350381117,0.4099354587184886
MaF5,3,IVFNSGAII,NSGAII,AUC_HV,0.685047073289752,0.5222222222222223,negligible,30,48114.37291021306,48084.69176344712,0.7278625153703615
MaF5,3,IVFNSGAII,NSGAII,Final_HV,0.6701805889606476,0.5677777777777778,negligible,30,0.5354742221137279,0.5348262493063194,0.7846522856462788
MaF5,3,IVFNSGAII,NSGAII,Best_HV,0.4521643426269293,0.59,negligible,30,0.540084041412606,0.539471822573651,0.5765095368493348
MaF6,2,IVFNSGAIII,NSGAIII,AUC_IGD,0.31839608028531075,0.58,negligible,30,377.768423299539,375.45063837145176,0.49963692598618
MaF6,2,IVFNSGAIII,NSGAIII,Final_IGD,1.862645149230957e-09,0.0,large,30,0.0039658814126353,0.0039660811795808,3.799796104431152e-08
MaF6,2,IVFNSGAIII,NSGAIII,Best_IGD,1.862645149230957e-09,0.0,large,30,0.0039658814126353,0.0039660811795808,2.71414007459368e-08
MaF6,2,IVFNSGAIII,NSGAIII,AUC_HV,0.28008678182959557,0.6055555555555555,negligible,30,31226.29060982086,31222.94869155821,0.3809180232882499
MaF6,2,IVFNSGAIII,NSGAIII,Final_HV,3.453157842159271e-05,0.8733333333333333,medium,30,0.34721508885451746,0.3472144578757774,0.00035222209990024564
MaF6,2,IVFNSGAIII,NSGAIII,Best_HV,3.904104232788086e-05,0.8688888888888889,medium,30,0.34721508885451746,0.3472144578757774,0.0002844418798174177
MaF6,2,IVFNSGAII,NSGAII,AUC_IGD,0.0020201820880174637,0.31777777777777777,small,30,453.752889115058,457.34317208602806,0.008959068390338318
MaF6,2,IVFNSGAII,NSGAII,Final_IGD,0.7000329215079546,0.5244444444444445,negligible,30,0.0050293843795893994,0.005023817073885099,0.7933706443756819
MaF6,2,IVFNSGAII,NSGAII,Best_IGD,0.8871948085725307,0.4911111111111111,negligible,30,0.00477329089889765,0.0047738680400031,0.9140794997413954
MaF6,2,IVFNSGAII,NSGAII,AUC_HV,1.597777009010315e-05,0.8166666666666667,small,30,31218.20268471897,31209.789812802694,0.00011640946779932294
MaF6,2,IVFNSGAII,NSGAII,Final_HV,0.5698575973510742,0.5633333333333334,negligible,30,0.3470559556972094,0.34705148302035954,0.717598455923575
MaF6,2,IVFNSGAII,NSGAII,Best_HV,0.008705463260412216,0.68,small,30,0.34719062590619554,0.3471618821444829,0.026907795532183212
MaF6,3,IVFNSGAIII,NSGAIII,AUC_IGD,3.5390257835388184e-08,0.8755555555555555,medium,30,1434.6460228974472,1347.4017265683492,1.8049031496047974e-06
MaF6,3,IVFNSGAIII,NSGAIII,Final_IGD,0.6554384250193834,0.48444444444444446,negligible,30,0.0150425254671798,0.01568062430432985,0.751176621932327
MaF6,3,IVFNSGAIII,NSGAIII,Best_IGD,0.0006665531545877457,0.6977777777777778,small,30,0.012585822485475101,0.0117783239592158,0.003777134542663892
MaF6,3,IVFNSGAIII,NSGAIII,AUC_HV,0.010598260909318924,0.3055555555555556,small,30,17348.1778033515,17376.332989507042,0.02771852853206488
MaF6,3,IVFNSGAIII,NSGAIII,Final_HV,0.6263462882488966,0.5522222222222222,negligible,30,0.19274410990183635,0.19257299972161265,0.769726763872138
MaF6,3,IVFNSGAIII,NSGAIII,Best_HV,0.01453801617026329,0.36333333333333334,negligible,30,0.19435490096461017,0.1945901216861537,0.03902309603596989
MaF6,3,IVFNSGAII,NSGAII,AUC_IGD,0.7303419969975948,0.4688888888888889,negligible,30,476.0834941132715,477.03875917913797,0.8097269966712465
MaF6,3,IVFNSGAII,NSGAII,Final_IGD,0.5698575973510742,0.4311111111111111,negligible,30,0.00531270764937255,0.0053202254529363,0.683829116821289
MaF6,3,IVFNSGAII,NSGAII,Best_IGD,0.871207794174552,0.4988888888888889,negligible,30,0.004963944259859901,0.0049591865019637995,0.9140794997413954
MaF6,3,IVFNSGAII,NSGAII,AUC_HV,0.15188691951334476,0.6333333333333333,negligible,30,17967.26540959569,17964.972371639207,0.24591215540255817
MaF6,3,IVFNSGAII,NSGAII,Final_HV,0.09610157273709774,0.6544444444444445,small,30,0.19979191639866228,0.1997450132057397,0.1960472083836794
MaF6,3,IVFNSGAII,NSGAII,Best_HV,0.6120056137442589,0.5311111111111111,negligible,30,0.1999220347128286,0.19990465376359629,0.7093701432035727
MaF7,2,IVFNSGAIII,NSGAIII,AUC_IGD,2.366676926612854e-05,0.8277777777777777,small,30,495.546067794593,479.413596136201,0.00021945549683137372
MaF7,2,IVFNSGAIII,NSGAIII,Final_IGD,0.018529480323195457,0.33555555555555555,small,30,0.0050405620910281505,0.0050737700936544505,0.07269257665253603
MaF7,2,IVFNSGAIII,NSGAIII,Best_IGD,0.22064675763249397,0.6155555555555555,negligible,30,0.004951534278509,0.00493041983292035,0.34624568120791366
MaF7,2,IVFNSGAIII,NSGAIII,AUC_HV,2.366676926612854e-05,0.16,medium,30,21819.490760216337,21831.2546599809,0.00014200061559677124
MaF7,2,IVFNSGAIII,NSGAIII,Final_HV,0.00993151031434536,0.6822222222222222,small,30,0.24281809774020935,0.2428082812641091,0.04220891883596778
MaF7,2,IVFNSGAIII,NSGAIII,Best_HV,0.23665234446525574,0.3977777777777778,negligible,30,0.24283224209168755,0.242841217064801,0.34483627336365835
MaF7,2,IVFNSGAII,NSGAII,AUC_IGD,0.0021877754479646683,0.75,small,30,491.79922191451675,486.34370808712777,0.00929804565384984
MaF7,2,IVFNSGAII,NSGAII,Final_IGD,0.0635564886033535,0.6366666666666667,negligible,30,0.00546102582834145,0.00533510323564745,0.2160920612514019
MaF7,2,IVFNSGAII,NSGAII,Best_IGD,0.5158484429121017,0.5477777777777778,negligible,30,0.0050638651981061,0.0050452876598003505,0.6577067647129298
MaF7,2,IVFNSGAII,NSGAII,AUC_HV,0.21293285302817822,0.45,negligible,30,21834.451694354015,21834.356531478596,0.31477030447643733
MaF7,2,IVFNSGAII,NSGAII,Final_HV,0.17719271034002304,0.4011111111111111,negligible,30,0.24267756526266404,0.24269793345756874,0.3227438652621848
MaF7,2,IVFNSGAII,NSGAII,Best_HV,0.31839608028531075,0.43555555555555553,negligible,30,0.24277993522822439,0.24278509575831725,0.42177143102729475
MaF7,3,IVFNSGAIII,NSGAIII,AUC_IGD,2.366676926612854e-05,0.8155555555555556,small,30,7176.214781492199,6980.94190296651,0.00021945549683137372
MaF7,3,IVFNSGAIII,NSGAIII,Final_IGD,0.5158484429121017,0.43444444444444447,negligible,30,0.07707450227892679,0.07715833975814146,0.6831484661920916
MaF7,3,IVFNSGAIII,NSGAIII,Best_IGD,0.034536734223365784,0.6288888888888889,negligible,30,0.0727539189739908,0.07152366756167661,0.09032684335341822
MaF7,3,IVFNSGAIII,NSGAIII,AUC_HV,1.0244548320770264e-07,0.07111111111111111,medium,30,23948.985506942456,24096.943954130882,1.7415732145309448e-06
MaF7,3,IVFNSGAIII,NSGAIII,Final_HV,0.5425279382616282,0.4444444444444444,negligible,30,0.2685845299319771,0.26902508341316234,0.717598455923575
MaF7,3,IVFNSGAIII,NSGAIII,Best_HV,0.0027663204818964005,0.27555555555555555,small,30,0.2707544967273151,0.27168910251874867,0.012268029963192732
MaF7,3,IVFNSGAII,NSGAII,AUC_IGD,0.15794767439365387,0.6033333333333334,negligible,30,7024.262815473771,6994.1325782093445,0.29380309464115845
MaF7,3,IVFNSGAII,NSGAII,Final_IGD,0.7456546742469072,0.4922222222222222,negligible,30,0.0774746754515051,0.07823286347664014,0.8357887557492806
MaF7,3,IVFNSGAII,NSGAII,Best_IGD,0.7456546742469072,0.5422222222222223,negligible,30,0.07110522908295805,0.07099126778424986,0.8267040953607014
MaF7,3,IVFNSGAII,NSGAII,AUC_HV,0.03841841779649258,0.7144444444444444,small,30,24061.951420649595,24012.592339828647,0.08337614074983496
MaF7,3,IVFNSGAII,NSGAII,Final_HV,0.8235769439488649,0.5433333333333333,negligible,30,0.26835139873324476,0.26782726435617976,0.8660293637400436
MaF7,3,IVFNSGAII,NSGAII,Best_HV,0.001038169488310814,0.7388888888888889,small,30,0.2712534543504218,0.27059479190871133,0.005042537514652525
WFG1,2,IVFNSGAIII,NSGAIII,AUC_IGD,0.17719271034002304,0.5944444444444444,negligible,30,13516.574378205016,12525.313660051694,0.31161476646004055
WFG1,2,IVFNSGAIII,NSGAIII,Final_IGD,0.10943205840885639,0.5822222222222222,negligible,30,0.09725139722017184,0.08997286189720895,0.27083769137429636
WFG1,2,IVFNSGAIII,NSGAIII,Best_IGD,0.11907656863331795,0.5788888888888889,negligible,30,0.09725139722017184,0.08997286189720895,0.22916622642638546
WFG1,2,IVFNSGAIII,NSGAIII,AUC_HV,0.0803273618221283,0.37777777777777777,negligible,30,57057.880338216855,57467.99429331136,0.1575652097280209
WFG1,2,IVFNSGAIII,NSGAIII,Final_HV,0.15794767439365387,0.41333333333333333,negligible,30,0.668511012902681,0.6711042087835369,0.29292114160277627
WFG1,2,IVFNSGAIII,NSGAIII,Best_HV,0.140283040702343,0.41333333333333333,negligible,30,0.668511012902681,0.6711042087835369,0.21680106290362097
WFG1,2,IVFNSGAII,NSGAII,AUC_IGD,1.862645149230957e-09,0.0,large,30,2422.453544470529,5996.776516747444,1.8998980522155762e-07
WFG1,2,IVFNSGAII,NSGAII,Final_IGD,4.7124922275543213e-07,0.09888888888888889,medium,30,0.01813387653282325,0.02050772414470865,6.00842759013176e-06
WFG1,2,IVFNSGAII,NSGAII,Best_IGD,1.862645149230957e-09,0.0044444444444444444,large,30,0.017021226546031297,0.02050772414470865,2.71414007459368e-08
WFG1,2,IVFNSGAII,NSGAII,AUC_HV,1.862645149230957e-09,1.0,large,30,62096.52878088673,60518.78306038041,6.332993507385254e-08
WFG1,2,IVFNSGAII,NSGAII,Final_HV,1.30385160446167e-08,0.9533333333333334,medium,30,0.6947265363732968,0.693084621396634,6.649643182754517e-07
WFG1,2,IVFNSGAII,NSGAII,Best_HV,1.862645149230957e-09,1.0,large,30,0.6950720497194718,0.693084621396634,9.499490261077881e-08
WFG1,3,IVFNSGAIII,NSGAIII,AUC_IGD,0.03272089920938015,0.6755555555555556,small,30,19570.650286901306,18735.47548398414,0.0878297820883362
WFG1,3,IVFNSGAIII,NSGAIII,Final_IGD,0.06666470877826214,0.6022222222222222,negligible,30,0.14822488957280328,0.14807084432823736,0.21934839662524963
WFG1,3,IVFNSGAIII,NSGAIII,Best_IGD,0.0635564886033535,0.6188888888888889,negligible,30,0.14796821491110324,0.14742642536863076,0.15811614237907456
WFG1,3,IVFNSGAIII,NSGAIII,AUC_HV,0.0027663204818964005,0.26666666666666666,small,30,81818.92231206343,82228.35824918302,0.008817646536044776
WFG1,3,IVFNSGAIII,NSGAIII,Final_HV,0.01453801617026329,0.31555555555555553,small,30,0.9429145978030158,0.9434269145742704,0.052959916048816266
WFG1,3,IVFNSGAIII,NSGAIII,Best_HV,0.00577649287879467,0.31444444444444447,small,30,0.9431958448587172,0.9435716356002837,0.02031731978058815
WFG1,3,IVFNSGAII,NSGAII,AUC_IGD,0.06056523136794567,0.34,small,30,21736.39620298933,22338.728432136526,0.14040121817114679
WFG1,3,IVFNSGAII,NSGAII,Final_IGD,0.009301122277975082,0.7033333333333334,small,30,0.23350882398122097,0.22184410540312194,0.04743572361767292
WFG1,3,IVFNSGAII,NSGAII,Best_IGD,0.0005054883658885956,0.7733333333333333,small,30,0.2126249107226283,0.20764342697442545,0.003222488332539797
WFG1,3,IVFNSGAII,NSGAII,AUC_HV,8.009374141693115e-08,0.9711111111111111,medium,30,82832.92009818801,82104.5317824705,1.6339123249053956e-06
WFG1,3,IVFNSGAII,NSGAII,Final_HV,0.7303419969975948,0.47444444444444445,negligible,30,0.9299170021257968,0.930376878469388,0.8010202547715557
WFG1,3,IVFNSGAII,NSGAII,Best_HV,0.10943205840885639,0.5966666666666667,negligible,30,0.9350412956347111,0.9337451196091684,0.17717571361433893
WFG2,2,IVFNSGAIII,NSGAIII,AUC_IGD,0.015460003167390823,0.3488888888888889,small,30,1297.2371181247886,1311.762650812763,0.04638000950217247
WFG2,2,IVFNSGAIII,NSGAIII,Final_IGD,0.5698575973510742,0.48444444444444446,negligible,30,0.01393081316440385,0.01391687131393945,0.683829116821289
WFG2,2,IVFNSGAIII,NSGAIII,Best_IGD,0.0050126127898693085,0.32555555555555554,small,30,0.0133273896600216,0.01347640956161585,0.018936537206172943
WFG2,2,IVFNSGAIII,NSGAIII,AUC_HV,0.0001528710126876831,0.8466666666666667,medium,30,56865.414124785464,56823.38687423587,0.0007796421647071839
WFG2,2,IVFNSGAIII,NSGAIII,Final_HV,3.1478703022003174e-07,0.8922222222222222,medium,30,0.6326755177724677,0.6322853062873091,5.3513795137405396e-06
WFG2,2,IVFNSGAIII,NSGAIII,Best_HV,4.7124922275543213e-07,0.9122222222222223,medium,30,0.6329329288015673,0.6325029850748037,1.201685518026352e-05
WFG2,2,IVFNSGAII,NSGAII,AUC_IGD,0.001718590036034584,0.8177777777777778,small,30,1241.5389350407204,1194.5857033659995,0.007968008348887617
WFG2,2,IVFNSGAII,NSGAII,Final_IGD,0.007111456245183945,0.7,small,30,0.01323741406521075,0.0128952762255467,0.038177291421513805
WFG2,2,IVFNSGAII,NSGAII,Best_IGD,0.00012333691120147705,0.8011111111111111,small,30,0.0127925251090585,0.0124410490703288,0.0009677203801962046
WFG2,2,IVFNSGAII,NSGAII,AUC_HV,0.0011314544826745987,0.2111111111111111,small,30,56843.82715550458,56904.32704805895,0.004121727044028895
WFG2,2,IVFNSGAII,NSGAII,Final_HV,4.4075772166252136e-05,0.2,small,30,0.6323764281560327,0.6328904298540571,0.0004087026146325198
WFG2,2,IVFNSGAII,NSGAII,Best_HV,0.00011058151721954346,0.19777777777777777,small,30,0.6324377290091991,0.6329631043954849,0.0007049571722745895
WFG2,3,IVFNSGAIII,NSGAIII,AUC_IGD,0.4898460879921913,0.4088888888888889,negligible,30,14764.989340164537,14779.250464051594,0.6324595060152344
WFG2,3,IVFNSGAIII,NSGAIII,Final_IGD,0.8078304156661034,0.4711111111111111,negligible,30,0.1644808222367961,0.16475953705354796,0.8860075526660489
WFG2,3,IVFNSGAIII,NSGAIII,Best_IGD,0.11417667381465435,0.3622222222222222,negligible,30,0.16139438037658815,0.16179045030657405,0.22396193709797585
WFG2,3,IVFNSGAIII,NSGAIII,AUC_HV,0.09194962680339813,0.6355555555555555,negligible,30,83673.09015483673,83629.07630577059,0.16747967739190373
WFG2,3,IVFNSGAIII,NSGAIII,Final_HV,0.24494642950594425,0.43777777777777777,negligible,30,0.9312861772616066,0.9313651804750902,0.3965799334858145
WFG2,3,IVFNSGAIII,NSGAIII,Best_HV,0.6554384250193834,0.43333333333333335,negligible,30,0.9318352634241337,0.9319390462437647,0.7346672456261221
WFG2,3,IVFNSGAII,NSGAII,AUC_IGD,0.0032229889184236526,0.7477777777777778,small,30,20292.606421991022,19939.737256489003,0.013149794787168503
WFG2,3,IVFNSGAII,NSGAII,Final_IGD,0.09610157273709774,0.6433333333333333,negligible,30,0.2253121406132788,0.21843652924085005,0.2649286599779451
WFG2,3,IVFNSGAII,NSGAII,Best_IGD,0.0803273618221283,0.6288888888888889,negligible,30,0.20699093230632334,0.20414919566935666,0.17811719360558884
WFG2,3,IVFNSGAII,NSGAII,AUC_HV,0.11907656863331795,0.38222222222222224,negligible,30,82562.6384220089,82612.24447226571,0.20243016667664052
WFG2,3,IVFNSGAII,NSGAII,Final_HV,0.07324407435953617,0.38333333333333336,negligible,30,0.9195194425330139,0.9205143255137553,0.16241077357984107
WFG2,3,IVFNSGAII,NSGAII,Best_HV,1.0,0.48444444444444446,negligible,30,0.9224273353328603,0.9227377453244785,1.0
WFG3,2,IVFNSGAIII,NSGAIII,AUC_IGD,0.6408254038542509,0.5033333333333333,negligible,30,1127.177698580582,1127.682800533899,0.7262687910348177
WFG3,2,IVFNSGAIII,NSGAIII,Final_IGD,0.016431212425231934,0.31222222222222223,small,30,0.01132071761216705,0.0113425980134316,0.07121096804738045
WFG3,2,IVFNSGAIII,NSGAIII,Best_IGD,0.016431212425231934,0.31222222222222223,small,30,0.01132071761216705,0.0113425980134316,0.04655510187149048
WFG3,2,IVFNSGAIII,NSGAIII,AUC_HV,0.4161298982799053,0.5822222222222222,negligible,30,52296.84210091344,52281.593746907034,0.537281640817093
WFG3,2,IVFNSGAIII,NSGAIII,Final_HV,0.01453801617026329,0.6833333333333333,small,30,0.5823501329220049,0.5822540313857585,0.052959916048816266
WFG3,2,IVFNSGAIII,NSGAIII,Best_HV,0.01453801617026329,0.6833333333333333,small,30,0.5823501329220049,0.5822540313857585,0.03902309603596989
WFG3,2,IVFNSGAII,NSGAII,AUC_IGD,0.0006084088236093521,0.7566666666666667,small,30,1458.324108993943,1391.0118008876998,0.003447650000452995
WFG3,2,IVFNSGAII,NSGAII,Final_IGD,0.46454504504799843,0.5777777777777777,negligible,30,0.0145799749386997,0.01443967532459825,0.6490903369163814
WFG3,2,IVFNSGAII,NSGAII,Best_IGD,0.24494642950594425,0.5933333333333334,negligible,30,0.0141867570585005,0.01412259296045165,0.3692926106176206
WFG3,2,IVFNSGAII,NSGAII,AUC_HV,0.0004183966666460037,0.23555555555555555,small,30,52086.98598098042,52156.0798164328,0.0017070583999156952
WFG3,2,IVFNSGAII,NSGAII,Final_HV,0.017453668639063835,0.2866666666666667,small,30,0.5802299198489738,0.5805362570796954,0.05934247337281704
WFG3,2,IVFNSGAII,NSGAII,Best_HV,0.012047622352838516,0.2722222222222222,small,30,0.5803488808751551,0.5806667260290554,0.03511021371398653
WFG3,3,IVFNSGAIII,NSGAIII,AUC_IGD,0.9192965272814035,0.4855555555555556,negligible,30,10657.190479479334,10628.120326998707,0.9666829462134346
WFG3,3,IVFNSGAIII,NSGAIII,Final_IGD,0.9676735773682594,0.48,negligible,30,0.10569325791138605,0.1058570678914655,0.977254503876856
WFG3,3,IVFNSGAIII,NSGAIII,Best_IGD,0.9032264724373817,0.5033333333333333,negligible,30,0.1000085581616707,0.09871285756587975,0.9212910018861294
WFG3,3,IVFNSGAIII,NSGAIII,AUC_HV,0.5158484429121017,0.4766666666666667,negligible,30,34110.36955650107,34144.42025229566,0.6190181314945221
WFG3,3,IVFNSGAIII,NSGAIII,Final_HV,0.3492113798856735,0.4533333333333333,negligible,30,0.387030040461538,0.386887071799089,0.5316352350498313
WFG3,3,IVFNSGAIII,NSGAIII,Best_HV,0.24494642950594425,0.3977777777777778,negligible,30,0.38754070467873336,0.38878257377529013,0.3518948705578354
WFG3,3,IVFNSGAII,NSGAII,AUC_IGD,0.00577649287879467,0.28444444444444444,small,30,8593.48596753832,8949.864863435114,0.021822306431002088
WFG3,3,IVFNSGAII,NSGAII,Final_IGD,0.5158484429121017,0.5444444444444444,negligible,30,0.0942328537858651,0.09221778834449065,0.6831484661920916
WFG3,3,IVFNSGAII,NSGAII,Best_IGD,0.013663241639733315,0.31555555555555553,small,30,0.0711998760869602,0.07729305450205995,0.04236793283905302
WFG3,3,IVFNSGAII,NSGAII,AUC_HV,0.0023674946278333664,0.7511111111111111,small,30,35827.8280478788,35711.247905655546,0.007789821033516238
WFG3,3,IVFNSGAII,NSGAII,Final_HV,0.6263462882488966,0.5511111111111111,negligible,30,0.40162944515566973,0.4008388807832378,0.769726763872138
WFG3,3,IVFNSGAII,NSGAII,Best_HV,0.019660815596580505,0.69,small,30,0.4049295814801668,0.40383022888952763,0.05013507977128029
WFG4,2,IVFNSGAIII,NSGAIII,AUC_IGD,0.007612137123942375,0.67,small,30,1204.4394780486487,1197.1169894056316,0.027729928094361506
WFG4,2,IVFNSGAIII,NSGAIII,Final_IGD,0.935398668050766,0.41444444444444445,negligible,30,0.012232473607895401,0.012232616422874851,0.9735782055222258
WFG4,2,IVFNSGAIII,NSGAIII,Best_IGD,0.8393927440047264,0.45444444444444443,negligible,30,0.012232473607895401,0.0122324939431377,0.9012427356682325
WFG4,2,IVFNSGAIII,NSGAIII,AUC_HV,0.0006084088236093521,0.21888888888888888,small,30,31164.943142518565,31177.59360334844,0.00229843333363533
WFG4,2,IVFNSGAIII,NSGAIII,Final_HV,0.011303061619400978,0.2777777777777778,small,30,0.3472073285507975,0.34721352099766256,0.04611649140715599
WFG4,2,IVFNSGAIII,NSGAIII,Best_HV,0.011303061619400978,0.2677777777777778,small,30,0.3472073285507975,0.34721367913045564,0.033909184858202934
WFG4,2,IVFNSGAII,NSGAII,AUC_IGD,0.0004183966666460037,0.21333333333333335,small,30,1393.3753324580182,1413.7625495154323,0.0026672787498682737
WFG4,2,IVFNSGAII,NSGAII,Final_IGD,0.3492113798856735,0.4388888888888889,negligible,30,0.01517210290981985,0.015232928469814451,0.5478738593632606
WFG4,2,IVFNSGAII,NSGAII,Best_IGD,0.034536734223365784,0.31666666666666665,small,30,0.01453281848874835,0.014691770847803699,0.09032684335341822
WFG4,2,IVFNSGAII,NSGAII,AUC_HV,9.98377799987793e-07,0.9166666666666666,medium,30,31160.673492874666,31133.10433202723,1.272931694984436e-05
WFG4,2,IVFNSGAII,NSGAII,Final_HV,0.0032229889184236526,0.7466666666666667,small,30,0.34668116381381286,0.3465080388509651,0.017302361562063818
WFG4,2,IVFNSGAII,NSGAII,Best_HV,0.00020912662148475647,0.7877777777777778,small,30,0.3468381793951859,0.34665652310005596,0.001122679757444482
WFG4,3,IVFNSGAIII,NSGAIII,AUC_IGD,0.0014574769884347916,0.7311111111111112,small,30,20001.83752976226,19990.377998159223,0.007433132641017437
WFG4,3,IVFNSGAIII,NSGAIII,Final_IGD,0.9676735773682594,0.5022222222222222,negligible,30,0.22093086410299467,0.22092809884264908,0.977254503876856
WFG4,3,IVFNSGAIII,NSGAIII,Best_IGD,0.5698575973510742,0.5611111111111111,negligible,30,0.2208838413443476,0.220875372824815,0.7088472552415801
WFG4,3,IVFNSGAIII,NSGAIII,AUC_HV,0.008705463260412216,0.31,small,30,49882.25280756592,49917.24233368361,0.023367296120053845
WFG4,3,IVFNSGAIII,NSGAIII,Final_HV,0.07672121562063694,0.3111111111111111,small,30,0.5589054395850545,0.5589971317610377,0.16650136155968018
WFG4,3,IVFNSGAIII,NSGAIII,Best_HV,0.08793856762349606,0.31555555555555553,small,30,0.5589054395850545,0.5589971317610377,0.15202938809485758
WFG4,3,IVFNSGAII,NSGAII,AUC_IGD,0.00013739429414272308,0.22111111111111112,small,30,24058.596578816876,24369.574537241995,0.0010010155716112681
WFG4,3,IVFNSGAII,NSGAII,Final_IGD,0.5698575973510742,0.4311111111111111,negligible,30,0.2640004242075247,0.2652504431163756,0.683829116821289
WFG4,3,IVFNSGAII,NSGAII,Best_IGD,0.01453801617026329,0.31777777777777777,small,30,0.253989853128218,0.25724026092982344,0.04236793283905302
WFG4,3,IVFNSGAII,NSGAII,AUC_HV,1.862645149230957e-09,0.9522222222222222,medium,30,47164.54568510105,46715.104286570524,6.332993507385254e-08
WFG4,3,IVFNSGAII,NSGAII,Final_HV,0.04048972204327583,0.6844444444444444,small,30,0.5270303792764531,0.5238097635571852,0.10868293811616145
WFG4,3,IVFNSGAII,NSGAII,Best_HV,9.98377799987793e-07,0.8911111111111111,medium,30,0.5312316723208406,0.5273495956399236,2.0265579223632812e-05
WFG5,2,IVFNSGAIII,NSGAIII,AUC_IGD,0.370740607380867,0.5411111111111111,negligible,30,5763.191393790787,5753.005704899371,0.5402220278978348
WFG5,2,IVFNSGAIII,NSGAIII,Final_IGD,1.0,0.58,negligible,30,0.06337149012799184,0.06336994243206026,1.0
WFG5,2,IVFNSGAIII,NSGAIII,Best_IGD,0.7456546742469072,0.5655555555555556,negligible,30,0.0633713096918178,0.06336994243206026,0.8267040953607014
WFG5,2,IVFNSGAIII,NSGAIII,AUC_HV,0.20540969260036945,0.43666666666666665,negligible,30,28130.564704303673,28149.83359726634,0.31477030447643733
WFG5,2,IVFNSGAIII,NSGAIII,Final_HV,0.7000329215079546,0.43,negligible,30,0.3133736311166976,0.31337735246057363,0.7846522856462788
WFG5,2,IVFNSGAIII,NSGAIII,Best_HV,0.6408254038542509,0.4477777777777778,negligible,30,0.3133736311166976,0.31337736031752006,0.7262687910348177
WFG5,2,IVFNSGAII,NSGAII,AUC_IGD,0.024786051362752914,0.34,small,30,5881.727927305379,5888.605655042395,0.07223363540002278
WFG5,2,IVFNSGAII,NSGAII,Final_IGD,0.13473508320748806,0.4122222222222222,negligible,30,0.06526074474515385,0.06540536546023659,0.3123404201628132
WFG5,2,IVFNSGAII,NSGAII,Best_IGD,0.08793856762349606,0.3711111111111111,negligible,30,0.06474708051494815,0.06482870360089091,0.19084540207652337
WFG5,2,IVFNSGAII,NSGAII,AUC_HV,0.00013739429414272308,0.8266666666666667,small,30,28156.348483879374,28143.844351341668,0.0007375904211872502
WFG5,2,IVFNSGAII,NSGAII,Final_HV,0.4771064817905426,0.5355555555555556,negligible,30,0.3128198670321404,0.31280026150008644,0.6576332586842615
WFG5,2,IVFNSGAII,NSGAII,Best_HV,0.044907208532094955,0.6588888888888889,small,30,0.31311698225606266,0.313079967899436,0.09745819723986565
WFG5,3,IVFNSGAIII,NSGAIII,AUC_IGD,0.0005054883658885956,0.8266666666666667,small,30,20787.83382948127,20762.38505012978,0.0030329301953315735
WFG5,3,IVFNSGAIII,NSGAIII,Final_IGD,0.21293285302817822,0.44333333333333336,negligible,30,0.2298827573733389,0.2298838637100314,0.4022065001643366
WFG5,3,IVFNSGAIII,NSGAIII,Best_IGD,0.22064675763249397,0.44666666666666666,negligible,30,0.229852526796469,0.2298568180210216,0.34624568120791366
WFG5,3,IVFNSGAIII,NSGAIII,AUC_HV,0.03841841779649258,0.31777777777777777,small,30,46589.786765669545,46619.616913517166,0.08337614074983496
WFG5,3,IVFNSGAIII,NSGAIII,Final_HV,0.685047073289752,0.44,negligible,30,0.5184351902797271,0.5184368267165629,0.7846522856462788
WFG5,3,IVFNSGAIII,NSGAIII,Best_HV,0.4521643426269293,0.42444444444444446,negligible,30,0.5184354648238689,0.5184381451058993,0.5765095368493348
WFG5,3,IVFNSGAII,NSGAII,AUC_IGD,0.4521643426269293,0.5711111111111111,negligible,30,25337.252789516897,25179.90670260422,0.6149435059726238
WFG5,3,IVFNSGAII,NSGAII,Final_IGD,0.28936620615422726,0.4077777777777778,negligible,30,0.2784208076921092,0.2815513089861012,0.4684976671068441
WFG5,3,IVFNSGAII,NSGAII,Best_IGD,0.3284698575735092,0.5811111111111111,negligible,30,0.2671560093362738,0.26637288550236904,0.4527557496283506
WFG5,3,IVFNSGAII,NSGAII,AUC_HV,0.00046010687947273254,0.7811111111111111,small,30,44336.225031143185,44168.80845603404,0.0018050346810084125
WFG5,3,IVFNSGAII,NSGAII,Final_HV,0.09194962680339813,0.64,negligible,30,0.4953898141096894,0.49269309818349455,0.19140534559074712
WFG5,3,IVFNSGAII,NSGAII,Best_HV,0.052263347432017326,0.66,small,30,0.4986300576887832,0.49719355342530336,0.10661722876131535
WFG6,2,IVFNSGAIII,NSGAIII,AUC_IGD,0.004031794145703316,0.30777777777777776,small,30,6615.022747885283,8012.067809402325,0.015817038571605317
WFG6,2,IVFNSGAIII,NSGAIII,Final_IGD,0.00466480478644371,0.31222222222222223,small,30,0.0717330776791116,0.0872921317759421,0.029738130513578653
WFG6,2,IVFNSGAIII,NSGAIII,Best_IGD,0.00466480478644371,0.31222222222222223,small,30,0.0717330776791116,0.0872921317759421,0.018936537206172943
WFG6,2,IVFNSGAIII,NSGAIII,AUC_HV,0.004031794145703316,0.6922222222222222,small,30,27701.869888584646,26933.766388134358,0.012095382437109947
WFG6,2,IVFNSGAIII,NSGAIII,Final_HV,0.004338232800364494,0.6877777777777778,small,30,0.30873409666013163,0.30017169248964864,0.02107141645891326
WFG6,2,IVFNSGAIII,NSGAIII,Best_HV,0.004338232800364494,0.6877777777777778,small,30,0.30873409666013163,0.30017169248964864,0.017699989825487136
WFG6,2,IVFNSGAII,NSGAII,AUC_IGD,0.5561132747679949,0.5444444444444444,negligible,30,8286.836639999266,7803.964779706402,0.6673359297215938
WFG6,2,IVFNSGAII,NSGAII,Final_IGD,0.46454504504799843,0.5511111111111111,negligible,30,0.09173679389398176,0.08552090327270004,0.6490903369163814
WFG6,2,IVFNSGAII,NSGAII,Best_IGD,0.4521643426269293,0.55,negligible,30,0.0912587550806925,0.08542621105747339,0.5989709473759323
WFG6,2,IVFNSGAII,NSGAII,AUC_HV,0.5425279382616282,0.45444444444444443,negligible,30,26799.892396635354,27076.641463518186,0.6434633686358846
WFG6,2,IVFNSGAII,NSGAII,Final_HV,0.46454504504799843,0.4477777777777778,negligible,30,0.29787763186294147,0.30152734188470276,0.6490903369163814
WFG6,2,IVFNSGAII,NSGAII,Best_HV,0.4771064817905426,0.4488888888888889,negligible,30,0.2982779262730878,0.3016094053195598,0.60080075484735
WFG6,3,IVFNSGAIII,NSGAIII,AUC_IGD,5.973502993583679e-06,0.22555555555555556,small,30,21224.94136562213,21882.826188647396,8.704247219221932e-05
WFG6,3,IVFNSGAIII,NSGAIII,Final_IGD,1.4193356037139893e-06,0.20777777777777778,small,30,0.23178447808096309,0.23805717679337518,1.6085803508758545e-05
WFG6,3,IVFNSGAIII,NSGAIII,Best_IGD,1.4193356037139893e-06,0.20777777777777778,small,30,0.23178447808096309,0.23805717679337518,1.4477223157882691e-05
WFG6,3,IVFNSGAIII,NSGAIII,AUC_HV,2.7623027563095093e-06,0.7777777777777778,small,30,46057.8270743879,45113.37183243849,2.5614080103960902e-05
WFG6,3,IVFNSGAIII,NSGAIII,Final_HV,1.6838312149047852e-06,0.7933333333333333,small,30,0.5151779524770288,0.5054230308341574,2.4535826274326867e-05
WFG6,3,IVFNSGAIII,NSGAIII,Best_HV,1.6838312149047852e-06,0.7933333333333333,small,30,0.5151779524770288,0.5054230308341574,2.146884799003601e-05
WFG6,3,IVFNSGAII,NSGAII,AUC_IGD,0.5425279382616282,0.46111111111111114,negligible,30,27389.631702070674,27588.318477468398,0.658783925031977
WFG6,3,IVFNSGAII,NSGAII,Final_IGD,0.20540969260036945,0.6122222222222222,negligible,30,0.308034519680709,0.2975196905029453,0.39531676689127704
WFG6,3,IVFNSGAII,NSGAII,Best_IGD,0.9515264742076397,0.5066666666666667,negligible,30,0.2915962382332219,0.29108376382526524,0.9609475284077152
WFG6,3,IVFNSGAII,NSGAII,AUC_HV,0.5561132747679949,0.5388888888888889,negligible,30,42690.16847457278,42448.21766221919,0.651994873865925
WFG6,3,IVFNSGAII,NSGAII,Final_HV,0.6554384250193834,0.47333333333333333,negligible,30,0.47217482663102384,0.47767242643705915,0.7846522856462788
WFG6,3,IVFNSGAII,NSGAII,Best_HV,0.935398668050766,0.5066666666666667,negligible,30,0.48052738151949703,0.482147689360949,0.9637440822341226
WFG7,2,IVFNSGAIII,NSGAIII,AUC_IGD,0.05768792890012264,0.6722222222222223,small,30,1140.0766313214208,1136.402197539406,0.13684113367005837
WFG7,2,IVFNSGAIII,NSGAIII,Final_IGD,0.22855282202363014,0.4011111111111111,negligible,30,0.01223346317574075,0.012233981319114299,0.41629264011446915
WFG7,2,IVFNSGAIII,NSGAIII,Best_IGD,0.28936620615422726,0.4033333333333333,negligible,30,0.01223346317574075,0.012233981319114299,0.4099354587184886
WFG7,2,IVFNSGAIII,NSGAIII,AUC_HV,0.21293285302817822,0.37666666666666665,negligible,30,31204.312480093293,31208.156523142417,0.31477030447643733
WFG7,2,IVFNSGAIII,NSGAIII,Final_HV,0.049710121005773544,0.35,small,30,0.347171516140177,0.34717852470784183,0.12676080856472255
WFG7,2,IVFNSGAIII,NSGAIII,Best_HV,0.049710121005773544,0.3477777777777778,small,30,0.347171516140177,0.34717852470784183,0.10347821107324288
WFG7,2,IVFNSGAII,NSGAII,AUC_IGD,3.7904828786849976e-06,0.13,medium,30,1524.6761730806677,1556.5896116537056,6.443820893764496e-05
WFG7,2,IVFNSGAII,NSGAII,Final_IGD,0.19807579927146435,0.38666666666666666,negligible,30,0.0167291921134494,0.017264724053412152,0.39531676689127704
WFG7,2,IVFNSGAII,NSGAII,Best_IGD,0.00020912662148475647,0.24555555555555555,small,30,0.01593414807940535,0.016201798259123,0.0015236368136746542
WFG7,2,IVFNSGAII,NSGAII,AUC_HV,1.862645149230957e-09,0.9711111111111111,medium,30,31072.615097285292,31043.52063267694,6.332993507385254e-08
WFG7,2,IVFNSGAII,NSGAII,Final_HV,0.0012321043759584427,0.7288888888888889,small,30,0.3454380670836672,0.3452031941490533,0.006981924797097841
WFG7,2,IVFNSGAII,NSGAII,Best_HV,6.917864084243774e-06,0.8855555555555555,medium,30,0.34579969949022343,0.3455334237585082,7.05622136592865e-05
WFG7,3,IVFNSGAIII,NSGAIII,AUC_IGD,0.5158484429121017,0.45666666666666667,negligible,30,20024.164155745188,20023.804035703353,0.6416651363052973
WFG7,3,IVFNSGAIII,NSGAIII,Final_IGD,0.5291051845997572,0.45444444444444443,negligible,30,0.22107502970860216,0.22108237909414624,0.6831484661920916
WFG7,3,IVFNSGAIII,NSGAIII,Best_IGD,0.6701805889606476,0.46555555555555556,negligible,30,0.22107502970860216,0.22108237909414624,0.7948653496975122
WFG7,3,IVFNSGAIII,NSGAIII,AUC_HV,0.6408254038542509,0.5388888888888889,negligible,30,49971.4618754612,49953.14012829437,0.7028407655175656
WFG7,3,IVFNSGAIII,NSGAIII,Final_HV,0.5561132747679949,0.44222222222222224,negligible,30,0.5585400499589875,0.5585790315842232,0.717598455923575
WFG7,3,IVFNSGAIII,NSGAIII,Best_HV,0.5561132747679949,0.44222222222222224,negligible,30,0.5585400499589875,0.5585790315842232,0.6673359297215938
WFG7,3,IVFNSGAII,NSGAII,AUC_IGD,0.15188691951334476,0.40444444444444444,negligible,30,25057.302178534504,25089.88728670938,0.2923106752898333
WFG7,3,IVFNSGAII,NSGAII,Final_IGD,0.23665234446525574,0.45666666666666667,negligible,30,0.27828097187607315,0.2795535451647546,0.42348314272729976
WFG7,3,IVFNSGAII,NSGAII,Best_IGD,0.5291051845997572,0.43333333333333335,negligible,30,0.2621227193503864,0.2622626067106224,0.6662806028293239
WFG7,3,IVFNSGAII,NSGAII,AUC_HV,7.910653948783875e-05,0.82,small,30,47031.2811254134,46917.61512267392,0.0004482703904310862
WFG7,3,IVFNSGAII,NSGAII,Final_HV,0.026228994131088257,0.6533333333333333,small,30,0.5240907005515445,0.5202037785283407,0.07868698239326477
WFG7,3,IVFNSGAII,NSGAII,Best_HV,0.05768792890012264,0.6811111111111111,small,30,0.5296372279582745,0.528012095765368,0.11537585780024529
WFG8,2,IVFNSGAIII,NSGAIII,AUC_IGD,0.06989291124045849,0.6555555555555556,small,30,9856.905496595538,9804.761906024207,0.15842393214503925
WFG8,2,IVFNSGAIII,NSGAIII,Final_IGD,0.07672121562063694,0.63,negligible,30,0.10638752069867895,0.10562551497033901,0.24454887479078025
WFG8,2,IVFNSGAIII,NSGAIII,Best_IGD,0.07672121562063694,0.6288888888888889,negligible,30,0.10638752069867895,0.10562551497033901,0.17390142207344372
WFG8,2,IVFNSGAIII,NSGAIII,AUC_HV,0.06989291124045849,0.3422222222222222,small,30,25983.86221074121,26007.151899815733,0.13978582248091698
WFG8,2,IVFNSGAIII,NSGAIII,Final_HV,0.049710121005773544,0.35555555555555557,negligible,30,0.29033939686100707,0.2907156034283732,0.12676080856472255
WFG8,2,IVFNSGAIII,NSGAIII,Best_HV,0.049710121005773544,0.35777777777777775,negligible,30,0.29033939686100707,0.2907156034283732,0.10347821107324288
WFG8,2,IVFNSGAII,NSGAII,AUC_IGD,0.15188691951334476,0.42777777777777776,negligible,30,9994.003830077025,10022.180927593521,0.2923106752898333
WFG8,2,IVFNSGAII,NSGAII,Final_IGD,0.8871948085725307,0.4633333333333333,negligible,30,0.1094443444705969,0.1095067985972716,0.9525670576252435
WFG8,2,IVFNSGAII,NSGAII,Best_IGD,0.685047073289752,0.45,negligible,30,0.1090008066379276,0.1095067985972716,0.8031586376500541
WFG8,2,IVFNSGAII,NSGAII,AUC_HV,0.2710056286305189,0.5811111111111111,negligible,30,25918.75589079417,25890.014741125837,0.3735482989231477
WFG8,2,IVFNSGAII,NSGAII,Final_HV,0.7765688337385654,0.5533333333333333,negligible,30,0.2889393042720053,0.28869690717100516,0.8426597983120604
WFG8,2,IVFNSGAII,NSGAII,Best_HV,0.685047073289752,0.5533333333333333,negligible,30,0.28901521560694854,0.2888440008110089,0.7355242260584706
WFG8,3,IVFNSGAIII,NSGAIII,AUC_IGD,0.935398668050766,0.5166666666666667,negligible,30,26028.685959789094,25988.66001496141,0.9735782055222258
WFG8,3,IVFNSGAIII,NSGAIII,Final_IGD,0.0803273618221283,0.3088888888888889,small,30,0.27893233661051864,0.28007919676757664,0.24828457290476016
WFG8,3,IVFNSGAIII,NSGAIII,Best_IGD,0.23665234446525574,0.3988888888888889,negligible,30,0.27805555859916664,0.2788272842876658,0.3657354414463043
WFG8,3,IVFNSGAIII,NSGAIII,AUC_HV,0.10943205840885639,0.41444444444444445,negligible,30,42038.47755328491,42103.67572937584,0.1891876264017517
WFG8,3,IVFNSGAIII,NSGAIII,Final_HV,0.40449450351297855,0.5344444444444445,negligible,30,0.47369777673148994,0.47342609003187053,0.5811047796947016
WFG8,3,IVFNSGAIII,NSGAIII,Best_HV,0.7765688337385654,0.5211111111111111,negligible,30,0.47403040201375923,0.47381214964809615,0.8082655208299354
WFG8,3,IVFNSGAII,NSGAII,AUC_IGD,0.07672121562063694,0.31333333333333335,small,30,33200.22230292237,33385.92624794264,0.17012095637619495
WFG8,3,IVFNSGAII,NSGAII,Final_IGD,0.08406547829508781,0.39444444444444443,negligible,30,0.37100140851177243,0.3746654494185811,0.25219643488526344
WFG8,3,IVFNSGAII,NSGAII,Best_IGD,0.11417667381465435,0.3466666666666667,small,30,0.35429012586412933,0.35727209100469937,0.22396193709797585
WFG8,3,IVFNSGAII,NSGAII,AUC_HV,0.00031275488436222076,0.7766666666666666,small,30,39815.8467459638,39651.228771809605,0.0013869999219541965
WFG8,3,IVFNSGAII,NSGAII,Final_HV,0.0011314544826745987,0.6888888888888889,small,30,0.44482794625027544,0.443058405359983,0.006788726896047592
WFG8,3,IVFNSGAII,NSGAII,Best_HV,2.366676926612854e-05,0.8466666666666667,medium,30,0.4488589042404587,0.4461204720367842,0.0001856931127034701
WFG9,2,IVFNSGAIII,NSGAIII,AUC_IGD,0.05768792890012264,0.6388888888888888,negligible,30,1667.6292077327696,1615.8131446328139,0.13684113367005837
WFG9,2,IVFNSGAIII,NSGAIII,Final_IGD,0.10943205840885639,0.6077777777777778,negligible,30,0.014734404807654849,0.01455692861661975,0.27083769137429636
WFG9,2,IVFNSGAIII,NSGAIII,Best_IGD,0.10483990423381329,0.6,negligible,30,0.0146776521814435,0.01455692861661975,0.21823816799691745
WFG9,2,IVFNSGAIII,NSGAIII,AUC_HV,0.052263347432017326,0.3377777777777778,small,30,30606.964686328844,30662.110903140354,0.11105961329303682
WFG9,2,IVFNSGAIII,NSGAIII,Final_HV,0.09194962680339813,0.38333333333333336,negligible,30,0.3434266984844626,0.3435935545864371,0.19140534559074712
WFG9,2,IVFNSGAIII,NSGAIII,Best_HV,0.09194962680339813,0.38333333333333336,negligible,30,0.3434266984844626,0.3435935545864371,0.15631436556577682
WFG9,2,IVFNSGAII,NSGAII,AUC_IGD,0.18396909348666668,0.5955555555555555,negligible,30,1895.3829965923412,1854.2999041692613,0.3180482633159322
WFG9,2,IVFNSGAII,NSGAII,Final_IGD,0.0006665531545877457,0.7611111111111111,small,30,0.01995040241926855,0.0181877656010348,0.00522987859753462
WFG9,2,IVFNSGAII,NSGAII,Best_IGD,0.0005054883658885956,0.7488888888888889,small,30,0.019033507431925847,0.017484719350073848,0.003222488332539797
WFG9,2,IVFNSGAII,NSGAII,AUC_HV,0.22064675763249397,0.41333333333333333,negligible,30,30634.527140980477,30648.996186910314,0.31698548279597727
WFG9,2,IVFNSGAII,NSGAII,Final_HV,0.0003449581563472748,0.23666666666666666,small,30,0.3414417450853091,0.3429019140129448,0.0023457154631614683
WFG9,2,IVFNSGAII,NSGAII,Best_HV,0.00012333691120147705,0.24222222222222223,small,30,0.3415526395653145,0.343189790455518,0.0007400214672088623
WFG9,3,IVFNSGAIII,NSGAIII,AUC_IGD,0.3492113798856735,0.47888888888888886,negligible,30,20109.354810270266,20133.61716063179,0.5316352350498313
WFG9,3,IVFNSGAIII,NSGAIII,Final_IGD,0.22064675763249397,0.41333333333333333,negligible,30,0.22107751747572205,0.2214139661894858,0.4091994414275343
WFG9,3,IVFNSGAIII,NSGAIII,Best_IGD,0.13473508320748806,0.43666666666666665,negligible,30,0.2207613377880016,0.2207638667113129,0.2498723361302506
WFG9,3,IVFNSGAIII,NSGAIII,AUC_HV,0.08793856762349606,0.6033333333333334,negligible,30,47847.65953535649,47744.27305213016,0.16610618328882587
WFG9,3,IVFNSGAIII,NSGAIII,Final_HV,0.017453668639063835,0.69,small,30,0.5388331757732249,0.5371137060956107,0.05934247337281704
WFG9,3,IVFNSGAIII,NSGAIII,Best_HV,0.016431212425231934,0.69,small,30,0.5388331757732249,0.5371137060956107,0.04297394018906814
WFG9,3,IVFNSGAII,NSGAII,AUC_IGD,0.28008678182959557,0.6122222222222222,negligible,30,24888.710123528013,24805.57184308235,0.46078793139707663
WFG9,3,IVFNSGAII,NSGAII,Final_IGD,0.4898460879921913,0.5466666666666666,negligible,30,0.27404038209938925,0.2731402719646237,0.6661906796693802
WFG9,3,IVFNSGAII,NSGAII,Best_IGD,0.06666470877826214,0.6377777777777778,negligible,30,0.2627301056676692,0.26056052743861385,0.16190000703292234
WFG9,3,IVFNSGAII,NSGAII,AUC_HV,0.09194962680339813,0.6611111111111111,small,30,45261.453138201316,44857.03182576501,0.16747967739190373
WFG9,3,IVFNSGAII,NSGAII,Final_HV,0.06056523136794567,0.6788888888888889,small,30,0.5090467779935797,0.5010597664541295,0.1436663627797781
WFG9,3,IVFNSGAII,NSGAII,Best_HV,0.023410143330693245,0.6777777777777778,small,30,0.5130676473701627,0.5080227052629229,0.0568532052316836
ZDT1,2,IVFNSGAIII,NSGAIII,AUC_IGD,1.3966113328933716e-05,0.8522222222222222,medium,30,461.82459455954023,429.6720875739783,0.00017806794494390488
ZDT1,2,IVFNSGAIII,NSGAIII,Final_IGD,0.20540969260036945,0.5488888888888889,negligible,30,0.0038879370449822,0.00388791589295775,0.39531676689127704
ZDT1,2,IVFNSGAIII,NSGAIII,Best_IGD,0.036434996873140335,0.6044444444444445,negligible,30,0.0038878332689540503,0.00388765906486115,0.09290924202650785
ZDT1,2,IVFNSGAIII,NSGAIII,AUC_HV,2.7623027563095093e-06,0.13111111111111112,medium,30,64639.97934957622,64689.042896389925,2.5614080103960902e-05
ZDT1,2,IVFNSGAIII,NSGAIII,Final_HV,0.3598779272288084,0.49444444444444446,negligible,30,0.7203052690849581,0.7203053020813104,0.5398168908432126
ZDT1,2,IVFNSGAIII,NSGAIII,Best_HV,0.029325857758522034,0.36444444444444446,negligible,30,0.7203053066912755,0.7203055687196632,0.06798267025839198
ZDT1,2,IVFNSGAII,NSGAII,AUC_IGD,0.03098480962216854,0.6777777777777778,small,30,480.8929299565305,473.050528489156,0.08779029392947753
ZDT1,2,IVFNSGAII,NSGAII,Final_IGD,0.308520769700408,0.3977777777777778,negligible,30,0.00479916915894525,0.00486155328261725,0.4917049767100252
ZDT1,2,IVFNSGAII,NSGAII,Best_IGD,0.5027610473334789,0.6111111111111112,negligible,30,0.0045627491232103495,0.004525167489678249,0.6491345168103145
ZDT1,2,IVFNSGAII,NSGAII,AUC_HV,0.10943205840885639,0.37777777777777777,negligible,30,64643.74200587679,64651.45624039196,0.1891876264017517
ZDT1,2,IVFNSGAII,NSGAII,Final_HV,0.22064675763249397,0.6055555555555555,negligible,30,0.7192906982699823,0.7191927958575854,0.37509948797523973
ZDT1,2,IVFNSGAII,NSGAII,Best_HV,0.17719271034002304,0.6066666666666667,negligible,30,0.7195355152183509,0.7195202844635773,0.26578906551003456
ZDT2,2,IVFNSGAIII,NSGAIII,AUC_IGD,0.012047622352838516,0.7844444444444445,small,30,537.5657783924808,470.13242833408304,0.03964056387062996
ZDT2,2,IVFNSGAIII,NSGAIII,Final_IGD,5.587935447692871e-09,0.03,medium,30,0.00380696262440505,0.00380699219437345,9.499490261077881e-08
ZDT2,2,IVFNSGAIII,NSGAIII,Best_IGD,3.725290298461914e-09,0.022222222222222223,large,30,0.0038069589036875,0.00380699219437345,4.7497451305389404e-08
ZDT2,2,IVFNSGAIII,NSGAIII,AUC_HV,0.013663241639733315,0.21222222222222223,small,30,39751.863715087806,39845.15730313747,0.03318215826792376
ZDT2,2,IVFNSGAIII,NSGAIII,Final_HV,0.00018860027194023132,0.8422222222222222,medium,30,0.4450337815902556,0.4450337483016913,0.0014797867490695075
ZDT2,2,IVFNSGAIII,NSGAIII,Best_HV,0.00020912662148475647,0.8388888888888889,medium,30,0.4450337815902556,0.4450337515076266,0.001122679757444482
ZDT2,2,IVFNSGAII,NSGAII,AUC_IGD,0.09610157273709774,0.6555555555555556,small,30,506.15732510889524,490.7614014747092,0.20856085998263765
ZDT2,2,IVFNSGAII,NSGAII,Final_IGD,0.17719271034002304,0.37555555555555553,negligible,30,0.00480006558558555,0.0048852924751951,0.36885013172821124
ZDT2,2,IVFNSGAII,NSGAII,Best_IGD,0.01453801617026329,0.3055555555555556,small,30,0.0045667366833915,0.00465266973479315,0.04236793283905302
ZDT2,2,IVFNSGAII,NSGAII,AUC_HV,0.10943205840885639,0.35777777777777775,negligible,30,39827.479679864846,39856.892945047424,0.1891876264017517
ZDT2,2,IVFNSGAII,NSGAII,Final_HV,0.06056523136794567,0.64,negligible,30,0.44409501839807297,0.4439891177137394,0.1436663627797781
ZDT2,2,IVFNSGAII,NSGAII,Best_HV,0.308520769700408,0.5755555555555556,negligible,30,0.44428697720578403,0.444256739633329,0.41406734880844226
ZDT3,2,IVFNSGAIII,NSGAIII,AUC_IGD,2.0489096641540527e-07,0.8922222222222222,medium,30,652.1660691919025,606.4517522190847,6.966292858123779e-06
ZDT3,2,IVFNSGAIII,NSGAIII,Final_IGD,0.8871948085725307,0.4633333333333333,negligible,30,0.00608562632899685,0.0061160709122258,0.9525670576252435
ZDT3,2,IVFNSGAIII,NSGAIII,Best_IGD,0.7151329666376114,0.47333333333333333,negligible,30,0.0057857163841057,0.00580640806422525,0.8267040953607014
ZDT3,2,IVFNSGAIII,NSGAIII,AUC_HV,0.00031275488436222076,0.11888888888888889,medium,30,53775.755974434855,53822.27098186551,0.0013869999219541965
ZDT3,2,IVFNSGAIII,NSGAIII,Final_HV,0.5561132747679949,0.4677777777777778,negligible,30,0.5987946727571245,0.5988029262461949,0.717598455923575
ZDT3,2,IVFNSGAIII,NSGAIII,Best_HV,0.685047073289752,0.5566666666666666,negligible,30,0.5991498608972778,0.5991695929626681,0.7355242260584706
ZDT3,2,IVFNSGAII,NSGAII,AUC_IGD,0.338741784915328,0.6022222222222222,negligible,30,525.0694339070487,515.4371558615237,0.5235100312327796
ZDT3,2,IVFNSGAII,NSGAII,Final_IGD,0.140283040702343,0.63,negligible,30,0.0054970578725809,0.00543680233857415,0.3179748922586441
ZDT3,2,IVFNSGAII,NSGAII,Best_IGD,0.8552717231214046,0.5311111111111111,negligible,30,0.0051527326718824994,0.0051639691805352,0.9087262058164924
ZDT3,2,IVFNSGAII,NSGAII,AUC_HV,0.13473508320748806,0.3688888888888889,negligible,30,53898.47491877373,53912.44474096034,0.22529472929776692
ZDT3,2,IVFNSGAII,NSGAII,Final_HV,0.19092952087521553,0.40555555555555556,negligible,30,0.5993716881548994,0.5994089928791264,0.34166335314512253
ZDT3,2,IVFNSGAII,NSGAII,Best_HV,0.7303419969975948,0.5111111111111111,negligible,30,0.5995146286090673,0.5995191382431061,0.7759883718099445
ZDT4,2,IVFNSGAIII,NSGAIII,AUC_IGD,0.4161298982799053,0.5611111111111111,negligible,30,3005.8927120272165,3124.509242945538,0.5895173558965325
ZDT4,2,IVFNSGAIII,NSGAIII,Final_IGD,0.25343610532581806,0.31333333333333335,small,30,0.003888827440609,0.0038943355057410997,0.44569797833161107
ZDT4,2,IVFNSGAIII,NSGAIII,Best_IGD,0.25343610532581806,0.31333333333333335,small,30,0.003888827440609,0.0038943355057410997,0.3692926106176206
ZDT4,2,IVFNSGAIII,NSGAIII,AUC_HV,0.308520769700408,0.4255555555555556,negligible,30,61879.549909967354,61904.171416671605,0.408689850771969
ZDT4,2,IVFNSGAIII,NSGAIII,Final_HV,0.12413446232676506,0.6877777777777778,small,30,0.7202474577521819,0.7201357290845001,0.24349452225634688
ZDT4,2,IVFNSGAIII,NSGAIII,Best_HV,0.12413446232676506,0.6877777777777778,small,30,0.7202474577521819,0.7201357290845001,0.19783929933328182
ZDT4,2,IVFNSGAII,NSGAII,AUC_IGD,0.052263347432017326,0.35555555555555557,negligible,30,1110.1619077196365,1481.0020567603801,0.1300210106845309
ZDT4,2,IVFNSGAII,NSGAII,Final_IGD,0.09610157273709774,0.6322222222222222,negligible,30,0.0045731050135855,0.0045132987300185,0.2649286599779451
ZDT4,2,IVFNSGAII,NSGAII,Best_IGD,0.07672121562063694,0.6511111111111111,small,30,0.00442845083991375,0.0043792936565341,0.17390142207344372
ZDT4,2,IVFNSGAII,NSGAII,AUC_HV,0.28936620615422726,0.5977777777777777,negligible,30,64102.257571196926,63687.529701463136,0.3883599082596208
ZDT4,2,IVFNSGAII,NSGAII,Final_HV,0.2710056286305189,0.43222222222222223,negligible,30,0.7195292904035914,0.7196348037014116,0.4252703710817374
ZDT4,2,IVFNSGAII,NSGAII,Best_HV,0.28936620615422726,0.44,negligible,30,0.7196915937391466,0.7196993450937588,0.39885612199636733
ZDT6,2,IVFNSGAIII,NSGAIII,AUC_IGD,6.286613643169403e-05,0.7955555555555556,small,30,1660.404275560139,1162.6096097505938,0.0004932573781563686
ZDT6,2,IVFNSGAIII,NSGAIII,Final_IGD,0.00577649287879467,0.3277777777777778,small,30,0.0030012615661216997,0.0030012735898631,0.03273345964650313
ZDT6,2,IVFNSGAIII,NSGAIII,Best_IGD,0.004031794145703316,0.3188888888888889,small,30,0.00300126023334655,0.0030012735898631,0.017135125119239092
ZDT6,2,IVFNSGAIII,NSGAIII,AUC_HV,7.994472980499268e-06,0.18888888888888888,small,30,33509.041460032095,33954.12374934193,6.272586492391734e-05
ZDT6,2,IVFNSGAIII,NSGAIII,Final_HV,0.03272089920938015,0.3522222222222222,small,30,0.3889558328131574,0.38895584845053877,0.09535804912447929
ZDT6,2,IVFNSGAIII,NSGAIII,Best_HV,0.03098480962216854,0.3477777777777778,small,30,0.3889558328131574,0.38895584845053877,0.07023223514358203
ZDT6,2,IVFNSGAII,NSGAII,AUC_IGD,0.052263347432017326,0.3433333333333333,small,30,508.8299036550792,609.3149790869097,0.1300210106845309
ZDT6,2,IVFNSGAII,NSGAII,Final_IGD,6.146728992462158e-08,0.9211111111111111,medium,30,0.00389741106531325,0.0036205404382279,8.956662246159144e-07
ZDT6,2,IVFNSGAII,NSGAII,Best_IGD,2.0798295736312866e-05,0.8366666666666667,medium,30,0.0036084068136884003,0.0035119443164792,0.00017678551375865936
ZDT6,2,IVFNSGAII,NSGAII,AUC_HV,0.029325857758522034,0.6677777777777778,small,30,34686.78704519572,34553.36953803373,0.06647194425264995
ZDT6,2,IVFNSGAII,NSGAII,Final_HV,1.0244548320770264e-07,0.07777777777777778,medium,30,0.3880773626410836,0.3883784656156411,2.6123598217964172e-06
ZDT6,2,IVFNSGAII,NSGAII,Best_HV,1.1920928955078125e-06,0.10111111111111111,medium,30,0.38837994130501385,0.38845372683583057,2.0265579223632812e-05
