problem,M,ivf_algo,base_algo,n_targets,n_runs_ivf,n_runs_base,ks_stat,p_value,max_ecdf_gap,max_gap_fe,mean_ecdf_diff,direction
DTLZ1,2,IVFSPEA2,SPEA2,10,30,30,0.09333333333333334,0.14660689047075634,0.09333333333333338,20100.502512562813,0.014000000000000012,IVF faster
DTLZ1,2,IVFNSGAIII,NSGAIII,10,30,30,0.02666666666666667,0.9999324508116627,0.026666666666666727,30150.75376884422,0.0003333333333333438,IVF faster
DTLZ1,2,IVFNSGAII,NSGAII,10,30,30,0.023333333333333334,0.9999978779719236,0.023333333333333317,20100.502512562813,-0.004633333333333341,base faster
DTLZ1,3,IVFSPEA2,SPEA2,10,30,30,0.04,0.9704671760269938,0.040000000000000036,10050.251256281406,-0.0036666666666666627,base faster
DTLZ1,3,IVFNSGAIII,NSGAIII,10,30,30,0.4166666666666667,1.0427642021280988e-23,0.046666666666666634,10050.251256281406,-0.008333333333333337,base faster
DTLZ1,3,IVFNSGAII,NSGAII,10,30,30,0.05,0.8483422371364409,0.050000000000000044,20100.502512562813,-0.0076666666666666715,base faster
DTLZ2,2,IVFSPEA2,SPEA2,10,30,30,0.0,1.0,0.0,0.0,0.0,base faster
DTLZ2,2,IVFNSGAIII,NSGAIII,10,30,30,0.0,1.0,0.0,0.0,0.0,base faster
DTLZ2,2,IVFNSGAII,NSGAII,10,30,30,0.006666666666666667,1.0,0.00666666666666671,20100.502512562813,-0.0042999999999999775,base faster
DTLZ2,3,IVFSPEA2,SPEA2,10,30,30,0.0033333333333333335,1.0,0.0033333333333332993,60301.50753768844,0.0013166666666666533,IVF faster
DTLZ2,3,IVFNSGAIII,NSGAIII,10,30,30,0.9,5.90299077423856e-129,0.0,0.0,0.0,base faster
DTLZ2,3,IVFNSGAII,NSGAII,10,30,30,0.0,1.0,0.0,0.0,0.0,base faster
DTLZ3,2,IVFSPEA2,SPEA2,10,30,30,0.25,1.2161555648200794e-08,0.25,40201.005025125625,0.08051666666666665,IVF faster
DTLZ3,2,IVFNSGAIII,NSGAIII,10,30,30,0.09,0.17609362474930004,0.08999999999999997,50251.25628140703,0.026533333333333325,IVF faster
DTLZ3,2,IVFNSGAII,NSGAII,10,30,30,0.03666666666666667,0.9879477457246794,0.03666666666666667,20100.502512562813,0.009649999999999994,IVF faster
DTLZ3,3,IVFSPEA2,SPEA2,10,30,30,0.14333333333333334,0.004164755648201053,0.14333333333333334,20100.502512562813,0.034,IVF faster
DTLZ3,3,IVFNSGAIII,NSGAIII,10,30,30,0.27,5.01791941596116e-10,0.020000000000000018,60301.50753768844,0.002333333333333328,IVF faster
DTLZ3,3,IVFNSGAII,NSGAII,10,30,30,0.056666666666666664,0.7220634112888834,0.05666666666666664,20100.502512562813,0.015333333333333319,IVF faster
DTLZ4,2,IVFSPEA2,SPEA2,10,30,30,0.09,0.17609362474930004,0.08999999999999997,10050.251256281406,0.08054999999999995,IVF faster
DTLZ4,2,IVFNSGAIII,NSGAIII,10,30,30,0.15666666666666668,0.0012455277365958025,0.15666666666666662,10050.251256281406,-0.06186666666666664,base faster
DTLZ4,2,IVFNSGAII,NSGAII,10,30,30,0.11,0.05296383973125253,0.10999999999999999,90452.26130653266,0.09478333333333332,IVF faster
DTLZ4,3,IVFSPEA2,SPEA2,10,30,30,0.0033333333333333335,1.0,0.0033333333333334103,20100.502512562813,0.002650000000000061,IVF faster
DTLZ4,3,IVFNSGAIII,NSGAIII,10,30,30,0.82,5.7434087328299434e-102,0.12,90452.26130653266,0.08939999999999998,IVF faster
DTLZ4,3,IVFNSGAII,NSGAII,10,30,30,0.03333333333333333,0.996366687488538,0.033333333333333326,90452.26130653266,0.021500000000000005,IVF faster
DTLZ5,2,IVFSPEA2,SPEA2,10,30,30,0.0,1.0,0.0,0.0,0.0,base faster
DTLZ5,2,IVFNSGAIII,NSGAIII,10,30,30,0.0,1.0,0.0,0.0,0.0,base faster
DTLZ5,2,IVFNSGAII,NSGAII,10,30,30,0.01,1.0,0.010000000000000009,40201.005025125625,0.0029999999999999914,IVF faster
DTLZ5,3,IVFSPEA2,SPEA2,10,30,30,0.08,0.2926468667924955,0.07999999999999996,10050.251256281406,0.00831666666666666,IVF faster
DTLZ5,3,IVFNSGAIII,NSGAIII,10,30,30,0.5333333333333333,2.0885153422421613e-39,0.033333333333333326,20100.502512562813,-0.009999999999999998,base faster
DTLZ5,3,IVFNSGAII,NSGAII,10,30,30,0.04,0.9704671760269938,0.039999999999999925,10050.251256281406,0.004333333333333333,IVF faster
DTLZ6,2,IVFSPEA2,SPEA2,10,30,30,0.006666666666666667,1.0,0.006666666666666599,10050.251256281406,-0.0006666666666666598,base faster
DTLZ6,2,IVFNSGAIII,NSGAIII,10,30,30,0.01,1.0,0.010000000000000009,10050.251256281406,-0.0010000000000000009,base faster
DTLZ6,2,IVFNSGAII,NSGAII,10,30,30,0.016666666666666666,0.9999999999989688,0.01666666666666672,10050.251256281406,-0.002000000000000013,base faster
DTLZ6,3,IVFSPEA2,SPEA2,10,30,30,0.006666666666666667,1.0,0.006666666666666599,10050.251256281406,0.0029833333333333027,IVF faster
DTLZ6,3,IVFNSGAIII,NSGAIII,10,30,30,0.48,1.161721406761561e-31,0.00666666666666671,10050.251256281406,-0.0033333333333333214,base faster
DTLZ6,3,IVFNSGAII,NSGAII,10,30,30,0.03,0.9993001912185819,0.029999999999999916,10050.251256281406,0.0030000000000000027,IVF faster
DTLZ7,2,IVFSPEA2,SPEA2,10,30,30,0.07666666666666666,0.34165950354815394,0.07666666666666666,10050.251256281406,-0.011550000000000003,base faster
DTLZ7,2,IVFNSGAIII,NSGAIII,10,30,30,0.056666666666666664,0.7220634112888834,0.05666666666666664,10050.251256281406,-0.0056666666666666645,base faster
DTLZ7,2,IVFNSGAII,NSGAII,10,30,30,0.023333333333333334,0.9999978779719236,0.023333333333333317,10050.251256281406,-0.0019999999999999905,base faster
DTLZ7,3,IVFSPEA2,SPEA2,10,30,30,0.03333333333333333,0.996366687488538,0.033333333333333326,20100.502512562813,-0.02251666666666667,base faster
DTLZ7,3,IVFNSGAIII,NSGAIII,10,30,30,0.6766666666666666,1.2617570371375253e-65,0.030000000000000027,60301.50753768844,0.019516666666666686,IVF faster
DTLZ7,3,IVFNSGAII,NSGAII,10,30,30,0.016666666666666666,0.9999999999989688,0.01666666666666672,90452.26130653266,0.002916666666666669,IVF faster
MaF1,2,IVFSPEA2,SPEA2,10,30,30,0.0,1.0,0.0,0.0,0.0,base faster
MaF1,2,IVFNSGAIII,NSGAIII,10,30,30,0.0,1.0,0.0,0.0,0.0,base faster
MaF1,2,IVFNSGAII,NSGAII,10,30,30,0.006666666666666667,1.0,0.006666666666666599,20100.502512562813,-0.0013166666666666643,base faster
MaF1,3,IVFSPEA2,SPEA2,10,30,30,0.0033333333333333335,1.0,0.0033333333333332993,30150.75376884422,0.002316666666666643,IVF faster
MaF1,3,IVFNSGAIII,NSGAIII,10,30,30,0.74,3.45420340402665e-80,0.010000000000000009,40201.005025125625,-0.0053166666666666675,base faster
MaF1,3,IVFNSGAII,NSGAII,10,30,30,0.0033333333333333335,1.0,0.0033333333333332993,10050.251256281406,0.0003333333333333299,IVF faster
MaF2,2,IVFSPEA2,SPEA2,10,30,30,0.0,1.0,0.0,0.0,0.0,base faster
MaF2,2,IVFNSGAIII,NSGAIII,10,30,30,0.0,1.0,0.0,0.0,0.0,base faster
MaF2,2,IVFNSGAII,NSGAII,10,30,30,0.0033333333333333335,1.0,0.0033333333333334103,10050.251256281406,-0.000333333333333341,base faster
MaF2,3,IVFSPEA2,SPEA2,10,30,30,0.0033333333333333335,1.0,0.0033333333333332993,10050.251256281406,0.00031666666666666345,IVF faster
MaF2,3,IVFNSGAIII,NSGAIII,10,30,30,0.8,4.106741078369897e-96,0.00666666666666671,100000.0,0.001933333333333313,IVF faster
MaF2,3,IVFNSGAII,NSGAII,10,30,30,0.02,0.9999999905275543,0.020000000000000018,30150.75376884422,0.01156666666666668,IVF faster
MaF3,2,IVFSPEA2,SPEA2,10,30,30,0.23,2.2828373266480134e-07,0.22999999999999998,40201.005025125625,0.1260166666666667,IVF faster
MaF3,2,IVFNSGAIII,NSGAIII,10,30,30,0.08,0.2926468667924955,0.07999999999999996,50251.25628140703,0.02551666666666665,IVF faster
MaF3,2,IVFNSGAII,NSGAII,10,30,30,0.04,0.9704671760269938,0.039999999999999925,40201.005025125625,0.008833333333333334,IVF faster
MaF3,3,IVFSPEA2,SPEA2,10,30,30,0.07666666666666666,0.34165950354815394,0.07666666666666672,30150.75376884422,-0.011666666666666672,base faster
MaF3,3,IVFNSGAIII,NSGAIII,10,30,30,0.24666666666666667,2.0179572425111938e-08,0.05666666666666664,30150.75376884422,0.00956666666666667,IVF faster
MaF3,3,IVFNSGAII,NSGAII,10,30,30,0.16666666666666666,0.0004688948594180668,0.16666666666666663,30150.75376884422,-0.055600000000000004,base faster
MaF4,2,IVFSPEA2,SPEA2,10,30,30,0.08666666666666667,0.21005749381264038,0.08666666666666656,30150.75376884422,0.01931666666666666,IVF faster
MaF4,2,IVFNSGAIII,NSGAIII,10,30,30,0.09,0.17609362474930004,0.08999999999999997,30150.75376884422,-0.01264999999999998,base faster
MaF4,2,IVFNSGAII,NSGAII,10,30,30,0.05333333333333334,0.7879453299387805,0.053333333333333344,30150.75376884422,-0.006966666666666651,base faster
MaF4,3,IVFSPEA2,SPEA2,10,30,30,0.043333333333333335,0.9414474696413693,0.043333333333333335,30150.75376884422,-0.009333333333333325,base faster
MaF4,3,IVFNSGAIII,NSGAIII,10,30,30,0.22,8.994053173844458e-07,0.023333333333333317,20100.502512562813,0.0020000000000000243,IVF faster
MaF4,3,IVFNSGAII,NSGAII,10,30,30,0.05,0.8483422371364409,0.050000000000000044,20100.502512562813,0.007000000000000015,IVF faster
MaF5,2,IVFSPEA2,SPEA2,10,30,30,0.15,0.002308793437830372,0.15000000000000002,10050.251256281406,0.13424999999999998,IVF faster
MaF5,2,IVFNSGAIII,NSGAIII,10,30,30,0.06,0.65357468169842,0.06000000000000005,10050.251256281406,0.008516666666666665,IVF faster
MaF5,2,IVFNSGAII,NSGAII,10,30,30,0.03,0.9993001912185819,0.030000000000000027,10050.251256281406,-0.01793333333333334,base faster
MaF5,3,IVFSPEA2,SPEA2,10,30,30,0.05,0.8483422371364409,0.04999999999999993,10050.251256281406,-0.04443333333333328,base faster
MaF5,3,IVFNSGAIII,NSGAIII,10,30,30,0.6766666666666666,1.2617570371375253e-65,0.09000000000000008,10050.251256281406,-0.07438333333333338,base faster
MaF5,3,IVFNSGAII,NSGAII,10,30,30,0.07666666666666666,0.34165950354815394,0.07666666666666666,80402.01005025125,-0.05931666666666666,base faster
MaF6,2,IVFSPEA2,SPEA2,10,30,30,0.12,0.026515154829730034,0.12,10050.251256281406,0.012,IVF faster
MaF6,2,IVFNSGAIII,NSGAIII,10,30,30,0.03333333333333333,0.996366687488538,0.033333333333333326,10050.251256281406,-0.0033333333333333327,base faster
MaF6,2,IVFNSGAII,NSGAII,10,30,30,0.043333333333333335,0.9414474696413693,0.043333333333333335,10050.251256281406,0.0007166666666666599,IVF faster
MaF6,3,IVFSPEA2,SPEA2,10,30,30,0.10333333333333333,0.0812184963146534,0.10333333333333339,10050.251256281406,0.010333333333333338,IVF faster
MaF6,3,IVFNSGAIII,NSGAIII,10,30,30,0.5233333333333333,7.053914164605735e-38,0.013333333333333308,10050.251256281406,-0.00993333333333332,base faster
MaF6,3,IVFNSGAII,NSGAII,10,30,30,0.02,0.9999999905275543,0.020000000000000018,10050.251256281406,-0.0016333333333332944,base faster
MaF7,2,IVFSPEA2,SPEA2,10,30,30,0.09,0.17609362474930004,0.08999999999999997,10050.251256281406,0.01164999999999997,IVF faster
MaF7,2,IVFNSGAIII,NSGAIII,10,30,30,0.07,0.4548928024568597,0.06999999999999995,10050.251256281406,-0.006999999999999995,base faster
MaF7,2,IVFNSGAII,NSGAII,10,30,30,0.03333333333333333,0.996366687488538,0.033333333333333326,30150.75376884422,-0.024533333333333365,base faster
MaF7,3,IVFSPEA2,SPEA2,10,30,30,0.04666666666666667,0.9003231885744891,0.046666666666666634,10050.251256281406,0.015933333333333327,IVF faster
MaF7,3,IVFNSGAIII,NSGAIII,10,30,30,0.6533333333333333,9.206362373856079e-61,0.05666666666666664,10050.251256281406,-0.0076666666666666775,base faster
MaF7,3,IVFNSGAII,NSGAII,10,30,30,0.03333333333333333,0.996366687488538,0.033333333333333326,10050.251256281406,-0.012316666666666663,base faster
WFG1,2,IVFSPEA2,SPEA2,10,30,30,0.07666666666666666,0.34165950354815394,0.07666666666666666,10050.251256281406,0.035816666666666656,IVF faster
WFG1,2,IVFNSGAIII,NSGAIII,10,30,30,0.02,0.9999999905275543,0.019999999999999962,30150.75376884422,-0.003983333333333336,base faster
WFG1,2,IVFNSGAII,NSGAII,10,30,30,0.4266666666666667,7.055670165958349e-25,0.42666666666666664,30150.75376884422,0.2048333333333333,IVF faster
WFG1,3,IVFSPEA2,SPEA2,10,30,30,0.15333333333333332,0.0017015674192205016,0.15333333333333332,20100.502512562813,0.02866666666666667,IVF faster
WFG1,3,IVFNSGAIII,NSGAIII,10,30,30,0.47,2.560690522401642e-30,0.026666666666666727,40201.005025125625,-0.00833333333333336,base faster
WFG1,3,IVFNSGAII,NSGAII,10,30,30,0.06,0.65357468169842,0.06000000000000005,10050.251256281406,-0.0028666666666666485,base faster
WFG2,2,IVFSPEA2,SPEA2,10,30,30,0.07,0.4548928024568597,0.07000000000000006,20100.502512562813,-0.019649999999999997,base faster
WFG2,2,IVFNSGAIII,NSGAIII,10,30,30,0.03,0.9993001912185819,0.029999999999999916,20100.502512562813,-0.01031666666666665,base faster
WFG2,2,IVFNSGAII,NSGAII,10,30,30,0.04666666666666667,0.9003231885744891,0.046666666666666634,90452.26130653266,-0.02710000000000001,base faster
WFG2,3,IVFSPEA2,SPEA2,10,30,30,0.05,0.8483422371364409,0.050000000000000044,10050.251256281406,-0.005333333333333345,base faster
WFG2,3,IVFNSGAIII,NSGAIII,10,30,30,0.8866666666666667,5.539698032084739e-124,0.013333333333333308,10050.251256281406,0.0013166666666666422,IVF faster
WFG2,3,IVFNSGAII,NSGAII,10,30,30,0.043333333333333335,0.9414474696413693,0.043333333333333335,10050.251256281406,-0.0050000000000000044,base faster
WFG3,2,IVFSPEA2,SPEA2,10,30,30,0.056666666666666664,0.7220634112888834,0.056666666666666754,30150.75376884422,-0.021983333333333365,base faster
WFG3,2,IVFNSGAIII,NSGAIII,10,30,30,0.023333333333333334,0.9999978779719236,0.023333333333333317,10050.251256281406,-0.000333333333333341,base faster
WFG3,2,IVFNSGAII,NSGAII,10,30,30,0.03333333333333333,0.996366687488538,0.033333333333333326,20100.502512562813,-0.007649999999999999,base faster
WFG3,3,IVFSPEA2,SPEA2,10,30,30,0.07333333333333333,0.3958302746926979,0.07333333333333336,80402.01005025125,0.039983333333333336,IVF faster
WFG3,3,IVFNSGAIII,NSGAIII,10,30,30,0.59,9.015046953860736e-49,0.01666666666666672,80402.01005025125,0.008233333333333348,IVF faster
WFG3,3,IVFNSGAII,NSGAII,10,30,30,0.03333333333333333,0.996366687488538,0.033333333333333326,80402.01005025125,0.02251666666666667,IVF faster
WFG4,2,IVFSPEA2,SPEA2,10,30,30,0.15,0.002308793437830372,0.15000000000000002,10050.251256281406,0.019666666666666666,IVF faster
WFG4,2,IVFNSGAIII,NSGAIII,10,30,30,0.02666666666666667,0.9999324508116627,0.026666666666666727,10050.251256281406,-0.0023500000000000205,base faster
WFG4,2,IVFNSGAII,NSGAII,10,30,30,0.05,0.8483422371364409,0.050000000000000044,10050.251256281406,0.011833333333333345,IVF faster
WFG4,3,IVFSPEA2,SPEA2,10,30,30,0.0,1.0,0.0,0.0,0.0,base faster
WFG4,3,IVFNSGAIII,NSGAIII,10,30,30,0.9,5.90299077423856e-129,0.0,0.0,0.0,base faster
WFG4,3,IVFNSGAII,NSGAII,10,30,30,0.0033333333333333335,1.0,0.0033333333333332993,40201.005025125625,-0.0003333333333333299,base faster
WFG5,2,IVFSPEA2,SPEA2,10,30,30,0.01,1.0,0.010000000000000009,10050.251256281406,0.0016666666666666718,IVF faster
WFG5,2,IVFNSGAIII,NSGAIII,10,30,30,0.013333333333333334,0.9999999999999996,0.013333333333333308,10050.251256281406,0.0013333333333333196,IVF faster
WFG5,2,IVFNSGAII,NSGAII,10,30,30,0.023333333333333334,0.9999978779719236,0.023333333333333317,10050.251256281406,0.0026666666666666726,IVF faster
WFG5,3,IVFSPEA2,SPEA2,10,30,30,0.0033333333333333335,1.0,0.0033333333333332993,90452.26130653266,0.00031666666666666345,IVF faster
WFG5,3,IVFNSGAIII,NSGAIII,10,30,30,0.9,5.90299077423856e-129,0.0,0.0,0.0,base faster
WFG5,3,IVFNSGAII,NSGAII,10,30,30,0.01,1.0,0.010000000000000009,70351.75879396984,-0.0029500000000000025,base faster
WFG6,2,IVFSPEA2,SPEA2,10,30,30,0.03333333333333333,0.996366687488538,0.033333333333333326,10050.251256281406,0.019899999999999935,IVF faster
WFG6,2,IVFNSGAIII,NSGAIII,10,30,30,0.023333333333333334,0.9999978779719236,0.023333333333333317,30150.75376884422,0.0179,IVF faster
WFG6,2,IVFNSGAII,NSGAII,10,30,30,0.016666666666666666,0.9999999999989688,0.01666666666666672,10050.251256281406,-0.004949999999999982,base faster
WFG6,3,IVFSPEA2,SPEA2,10,30,30,0.05,0.8483422371364409,0.04999999999999993,10050.251256281406,0.0053499999999999685,IVF faster
WFG6,3,IVFNSGAIII,NSGAIII,10,30,30,0.8266666666666667,5.483671984333691e-104,0.023333333333333317,20100.502512562813,0.009966666666666686,IVF faster
WFG6,3,IVFNSGAII,NSGAII,10,30,30,0.023333333333333334,0.9999978779719236,0.023333333333333428,10050.251256281406,0.006999999999999995,IVF faster
WFG7,2,IVFSPEA2,SPEA2,10,30,30,0.09333333333333334,0.14660689047075634,0.09333333333333338,10050.251256281406,0.010333333333333338,IVF faster
WFG7,2,IVFNSGAIII,NSGAIII,10,30,30,0.023333333333333334,0.9999978779719236,0.023333333333333317,10050.251256281406,-0.002333333333333332,base faster
WFG7,2,IVFNSGAII,NSGAII,10,30,30,0.056666666666666664,0.7220634112888834,0.05666666666666664,10050.251256281406,0.006333333333333335,IVF faster
WFG7,3,IVFSPEA2,SPEA2,10,30,30,0.0,1.0,0.0,0.0,0.0,base faster
WFG7,3,IVFNSGAIII,NSGAIII,10,30,30,0.9,5.90299077423856e-129,0.0,0.0,0.0,base faster
WFG7,3,IVFNSGAII,NSGAII,10,30,30,0.0033333333333333335,1.0,0.0033333333333332993,90452.26130653266,0.00031666666666666345,IVF faster
WFG8,2,IVFSPEA2,SPEA2,10,30,30,0.02,0.9999999905275543,0.020000000000000018,10050.251256281406,0.0003333333333333299,IVF faster
WFG8,2,IVFNSGAIII,NSGAIII,10,30,30,0.0,1.0,0.0,0.0,0.0,base faster
WFG8,2,IVFNSGAII,NSGAII,10,30,30,0.02,0.9999999905275543,0.020000000000000018,10050.251256281406,0.0016666666666666718,IVF faster
WFG8,3,IVFSPEA2,SPEA2,10,30,30,0.01,1.0,0.010000000000000009,10050.251256281406,0.0010000000000000009,IVF faster
WFG8,3,IVFNSGAIII,NSGAIII,10,30,30,0.8733333333333333,3.175284212640826e-119,0.00666666666666671,10050.251256281406,-0.0006833333333333374,base faster
WFG8,3,IVFNSGAII,NSGAII,10,30,30,0.0,1.0,0.0,0.0,0.0,base faster
WFG9,2,IVFSPEA2,SPEA2,10,30,30,0.07,0.4548928024568597,0.07000000000000006,90452.26130653266,-0.011983333333333325,base faster
WFG9,2,IVFNSGAIII,NSGAIII,10,30,30,0.023333333333333334,0.9999978779719236,0.023333333333333317,40201.005025125625,-0.011300000000000006,base faster
WFG9,2,IVFNSGAII,NSGAII,10,30,30,0.06,0.65357468169842,0.05999999999999994,70351.75879396984,-0.03408333333333331,base faster
WFG9,3,IVFSPEA2,SPEA2,10,30,30,0.03333333333333333,0.996366687488538,0.033333333333333326,20100.502512562813,-0.02884999999999999,base faster
WFG9,3,IVFNSGAIII,NSGAIII,10,30,30,0.8966666666666666,1.0853886262309611e-127,0.019999999999999907,10050.251256281406,0.0033333333333333327,IVF faster
WFG9,3,IVFNSGAII,NSGAII,10,30,30,0.0033333333333333335,1.0,0.0033333333333334103,30150.75376884422,0.0019833333333333903,IVF faster
ZDT1,2,IVFSPEA2,SPEA2,10,30,30,0.02,0.9999999905275543,0.019999999999999962,10050.251256281406,0.005649999999999971,IVF faster
ZDT1,2,IVFNSGAIII,NSGAIII,10,30,30,0.08,0.2926468667924955,0.08000000000000007,20100.502512562813,-0.013333333333333341,base faster
ZDT1,2,IVFNSGAII,NSGAII,10,30,30,0.03333333333333333,0.996366687488538,0.033333333333333326,10050.251256281406,-0.011883333333333322,base faster
ZDT2,2,IVFSPEA2,SPEA2,10,30,30,0.07333333333333333,0.3958302746926979,0.0733333333333333,10050.251256281406,0.010333333333333332,IVF faster
ZDT2,2,IVFNSGAIII,NSGAIII,10,30,30,0.1,0.09956251966128941,0.10000000000000009,20100.502512562813,-0.015333333333333343,base faster
ZDT2,2,IVFNSGAII,NSGAII,10,30,30,0.03,0.9993001912185819,0.02999999999999997,10050.251256281406,0.003249999999999983,IVF faster
ZDT3,2,IVFSPEA2,SPEA2,10,30,30,0.03666666666666667,0.9879477457246794,0.036666666666666625,20100.502512562813,-0.011349999999999973,base faster
ZDT3,2,IVFNSGAIII,NSGAIII,10,30,30,0.08,0.2926468667924955,0.08000000000000002,10050.251256281406,-0.010649999999999986,base faster
ZDT3,2,IVFNSGAII,NSGAII,10,30,30,0.03,0.9993001912185819,0.029999999999999916,10050.251256281406,-0.006983333333333339,base faster
ZDT4,2,IVFSPEA2,SPEA2,10,30,30,0.22333333333333333,5.734627909208728e-07,0.2233333333333333,10050.251256281406,0.047316666666666646,IVF faster
ZDT4,2,IVFNSGAIII,NSGAIII,10,30,30,0.03666666666666667,0.9879477457246794,0.036666666666666736,30150.75376884422,0.003999999999999997,IVF faster
ZDT4,2,IVFNSGAII,NSGAII,10,30,30,0.06666666666666667,0.5182685170344619,0.06666666666666668,10050.251256281406,0.0027000000000000093,IVF faster
ZDT6,2,IVFSPEA2,SPEA2,10,30,30,0.12333333333333334,0.020771538379556198,0.1233333333333333,20100.502512562813,0.02366666666666666,IVF faster
ZDT6,2,IVFNSGAIII,NSGAIII,10,30,30,0.14666666666666667,0.0031114599011612286,0.14666666666666672,20100.502512562813,-0.027333333333333334,base faster
ZDT6,2,IVFNSGAII,NSGAII,10,30,30,0.056666666666666664,0.7220634112888834,0.05666666666666664,10050.251256281406,-0.015083333333333355,base faster
