Grupo,Problema,M,instance,instance_label,Algoritmo,value,score,metric
DTLZ,DTLZ1,M2,DTLZ1__M2,DTLZ1 (M2),AGEMOEAII,0.00202766116504445,0.42480211727110806,IGD
DTLZ,DTLZ1,M2,DTLZ1__M2,DTLZ1 (M2),ARMOEA,0.00178702710436745,0.9974448164137653,IGD
DTLZ,DTLZ1,M2,DTLZ1__M2,DTLZ1 (M2),IVFSPEA2,0.0018257656624906002,0.9052577319165633,IGD
DTLZ,DTLZ1,M2,DTLZ1__M2,DTLZ1 (M2),MFOSPEA2,0.00183661332827075,0.8794432790736615,IGD
DTLZ,DTLZ1,M2,DTLZ1__M2,DTLZ1 (M2),MOEAD,0.0017866176021831002,0.9984193186745475,IGD
DTLZ,DTLZ1,M2,DTLZ1__M2,DTLZ1 (M2),NSGAII,0.00220617013515125,0.0,IGD
DTLZ,DTLZ1,M2,DTLZ1__M2,DTLZ1 (M2),NSGAIII,0.0017859533733951501,1.0,IGD
DTLZ,DTLZ1,M2,DTLZ1__M2,DTLZ1 (M2),SPEA2,0.0018341394130401,0.8853305150332919,IGD
DTLZ,DTLZ1,M2,DTLZ1__M2,DTLZ1 (M2),SPEA2SDE,0.00199981901758315,0.491058749550474,IGD
DTLZ,DTLZ1,M3,DTLZ1__M3,DTLZ1 (M3),AGEMOEAII,0.02004388482661435,1.0,IGD
DTLZ,DTLZ1,M3,DTLZ1__M3,DTLZ1 (M3),ARMOEA,0.0205611568669744,0.9231268062882114,IGD
DTLZ,DTLZ1,M3,DTLZ1__M3,DTLZ1 (M3),IVFSPEA2,0.02008858482020785,0.9933570133347303,IGD
DTLZ,DTLZ1,M3,DTLZ1__M3,DTLZ1 (M3),MFOSPEA2,0.0201623250418378,0.9823982800195414,IGD
DTLZ,DTLZ1,M3,DTLZ1__M3,DTLZ1 (M3),MOEAD,0.02056135012393715,0.9230980858494972,IGD
DTLZ,DTLZ1,M3,DTLZ1__M3,DTLZ1 (M3),NSGAII,0.02677278492018135,0.0,IGD
DTLZ,DTLZ1,M3,DTLZ1__M3,DTLZ1 (M3),NSGAIII,0.0205633411662313,0.9228021916815854,IGD
DTLZ,DTLZ1,M3,DTLZ1__M3,DTLZ1 (M3),SPEA2,0.020106094205993748,0.9907548962662011,IGD
DTLZ,DTLZ1,M3,DTLZ1__M3,DTLZ1 (M3),SPEA2SDE,0.02056576133391105,0.9224425240321779,IGD
DTLZ,DTLZ2,M2,DTLZ2__M2,DTLZ2 (M2),AGEMOEAII,0.00449581607367235,0.9071195528027501,IGD
DTLZ,DTLZ2,M2,DTLZ2__M2,DTLZ2 (M2),ARMOEA,0.00396651323268425,0.999891253335618,IGD
DTLZ,DTLZ2,M2,DTLZ2__M2,DTLZ2 (M2),IVFSPEA2,0.004121174652654399,0.9727835149553107,IGD
DTLZ,DTLZ2,M2,DTLZ2__M2,DTLZ2 (M2),MFOSPEA2,0.0041742493308982,0.9634810367242844,IGD
DTLZ,DTLZ2,M2,DTLZ2__M2,DTLZ2 (M2),MOEAD,0.0039658927857368,1.0,IGD
DTLZ,DTLZ2,M2,DTLZ2__M2,DTLZ2 (M2),NSGAII,0.00512477643792005,0.7968807291264892,IGD
DTLZ,DTLZ2,M2,DTLZ2__M2,DTLZ2 (M2),NSGAIII,0.0039660399534517995,0.999974205694497,IGD
DTLZ,DTLZ2,M2,DTLZ2__M2,DTLZ2 (M2),SPEA2,0.00418100382446195,0.9622971665357594,IGD
DTLZ,DTLZ2,M2,DTLZ2__M2,DTLZ2 (M2),SPEA2SDE,0.00967132707170825,0.0,IGD
DTLZ,DTLZ2,M3,DTLZ2__M3,DTLZ2 (M3),AGEMOEAII,0.05257087289111635,1.0,IGD
DTLZ,DTLZ2,M3,DTLZ2__M3,DTLZ2 (M3),ARMOEA,0.054464906480820655,0.9217978906672936,IGD
DTLZ,DTLZ2,M3,DTLZ2__M3,DTLZ2 (M3),IVFSPEA2,0.053725462043217945,0.9523285608038757,IGD
DTLZ,DTLZ2,M3,DTLZ2__M3,DTLZ2 (M3),MFOSPEA2,0.05420355921561335,0.9325885691001592,IGD
DTLZ,DTLZ2,M3,DTLZ2__M3,DTLZ2 (M3),MOEAD,0.0544638767893206,0.9218404052497717,IGD
DTLZ,DTLZ2,M3,DTLZ2__M3,DTLZ2 (M3),NSGAII,0.06870394238123775,0.3338871754985123,IGD
DTLZ,DTLZ2,M3,DTLZ2__M3,DTLZ2 (M3),NSGAIII,0.054464163201420196,0.9218285796779084,IGD
DTLZ,DTLZ2,M3,DTLZ2__M3,DTLZ2 (M3),SPEA2,0.05424000057341885,0.9310839542597313,IGD
DTLZ,DTLZ2,M3,DTLZ2__M3,DTLZ2 (M3),SPEA2SDE,0.07679059798377649,0.0,IGD
DTLZ,DTLZ3,M2,DTLZ3__M2,DTLZ3 (M2),AGEMOEAII,0.00454477957324525,0.9174800284433681,IGD
DTLZ,DTLZ3,M2,DTLZ3__M2,DTLZ3 (M2),ARMOEA,0.00422288157468775,0.9709429527983316,IGD
DTLZ,DTLZ3,M2,DTLZ3__M2,DTLZ3 (M2),IVFSPEA2,0.00404793032667695,1.0,IGD
DTLZ,DTLZ3,M2,DTLZ3__M2,DTLZ3 (M2),MFOSPEA2,0.00428139817264495,0.9612241335943758,IGD
DTLZ,DTLZ3,M2,DTLZ3__M2,DTLZ3 (M2),MOEAD,0.0044009048698449,0.9413756799197837,IGD
DTLZ,DTLZ3,M2,DTLZ3__M2,DTLZ3 (M2),NSGAII,0.0053100530778787,0.7903784009948592,IGD
DTLZ,DTLZ3,M2,DTLZ3__M2,DTLZ3 (M2),NSGAIII,0.004224134315513351,0.9707348894108747,IGD
DTLZ,DTLZ3,M2,DTLZ3__M2,DTLZ3 (M2),SPEA2,0.0042939187025745,0.9591446421172393,IGD
DTLZ,DTLZ3,M2,DTLZ3__M2,DTLZ3 (M2),SPEA2SDE,0.010068887886354749,0.0,IGD
DTLZ,DTLZ3,M3,DTLZ3__M3,DTLZ3 (M3),AGEMOEAII,0.05284086630214235,1.0,IGD
DTLZ,DTLZ3,M3,DTLZ3__M3,DTLZ3 (M3),ARMOEA,0.05464598043837785,0.9204476241542925,IGD
DTLZ,DTLZ3,M3,DTLZ3__M3,DTLZ3 (M3),IVFSPEA2,0.05301341506056595,0.9923956810230014,IGD
DTLZ,DTLZ3,M3,DTLZ3__M3,DTLZ3 (M3),MFOSPEA2,0.0534846353146662,0.9716287444577214,IGD
DTLZ,DTLZ3,M3,DTLZ3__M3,DTLZ3 (M3),MOEAD,0.05461472552025225,0.9218250456390858,IGD
DTLZ,DTLZ3,M3,DTLZ3__M3,DTLZ3 (M3),NSGAII,0.0691456099017772,0.2814409544146267,IGD
DTLZ,DTLZ3,M3,DTLZ3__M3,DTLZ3 (M3),NSGAIII,0.054626032638007,0.9213267347216202,IGD
DTLZ,DTLZ3,M3,DTLZ3__M3,DTLZ3 (M3),SPEA2,0.0532882754632287,0.9802824314401632,IGD
DTLZ,DTLZ3,M3,DTLZ3__M3,DTLZ3 (M3),SPEA2SDE,0.0755317553805092,0.0,IGD
DTLZ,DTLZ4,M2,DTLZ4__M2,DTLZ4 (M2),AGEMOEAII,0.00452935266990895,0.903876577756399,IGD
DTLZ,DTLZ4,M2,DTLZ4__M2,DTLZ4 (M2),ARMOEA,0.0039884811715271,0.9961459616422841,IGD
DTLZ,DTLZ4,M2,DTLZ4__M2,DTLZ4 (M2),IVFSPEA2,0.0041117571637087,0.9751158280882933,IGD
DTLZ,DTLZ4,M2,DTLZ4__M2,DTLZ4 (M2),MFOSPEA2,0.0041663866503719,0.9657963703400188,IGD
DTLZ,DTLZ4,M2,DTLZ4__M2,DTLZ4 (M2),MOEAD,0.0039658892844507,1.0,IGD
DTLZ,DTLZ4,M2,DTLZ4__M2,DTLZ4 (M2),NSGAII,0.0052006376520084,0.7893594477255699,IGD
DTLZ,DTLZ4,M2,DTLZ4__M2,DTLZ4 (M2),NSGAIII,0.003966222191465,0.9999432080906598,IGD
DTLZ,DTLZ4,M2,DTLZ4__M2,DTLZ4 (M2),SPEA2,0.00416475354508685,0.9660749681565484,IGD
DTLZ,DTLZ4,M2,DTLZ4__M2,DTLZ4 (M2),SPEA2SDE,0.00982776324093855,0.0,IGD
DTLZ,DTLZ4,M3,DTLZ4__M3,DTLZ4 (M3),AGEMOEAII,0.0556734350683976,0.9506751504036306,IGD
DTLZ,DTLZ4,M3,DTLZ4__M3,DTLZ4 (M3),ARMOEA,0.05448373690836855,0.9991919036292303,IGD
DTLZ,DTLZ4,M3,DTLZ4__M3,DTLZ4 (M3),IVFSPEA2,0.05447963984648435,0.9993589847823027,IGD
DTLZ,DTLZ4,M3,DTLZ4__M3,DTLZ4 (M3),MFOSPEA2,0.054885707898693,0.9827992353065819,IGD
DTLZ,DTLZ4,M3,DTLZ4__M3,DTLZ4 (M3),MOEAD,0.0544639212632251,1.0,IGD
DTLZ,DTLZ4,M3,DTLZ4__M3,DTLZ4 (M3),NSGAII,0.06774802901340615,0.4582644580016214,IGD
DTLZ,DTLZ4,M3,DTLZ4__M3,DTLZ4 (M3),NSGAIII,0.0544676524331259,0.9998478401871987,IGD
DTLZ,DTLZ4,M3,DTLZ4__M3,DTLZ4 (M3),SPEA2,0.0549836185510664,0.97880636793992,IGD
DTLZ,DTLZ4,M3,DTLZ4__M3,DTLZ4 (M3),SPEA2SDE,0.07898530987505226,0.0,IGD
DTLZ,DTLZ5,M2,DTLZ5__M2,DTLZ5 (M2),AGEMOEAII,0.00447703665771275,0.9158543650748932,IGD
DTLZ,DTLZ5,M2,DTLZ5__M2,DTLZ5 (M2),ARMOEA,0.00396645323122725,0.9999076200388959,IGD
DTLZ,DTLZ5,M2,DTLZ5__M2,DTLZ5 (M2),IVFSPEA2,0.00412167735220955,0.9743543177954299,IGD
DTLZ,DTLZ5,M2,DTLZ5__M2,DTLZ5 (M2),MFOSPEA2,0.0041708235055463,0.9662637806909493,IGD
DTLZ,DTLZ5,M2,DTLZ5__M2,DTLZ5 (M2),MOEAD,0.0039658920670332005,1.0,IGD
DTLZ,DTLZ5,M2,DTLZ5__M2,DTLZ5 (M2),NSGAII,0.0050335122052038005,0.8242462582539274,IGD
DTLZ,DTLZ5,M2,DTLZ5__M2,DTLZ5 (M2),NSGAIII,0.00396603492190995,0.9999764829472415,IGD
DTLZ,DTLZ5,M2,DTLZ5__M2,DTLZ5 (M2),SPEA2,0.0041740627226965,0.9657305343478715,IGD
DTLZ,DTLZ5,M2,DTLZ5__M2,DTLZ5 (M2),SPEA2SDE,0.0100404150192278,0.0,IGD
DTLZ,DTLZ5,M3,DTLZ5__M3,DTLZ5 (M3),AGEMOEAII,0.01122186776561145,0.7656646406119465,IGD
DTLZ,DTLZ5,M3,DTLZ5__M3,DTLZ5 (M3),ARMOEA,0.0053722941377020005,0.9630953502331105,IGD
DTLZ,DTLZ5,M3,DTLZ5__M3,DTLZ5 (M3),IVFSPEA2,0.0042788651243643,1.0,IGD
DTLZ,DTLZ5,M3,DTLZ5__M3,DTLZ5 (M3),MFOSPEA2,0.0044039978933984,0.9957766064744632,IGD
DTLZ,DTLZ5,M3,DTLZ5__M3,DTLZ5 (M3),MOEAD,0.033907354223825,0.0,IGD
DTLZ,DTLZ5,M3,DTLZ5__M3,DTLZ5 (M3),NSGAII,0.00580258983838335,0.9485723113013284,IGD
DTLZ,DTLZ5,M3,DTLZ5__M3,DTLZ5 (M3),NSGAIII,0.01285259187223145,0.7106255834009703,IGD
DTLZ,DTLZ5,M3,DTLZ5__M3,DTLZ5 (M3),SPEA2,0.0044071630883601495,0.9956697770323298,IGD
DTLZ,DTLZ5,M3,DTLZ5__M3,DTLZ5 (M3),SPEA2SDE,0.0098391182050315,0.812334234729222,IGD
DTLZ,DTLZ6,M2,DTLZ6__M2,DTLZ6 (M2),AGEMOEAII,0.0044584738877193,0.9111464005368067,IGD
DTLZ,DTLZ6,M2,DTLZ6__M2,DTLZ6 (M2),ARMOEA,0.0039660495075855,0.9999692127039986,IGD
DTLZ,DTLZ6,M2,DTLZ6__M2,DTLZ6 (M2),IVFSPEA2,0.0040582664004898995,0.9833352601875455,IGD
DTLZ,DTLZ6,M2,DTLZ6__M2,DTLZ6 (M2),MFOSPEA2,0.0040861637586819,0.9783031742336055,IGD
DTLZ,DTLZ6,M2,DTLZ6__M2,DTLZ6 (M2),MOEAD,0.0039658788260367,1.0,IGD
DTLZ,DTLZ6,M2,DTLZ6__M2,DTLZ6 (M2),NSGAII,0.00565028091286595,0.6961699375408504,IGD
DTLZ,DTLZ6,M2,DTLZ6__M2,DTLZ6 (M2),NSGAIII,0.00396597471975215,0.999982702827441,IGD
DTLZ,DTLZ6,M2,DTLZ6__M2,DTLZ6 (M2),SPEA2,0.004093124659048,0.9770475768857148,IGD
DTLZ,DTLZ6,M2,DTLZ6__M2,DTLZ6 (M2),SPEA2SDE,0.0095097742299213,0.0,IGD
DTLZ,DTLZ6,M3,DTLZ6__M3,DTLZ6 (M3),AGEMOEAII,0.0073923086663769,0.8880344013718207,IGD
DTLZ,DTLZ6,M3,DTLZ6__M3,DTLZ6 (M3),ARMOEA,0.004998303437221,0.968160831835713,IGD
DTLZ,DTLZ6,M3,DTLZ6__M3,DTLZ6 (M3),IVFSPEA2,0.0040470176425589505,1.0,IGD
DTLZ,DTLZ6,M3,DTLZ6__M3,DTLZ6 (M3),MFOSPEA2,0.0040842405769659,0.9987541627607589,IGD
DTLZ,DTLZ6,M3,DTLZ6__M3,DTLZ6 (M3),MOEAD,0.03392486463132155,0.0,IGD
DTLZ,DTLZ6,M3,DTLZ6__M3,DTLZ6 (M3),NSGAII,0.00583142701845205,0.9402765073211521,IGD
DTLZ,DTLZ6,M3,DTLZ6__M3,DTLZ6 (M3),NSGAIII,0.0182143345653526,0.5258253739594376,IGD
DTLZ,DTLZ6,M3,DTLZ6__M3,DTLZ6 (M3),SPEA2,0.004082885816618,0.9987995060663997,IGD
DTLZ,DTLZ6,M3,DTLZ6__M3,DTLZ6 (M3),SPEA2SDE,0.009669884557958551,0.8118048158719594,IGD
DTLZ,DTLZ7,M2,DTLZ7__M2,DTLZ7 (M2),AGEMOEAII,0.00524454831812835,0.805466435733289,IGD
DTLZ,DTLZ7,M2,DTLZ7__M2,DTLZ7 (M2),ARMOEA,0.0050516178532619,0.8777161707486807,IGD
DTLZ,DTLZ7,M2,DTLZ7__M2,DTLZ7 (M2),IVFSPEA2,0.0047250799632879,1.0,IGD
DTLZ,DTLZ7,M2,DTLZ7__M2,DTLZ7 (M2),MFOSPEA2,0.00472904650581585,0.9985145858287853,IGD
DTLZ,DTLZ7,M2,DTLZ7__M2,DTLZ7 (M2),MOEAD,0.0073954076098232,0.0,IGD
DTLZ,DTLZ7,M2,DTLZ7__M2,DTLZ7 (M2),NSGAII,0.0053783927105526,0.7553436005831116,IGD
DTLZ,DTLZ7,M2,DTLZ7__M2,DTLZ7 (M2),NSGAIII,0.005115477919686,0.8538014775435387,IGD
DTLZ,DTLZ7,M2,DTLZ7__M2,DTLZ7 (M2),SPEA2,0.00477429662951355,0.9815690534120383,IGD
DTLZ,DTLZ7,M2,DTLZ7__M2,DTLZ7 (M2),SPEA2SDE,0.005246063099682801,0.8048991714290692,IGD
DTLZ,DTLZ7,M3,DTLZ7__M3,DTLZ7 (M3),AGEMOEAII,0.06064552445009965,0.9923991902295993,IGD
DTLZ,DTLZ7,M3,DTLZ7__M3,DTLZ7 (M3),ARMOEA,0.06816482444748845,0.9128037826970852,IGD
DTLZ,DTLZ7,M3,DTLZ7__M3,DTLZ7 (M3),IVFSPEA2,0.0599850989668732,0.9993901116585251,IGD
DTLZ,DTLZ7,M3,DTLZ7__M3,DTLZ7 (M3),MFOSPEA2,0.06043389701158275,0.9946393684668906,IGD
DTLZ,DTLZ7,M3,DTLZ7__M3,DTLZ7 (M3),MOEAD,0.15439650154578,0.0,IGD
DTLZ,DTLZ7,M3,DTLZ7__M3,DTLZ7 (M3),NSGAII,0.07720538834936855,0.8171050649515809,IGD
DTLZ,DTLZ7,M3,DTLZ7__M3,DTLZ7 (M3),NSGAIII,0.0759067963323159,0.8308512861226566,IGD
DTLZ,DTLZ7,M3,DTLZ7__M3,DTLZ7 (M3),SPEA2,0.060587852895987296,0.9930096713720196,IGD
DTLZ,DTLZ7,M3,DTLZ7__M3,DTLZ7 (M3),SPEA2SDE,0.0599274834140841,1.0,IGD
MaF,MaF1,M2,MaF1__M2,MaF1 (M2),AGEMOEAII,0.0040602630738276,0.5367817021774702,IGD
MaF,MaF1,M2,MaF1__M2,MaF1 (M2),ARMOEA,0.0035708127555604497,0.9997821960520188,IGD
MaF,MaF1,M2,MaF1__M2,MaF1 (M2),IVFSPEA2,0.0037353057061909,0.8441784206771898,IGD
MaF,MaF1,M2,MaF1__M2,MaF1 (M2),MFOSPEA2,0.00380068672290195,0.7823305846508303,IGD
MaF,MaF1,M2,MaF1__M2,MaF1 (M2),MOEAD,0.0035705825091286,1.0,IGD
MaF,MaF1,M2,MaF1__M2,MaF1 (M2),NSGAII,0.00462770949871615,0.0,IGD
MaF,MaF1,M2,MaF1__M2,MaF1 (M2),NSGAIII,0.0035707034893507497,0.9998855575315536,IGD
MaF,MaF1,M2,MaF1__M2,MaF1 (M2),SPEA2,0.0038039315396105004,0.7792611173677969,IGD
MaF,MaF1,M2,MaF1__M2,MaF1 (M2),SPEA2SDE,0.0039788566597399,0.6137889254245671,IGD
MaF,MaF1,M3,MaF1__M3,MaF1 (M3),AGEMOEAII,0.039929025021880005,1.0,IGD
MaF,MaF1,M3,MaF1__M3,MaF1 (M3),ARMOEA,0.043550548915540346,0.8814410969609039,IGD
MaF,MaF1,M3,MaF1__M3,MaF1 (M3),IVFSPEA2,0.04114747607023925,0.9601112062374655,IGD
MaF,MaF1,M3,MaF1__M3,MaF1 (M3),MFOSPEA2,0.0419005365186855,0.9354580427318455,IGD
MaF,MaF1,M3,MaF1__M3,MaF1 (M3),MOEAD,0.070475224428483,0.0,IGD
MaF,MaF1,M3,MaF1__M3,MaF1 (M3),NSGAII,0.05713972027360595,0.43656835920459536,IGD
MaF,MaF1,M3,MaF1__M3,MaF1 (M3),NSGAIII,0.060658443121920855,0.32137488451149543,IGD
MaF,MaF1,M3,MaF1__M3,MaF1 (M3),SPEA2,0.0417234503887379,0.9412553639497946,IGD
MaF,MaF1,M3,MaF1__M3,MaF1 (M3),SPEA2SDE,0.0420327915090101,0.9311283718433615,IGD
MaF,MaF2,M2,MaF2__M2,MaF2 (M2),AGEMOEAII,0.00253534402460055,0.2970956187246414,IGD
MaF,MaF2,M2,MaF2__M2,MaF2 (M2),ARMOEA,0.00200792490787,0.9984577210614443,IGD
MaF,MaF2,M2,MaF2__M2,MaF2 (M2),IVFSPEA2,0.00211446515941885,0.856780462047778,IGD
MaF,MaF2,M2,MaF2__M2,MaF2 (M2),MFOSPEA2,0.0021783113983624,0.7718777140220117,IGD
MaF,MaF2,M2,MaF2__M2,MaF2 (M2),MOEAD,0.0020121429649803,0.9928485474292946,IGD
MaF,MaF2,M2,MaF2__M2,MaF2 (M2),NSGAII,0.00275875773385315,0.0,IGD
MaF,MaF2,M2,MaF2__M2,MaF2 (M2),NSGAIII,0.0020067651255082,1.0,IGD
MaF,MaF2,M2,MaF2__M2,MaF2 (M2),SPEA2,0.0021890444626624997,0.7576048818412248,IGD
MaF,MaF2,M2,MaF2__M2,MaF2 (M2),SPEA2SDE,0.0023808991710207,0.502476432134185,IGD
MaF,MaF2,M3,MaF2__M3,MaF2 (M3),AGEMOEAII,0.02963143310709135,1.0,IGD
MaF,MaF2,M3,MaF2__M3,MaF2 (M3),ARMOEA,0.03287609038411645,0.7972805337656984,IGD
MaF,MaF2,M3,MaF2__M3,MaF2 (M3),IVFSPEA2,0.0310791484211045,0.9095497457330685,IGD
MaF,MaF2,M3,MaF2__M3,MaF2 (M3),MFOSPEA2,0.03085736397527995,0.9234063785414017,IGD
MaF,MaF2,M3,MaF2__M3,MaF2 (M3),MOEAD,0.0388615418625447,0.42332192264521207,IGD
MaF,MaF2,M3,MaF2__M3,MaF2 (M3),NSGAII,0.0456370853382143,0.0,IGD
MaF,MaF2,M3,MaF2__M3,MaF2 (M3),NSGAIII,0.03597193761596065,0.6038584109343441,IGD
MaF,MaF2,M3,MaF2__M3,MaF2 (M3),SPEA2,0.03233035843814765,0.8313767354129908,IGD
MaF,MaF2,M3,MaF2__M3,MaF2 (M3),SPEA2SDE,0.031193341492370102,0.9024151991606049,IGD
MaF,MaF3,M2,MaF3__M2,MaF3 (M2),AGEMOEAII,0.0047530368234117,0.8686364398170219,IGD
MaF,MaF3,M2,MaF3__M2,MaF3 (M2),ARMOEA,0.0064812251789955,0.6372029966741628,IGD
MaF,MaF3,M2,MaF3__M2,MaF3 (M2),IVFSPEA2,0.0037721026421917497,1.0,IGD
MaF,MaF3,M2,MaF3__M2,MaF3 (M2),MFOSPEA2,0.00438693267686845,0.9176639332089445,IGD
MaF,MaF3,M2,MaF3__M2,MaF3 (M2),MOEAD,0.01123942599924445,0.0,IGD
MaF,MaF3,M2,MaF3__M2,MaF3 (M2),NSGAII,0.004907900177715901,0.847897635978035,IGD
MaF,MaF3,M2,MaF3__M2,MaF3 (M2),NSGAIII,0.00642747863615535,0.6444005613529962,IGD
MaF,MaF3,M2,MaF3__M2,MaF3 (M2),SPEA2,0.00420216846843205,0.94240696355621,IGD
MaF,MaF3,M2,MaF3__M2,MaF3 (M2),SPEA2SDE,0.007758436133573601,0.46616300101469976,IGD
MaF,MaF3,M3,MaF3__M3,MaF3 (M3),AGEMOEAII,0.0339948835184863,0.9430567792238101,IGD
MaF,MaF3,M3,MaF3__M3,MaF3 (M3),ARMOEA,0.0468548082712269,0.4606956804219633,IGD
MaF,MaF3,M3,MaF3__M3,MaF3 (M3),IVFSPEA2,0.0324767562561937,1.0,IGD
MaF,MaF3,M3,MaF3__M3,MaF3 (M3),MFOSPEA2,0.0333824457835701,0.9660286196071635,IGD
MaF,MaF3,M3,MaF3__M3,MaF3 (M3),MOEAD,0.0522602748534685,0.25794279887099947,IGD
MaF,MaF3,M3,MaF3__M3,MaF3 (M3),NSGAII,0.0564028663604044,0.10255891991424648,IGD
MaF,MaF3,M3,MaF3__M3,MaF3 (M3),NSGAIII,0.0469560478660028,0.4568982987795902,IGD
MaF,MaF3,M3,MaF3__M3,MaF3 (M3),SPEA2,0.033261271718658,0.9705737204705903,IGD
MaF,MaF3,M3,MaF3__M3,MaF3 (M3),SPEA2SDE,0.059137124981374495,0.0,IGD
MaF,MaF4,M2,MaF4__M2,MaF4 (M2),AGEMOEAII,0.0147849794874448,0.9867091472264561,IGD
MaF,MaF4,M2,MaF4__M2,MaF4 (M2),ARMOEA,0.035076425830102606,0.8705171811882668,IGD
MaF,MaF4,M2,MaF4__M2,MaF4 (M2),IVFSPEA2,0.01246390140349285,1.0,IGD
MaF,MaF4,M2,MaF4__M2,MaF4 (M2),MFOSPEA2,0.01260784322450245,0.9991757668282589,IGD
MaF,MaF4,M2,MaF4__M2,MaF4 (M2),MOEAD,0.187101159335668,0.0,IGD
MaF,MaF4,M2,MaF4__M2,MaF4 (M2),NSGAII,0.0155245669278298,0.982474154939345,IGD
MaF,MaF4,M2,MaF4__M2,MaF4 (M2),NSGAIII,0.035082732739078595,0.8704810668501772,IGD
MaF,MaF4,M2,MaF4__M2,MaF4 (M2),SPEA2,0.01266500027136085,0.9988484767211239,IGD
MaF,MaF4,M2,MaF4__M2,MaF4 (M2),SPEA2SDE,0.04087985681993505,0.8372858360643851,IGD
MaF,MaF4,M3,MaF4__M3,MaF4 (M3),AGEMOEAII,0.2912548899447585,0.8824947532118319,IGD
MaF,MaF4,M3,MaF4__M3,MaF4 (M3),ARMOEA,0.3421215710279975,0.7675943995119847,IGD
MaF,MaF4,M3,MaF4__M3,MaF4 (M3),IVFSPEA2,0.239235016014736,1.0,IGD
MaF,MaF4,M3,MaF4__M3,MaF4 (M3),MFOSPEA2,0.241499387320628,0.9948851181477908,IGD
MaF,MaF4,M3,MaF4__M3,MaF4 (M3),MOEAD,0.6819375791079485,0.0,IGD
MaF,MaF4,M3,MaF4__M3,MaF4 (M3),NSGAII,0.296490074965269,0.8706692399734813,IGD
MaF,MaF4,M3,MaF4__M3,MaF4 (M3),NSGAIII,0.33845791379435,0.77587006253966,IGD
MaF,MaF4,M3,MaF4__M3,MaF4 (M3),SPEA2,0.24174674691034848,0.9943263692035964,IGD
MaF,MaF4,M3,MaF4__M3,MaF4 (M3),SPEA2SDE,0.4628268593406475,0.4949389003676641,IGD
MaF,MaF5,M2,MaF5__M2,MaF5 (M2),AGEMOEAII,0.01402773558841565,0.9127653764727869,IGD
MaF,MaF5,M2,MaF5__M2,MaF5 (M2),ARMOEA,0.012231666642175,0.9999688789869244,IGD
MaF,MaF5,M2,MaF5__M2,MaF5 (M2),IVFSPEA2,0.0127010501506136,0.9771791714738055,IGD
MaF,MaF5,M2,MaF5__M2,MaF5 (M2),MFOSPEA2,0.01287100572529145,0.9689274162086567,IGD
MaF,MaF5,M2,MaF5__M2,MaF5 (M2),MOEAD,0.013102320983757201,0.9576964995083833,IGD
MaF,MaF5,M2,MaF5__M2,MaF5 (M2),NSGAII,0.01595066348793275,0.8194025641648138,IGD
MaF,MaF5,M2,MaF5__M2,MaF5 (M2),NSGAIII,0.0122310256646506,1.0,IGD
MaF,MaF5,M2,MaF5__M2,MaF5 (M2),SPEA2,0.01285372847248825,0.9697662687267712,IGD
MaF,MaF5,M2,MaF5__M2,MaF5 (M2),SPEA2SDE,0.032827319327849144,0.0,IGD
MaF,MaF5,M3,MaF5__M3,MaF5 (M3),AGEMOEAII,0.2587839313538155,0.8966420349055113,IGD
MaF,MaF5,M3,MaF5__M3,MaF5 (M3),ARMOEA,0.2597748640049835,0.8888884505867887,IGD
MaF,MaF5,M3,MaF5__M3,MaF5 (M3),IVFSPEA2,0.24755897503234198,0.9844720657455857,IGD
MaF,MaF5,M3,MaF5__M3,MaF5 (M3),MFOSPEA2,0.24557445581834,1.0,IGD
MaF,MaF5,M3,MaF5__M3,MaF5 (M3),MOEAD,0.296568995490222,0.6009915884047874,IGD
MaF,MaF5,M3,MaF5__M3,MaF5 (M3),NSGAII,0.30056859000416547,0.5696966328212688,IGD
MaF,MaF5,M3,MaF5__M3,MaF5 (M3),NSGAIII,0.259786125537837,0.8888003343617006,IGD
MaF,MaF5,M3,MaF5__M3,MaF5 (M3),SPEA2,0.24704073000052001,0.9885270906226591,IGD
MaF,MaF5,M3,MaF5__M3,MaF5 (M3),SPEA2SDE,0.37337762535055297,0.0,IGD
MaF,MaF6,M2,MaF6__M2,MaF6 (M2),AGEMOEAII,0.0044888200006096505,0.9136981912292944,IGD
MaF,MaF6,M2,MaF6__M2,MaF6 (M2),ARMOEA,0.0039667610087074,0.9998594930348564,IGD
MaF,MaF6,M2,MaF6__M2,MaF6 (M2),IVFSPEA2,0.0040509652012231,0.9859623224905795,IGD
MaF,MaF6,M2,MaF6__M2,MaF6 (M2),MFOSPEA2,0.0040760679999338,0.9818193236160733,IGD
MaF,MaF6,M2,MaF6__M2,MaF6 (M2),MOEAD,0.003965909664507151,1.0,IGD
MaF,MaF6,M2,MaF6__M2,MaF6 (M2),NSGAII,0.00496202570577085,0.8355997000416511,IGD
MaF,MaF6,M2,MaF6__M2,MaF6 (M2),NSGAIII,0.00396609095403995,0.9999700797373631,IGD
MaF,MaF6,M2,MaF6__M2,MaF6 (M2),SPEA2,0.0040891875962685495,0.9796540482029507,IGD
MaF,MaF6,M2,MaF6__M2,MaF6 (M2),SPEA2SDE,0.0100249986169973,0.0,IGD
MaF,MaF6,M3,MaF6__M3,MaF6 (M3),AGEMOEAII,0.00530699131852105,0.9580475783564756,IGD
MaF,MaF6,M3,MaF6__M3,MaF6 (M3),ARMOEA,0.0050546828842549,0.9664925181446734,IGD
MaF,MaF6,M3,MaF6__M3,MaF6 (M3),IVFSPEA2,0.00405358394274035,1.0,IGD
MaF,MaF6,M3,MaF6__M3,MaF6 (M3),MFOSPEA2,0.0040823679460615,0.9990365792740247,IGD
MaF,MaF6,M3,MaF6__M3,MaF6 (M3),MOEAD,0.0339304617647426,0.0,IGD
MaF,MaF6,M3,MaF6__M3,MaF6 (M3),NSGAII,0.00524368983533185,0.9601663232790988,IGD
MaF,MaF6,M3,MaF6__M3,MaF6 (M3),NSGAIII,0.015183316733689549,0.6274800580818078,IGD
MaF,MaF6,M3,MaF6__M3,MaF6 (M3),SPEA2,0.00408784178107915,0.9988533661869591,IGD
MaF,MaF6,M3,MaF6__M3,MaF6 (M3),SPEA2SDE,0.00957254512468265,0.8152765086491746,IGD
MaF,MaF7,M2,MaF7__M2,MaF7 (M2),AGEMOEAII,0.00522752206388635,0.810721739249642,IGD
MaF,MaF7,M2,MaF7__M2,MaF7 (M2),ARMOEA,0.00505137025223765,0.8770384307588283,IGD
MaF,MaF7,M2,MaF7__M2,MaF7 (M2),IVFSPEA2,0.0047247571071594,1.0,IGD
MaF,MaF7,M2,MaF7__M2,MaF7 (M2),MFOSPEA2,0.00475738138663035,0.9877177858284012,IGD
MaF,MaF7,M2,MaF7__M2,MaF7 (M2),MOEAD,0.007380978454153151,0.0,IGD
MaF,MaF7,M2,MaF7__M2,MaF7 (M2),NSGAII,0.0054252061173488,0.7362987045555702,IGD
MaF,MaF7,M2,MaF7__M2,MaF7 (M2),NSGAIII,0.0051169374833777495,0.8523540304115806,IGD
MaF,MaF7,M2,MaF7__M2,MaF7 (M2),SPEA2,0.0047839910171274,0.9776999345197495,IGD
MaF,MaF7,M2,MaF7__M2,MaF7 (M2),SPEA2SDE,0.00517534843165725,0.8303637891443729,IGD
MaF,MaF7,M3,MaF7__M3,MaF7 (M3),AGEMOEAII,0.06103557644380985,0.9803305636758792,IGD
MaF,MaF7,M3,MaF7__M3,MaF7 (M3),ARMOEA,0.06871217787180865,0.8997654429128645,IGD
MaF,MaF7,M3,MaF7__M3,MaF7 (M3),IVFSPEA2,0.0594476497184779,0.996995686854293,IGD
MaF,MaF7,M3,MaF7__M3,MaF7 (M3),MFOSPEA2,0.060372522108945,0.9872892488521073,IGD
MaF,MaF7,M3,MaF7__M3,MaF7 (M3),MOEAD,0.154445813203238,0.0,IGD
MaF,MaF7,M3,MaF7__M3,MaF7 (M3),NSGAII,0.07672079838664535,0.8157158169195589,IGD
MaF,MaF7,M3,MaF7__M3,MaF7 (M3),NSGAIII,0.07614004655976364,0.8218107459718105,IGD
MaF,MaF7,M3,MaF7__M3,MaF7 (M3),SPEA2,0.060142089543766805,0.9897076142727219,IGD
MaF,MaF7,M3,MaF7__M3,MaF7 (M3),SPEA2SDE,0.0591613854596266,1.0,IGD
WFG,WFG1,M2,WFG1__M2,WFG1 (M2),AGEMOEAII,0.01985590162408795,1.0,IGD
WFG,WFG1,M2,WFG1__M2,WFG1 (M2),ARMOEA,0.1040889930223145,0.05853738027232647,IGD
WFG,WFG1,M2,WFG1__M2,WFG1 (M2),IVFSPEA2,0.02220968806110575,0.9736920263937873,IGD
WFG,WFG1,M2,WFG1__M2,WFG1 (M2),MFOSPEA2,0.10932635922185399,0.0,IGD
WFG,WFG1,M2,WFG1__M2,WFG1 (M2),MOEAD,0.03294773092169935,0.8536742780899973,IGD
WFG,WFG1,M2,WFG1__M2,WFG1 (M2),NSGAII,0.02151315890381075,0.9814770447785864,IGD
WFG,WFG1,M2,WFG1__M2,WFG1 (M2),NSGAIII,0.09692457427021331,0.13861318344202078,IGD
WFG,WFG1,M2,WFG1__M2,WFG1 (M2),SPEA2,0.0292511404250795,0.8949906030074206,IGD
WFG,WFG1,M2,WFG1__M2,WFG1 (M2),SPEA2SDE,0.040805057919259605,0.7658539270095929,IGD
WFG,WFG1,M3,WFG1__M3,WFG1 (M3),AGEMOEAII,0.1488856237110015,0.9857944408867817,IGD
WFG,WFG1,M3,WFG1__M3,WFG1 (M3),ARMOEA,0.148545616649745,0.9900060649000668,IGD
WFG,WFG1,M3,WFG1__M3,WFG1 (M3),IVFSPEA2,0.152113497655549,0.9458111788731205,IGD
WFG,WFG1,M3,WFG1__M3,WFG1 (M3),MFOSPEA2,0.151930965847913,0.9480721770458854,IGD
WFG,WFG1,M3,WFG1__M3,WFG1 (M3),MOEAD,0.2284694302881385,0.0,IGD
WFG,WFG1,M3,WFG1__M3,WFG1 (M3),NSGAII,0.2228702496056215,0.06935633551275244,IGD
WFG,WFG1,M3,WFG1__M3,WFG1 (M3),NSGAIII,0.1477387999697665,1.0,IGD
WFG,WFG1,M3,WFG1__M3,WFG1 (M3),SPEA2,0.1526768295201435,0.9388332590628461,IGD
WFG,WFG1,M3,WFG1__M3,WFG1 (M3),SPEA2SDE,0.1745321392125075,0.6681143311147468,IGD
WFG,WFG2,M2,WFG2__M2,WFG2 (M2),AGEMOEAII,0.014377606503508899,0.8941400281032227,IGD
WFG,WFG2,M2,WFG2__M2,WFG2 (M2),ARMOEA,0.013235111925649249,0.929767259921882,IGD
WFG,WFG2,M2,WFG2__M2,WFG2 (M2),IVFSPEA2,0.0113765891255928,0.9877229158357335,IGD
WFG,WFG2,M2,WFG2__M2,WFG2 (M2),MFOSPEA2,0.010982887415591999,1.0,IGD
WFG,WFG2,M2,WFG2__M2,WFG2 (M2),MOEAD,0.0430509016715097,0.0,IGD
WFG,WFG2,M2,WFG2__M2,WFG2 (M2),NSGAII,0.0128882413460913,0.9405839751942952,IGD
WFG,WFG2,M2,WFG2__M2,WFG2 (M2),NSGAIII,0.01384918923616945,0.9106180445816499,IGD
WFG,WFG2,M2,WFG2__M2,WFG2 (M2),SPEA2,0.0110770246152068,0.9970644518596149,IGD
WFG,WFG2,M2,WFG2__M2,WFG2 (M2),SPEA2SDE,0.0135507943147699,0.9199231084692426,IGD
WFG,WFG2,M3,WFG2__M3,WFG2 (M3),AGEMOEAII,0.17321580695620298,0.8816208619098446,IGD
WFG,WFG2,M3,WFG2__M3,WFG2 (M3),ARMOEA,0.164216936724286,1.0,IGD
WFG,WFG2,M3,WFG2__M3,WFG2 (M3),IVFSPEA2,0.18177181864561148,0.769067478743021,IGD
WFG,WFG2,M3,WFG2__M3,WFG2 (M3),MFOSPEA2,0.1671405289019615,0.9615404697255403,IGD
WFG,WFG2,M3,WFG2__M3,WFG2 (M3),MOEAD,0.24023430242822952,0.0,IGD
WFG,WFG2,M3,WFG2__M3,WFG2 (M3),NSGAII,0.22031547685472702,0.26202993735771063,IGD
WFG,WFG2,M3,WFG2__M3,WFG2 (M3),NSGAIII,0.16455321262080702,0.9955763279428719,IGD
WFG,WFG2,M3,WFG2__M3,WFG2 (M3),SPEA2,0.1726091068363835,0.8896019345792439,IGD
WFG,WFG2,M3,WFG2__M3,WFG2 (M3),SPEA2SDE,0.2056740903809645,0.45463574970307263,IGD
WFG,WFG3,M2,WFG3__M2,WFG3 (M2),AGEMOEAII,0.01320927457973255,0.4033242592899696,IGD
WFG,WFG3,M2,WFG3__M2,WFG3 (M2),ARMOEA,0.01137430879259085,0.9900023803905375,IGD
WFG,WFG3,M2,WFG3__M2,WFG3 (M2),IVFSPEA2,0.01230257049461315,0.6932171024043146,IGD
WFG,WFG3,M2,WFG3__M2,WFG3 (M2),MFOSPEA2,0.01197467456677785,0.7980524994492872,IGD
WFG,WFG3,M2,WFG3__M2,WFG3 (M2),MOEAD,0.0138148763157354,0.2097003284771619,IGD
WFG,WFG3,M2,WFG3__M2,WFG3 (M2),NSGAII,0.0144707605467446,0.0,IGD
WFG,WFG3,M2,WFG3__M2,WFG3 (M2),NSGAIII,0.0113430390225476,1.0,IGD
WFG,WFG3,M2,WFG3__M2,WFG3 (M2),SPEA2,0.01203636143409715,0.7783298780963084,IGD
WFG,WFG3,M2,WFG3__M2,WFG3 (M2),SPEA2SDE,0.013095796459548649,0.4396056607210115,IGD
WFG,WFG3,M3,WFG3__M3,WFG3 (M3),AGEMOEAII,0.06543111138650855,0.9886182784932748,IGD
WFG,WFG3,M3,WFG3__M3,WFG3 (M3),ARMOEA,0.1166108850358645,0.437930695366205,IGD
WFG,WFG3,M3,WFG3__M3,WFG3 (M3),IVFSPEA2,0.0874574087787776,0.751618237045468,IGD
WFG,WFG3,M3,WFG3__M3,WFG3 (M3),MFOSPEA2,0.1053047354048895,0.5595833673262536,IGD
WFG,WFG3,M3,WFG3__M3,WFG3 (M3),MOEAD,0.15731126497847098,0.0,IGD
WFG,WFG3,M3,WFG3__M3,WFG3 (M3),NSGAII,0.08925073729323905,0.7323222598465915,IGD
WFG,WFG3,M3,WFG3__M3,WFG3 (M3),NSGAIII,0.1052800935034955,0.5598485109201914,IGD
WFG,WFG3,M3,WFG3__M3,WFG3 (M3),SPEA2,0.09621225998485865,0.6574171980892406,IGD
WFG,WFG3,M3,WFG3__M3,WFG3 (M3),SPEA2SDE,0.06437331755148795,1.0,IGD
WFG,WFG4,M2,WFG4__M2,WFG4 (M2),AGEMOEAII,0.0137825269437323,0.9229067356293406,IGD
WFG,WFG4,M2,WFG4__M2,WFG4 (M2),ARMOEA,0.01223738952436855,0.9997709548106843,IGD
WFG,WFG4,M2,WFG4__M2,WFG4 (M2),IVFSPEA2,0.0126262036669837,0.9804290534987069,IGD
WFG,WFG4,M2,WFG4__M2,WFG4 (M2),MFOSPEA2,0.012920829399379951,0.9657726374495154,IGD
WFG,WFG4,M2,WFG4__M2,WFG4 (M2),MOEAD,0.015895708739143102,0.8177846496213754,IGD
WFG,WFG4,M2,WFG4__M2,WFG4 (M2),NSGAII,0.015283197379981399,0.8482545656117956,IGD
WFG,WFG4,M2,WFG4__M2,WFG4 (M2),NSGAIII,0.0122327852195762,1.0,IGD
WFG,WFG4,M2,WFG4__M2,WFG4 (M2),SPEA2,0.01289092475863135,0.9672602700912685,IGD
WFG,WFG4,M2,WFG4__M2,WFG4 (M2),SPEA2SDE,0.0323349528577896,0.0,IGD
WFG,WFG4,M3,WFG4__M3,WFG4 (M3),AGEMOEAII,0.21320268423653,0.992951602452668,IGD
WFG,WFG4,M3,WFG4__M3,WFG4 (M3),ARMOEA,0.220841950468863,0.9234211258488306,IGD
WFG,WFG4,M3,WFG4__M3,WFG4 (M3),IVFSPEA2,0.21242828158598898,1.0,IGD
WFG,WFG4,M3,WFG4__M3,WFG4 (M3),MFOSPEA2,0.2153009529900435,0.973853743831477,IGD
WFG,WFG4,M3,WFG4__M3,WFG4 (M3),MOEAD,0.2529909472113145,0.6308098988206557,IGD
WFG,WFG4,M3,WFG4__M3,WFG4 (M3),NSGAII,0.2704227178776335,0.47215077036300046,IGD
WFG,WFG4,M3,WFG4__M3,WFG4 (M3),NSGAIII,0.220926956558879,0.9226474240595116,IGD
WFG,WFG4,M3,WFG4__M3,WFG4 (M3),SPEA2,0.2151413485085325,0.9753064194327801,IGD
WFG,WFG4,M3,WFG4__M3,WFG4 (M3),SPEA2SDE,0.3222976022848695,0.0,IGD
WFG,WFG5,M2,WFG5__M2,WFG5 (M2),AGEMOEAII,0.0639595132096594,0.9520232654555847,IGD
WFG,WFG5,M2,WFG5__M2,WFG5 (M2),ARMOEA,0.06343058282860059,0.9950834371975934,IGD
WFG,WFG5,M2,WFG5__M2,WFG5 (M2),IVFSPEA2,0.06347150407651089,0.991752042318389,IGD
WFG,WFG5,M2,WFG5__M2,WFG5 (M2),MFOSPEA2,0.0636532040761042,0.9769598627269113,IGD
WFG,WFG5,M2,WFG5__M2,WFG5 (M2),MOEAD,0.06975245162667405,0.4804207028873396,IGD
WFG,WFG5,M2,WFG5__M2,WFG5 (M2),NSGAII,0.06533915483313925,0.8397067728189832,IGD
WFG,WFG5,M2,WFG5__M2,WFG5 (M2),NSGAIII,0.0633701901424739,1.0,IGD
WFG,WFG5,M2,WFG5__M2,WFG5 (M2),SPEA2,0.0636528201456833,0.9769911184657626,IGD
WFG,WFG5,M2,WFG5__M2,WFG5 (M2),SPEA2SDE,0.0756537078262362,0.0,IGD
WFG,WFG5,M3,WFG5__M3,WFG5 (M3),AGEMOEAII,0.233239311984762,0.8884457314039174,IGD
WFG,WFG5,M3,WFG5__M3,WFG5 (M3),ARMOEA,0.2298492304569185,0.9183080519125275,IGD
WFG,WFG5,M3,WFG5__M3,WFG5 (M3),IVFSPEA2,0.220575257119681,1.0,IGD
WFG,WFG5,M3,WFG5__M3,WFG5 (M3),MFOSPEA2,0.2226020581620355,0.9821464522794306,IGD
WFG,WFG5,M3,WFG5__M3,WFG5 (M3),MOEAD,0.24782572913064999,0.7599578881750031,IGD
WFG,WFG5,M3,WFG5__M3,WFG5 (M3),NSGAII,0.27722314512135604,0.5010039216614486,IGD
WFG,WFG5,M3,WFG5__M3,WFG5 (M3),NSGAIII,0.2298815227160595,0.9180235980477767,IGD
WFG,WFG5,M3,WFG5__M3,WFG5 (M3),SPEA2,0.22277862221648748,0.9805911467975301,IGD
WFG,WFG5,M3,WFG5__M3,WFG5 (M3),SPEA2SDE,0.3340989709538435,0.0,IGD
WFG,WFG6,M2,WFG6__M2,WFG6 (M2),AGEMOEAII,0.07768385333213085,0.9056911181669077,IGD
WFG,WFG6,M2,WFG6__M2,WFG6 (M2),ARMOEA,0.076855996238612,0.9645157319578119,IGD
WFG,WFG6,M2,WFG6__M2,WFG6 (M2),IVFSPEA2,0.0831309028729597,0.5186429331024833,IGD
WFG,WFG6,M2,WFG6__M2,WFG6 (M2),MFOSPEA2,0.08594432170082555,0.31873128497272096,IGD
WFG,WFG6,M2,WFG6__M2,WFG6 (M2),MOEAD,0.08176564586361154,0.6156532950707132,IGD
WFG,WFG6,M2,WFG6__M2,WFG6 (M2),NSGAII,0.08186288083710824,0.6087441197943381,IGD
WFG,WFG6,M2,WFG6__M2,WFG6 (M2),NSGAIII,0.08299887844532189,0.5280241246481743,IGD
WFG,WFG6,M2,WFG6__M2,WFG6 (M2),SPEA2,0.0763566150933066,1.0,IGD
WFG,WFG6,M2,WFG6__M2,WFG6 (M2),SPEA2SDE,0.0904299262494413,0.0,IGD
WFG,WFG6,M3,WFG6__M3,WFG6 (M3),AGEMOEAII,0.2320829502063635,1.0,IGD
WFG,WFG6,M3,WFG6__M3,WFG6 (M3),ARMOEA,0.23857587342653852,0.9390411798055094,IGD
WFG,WFG6,M3,WFG6__M3,WFG6 (M3),IVFSPEA2,0.2383239500970875,0.9414063623930816,IGD
WFG,WFG6,M3,WFG6__M3,WFG6 (M3),MFOSPEA2,0.240749491730947,0.9186341608254945,IGD
WFG,WFG6,M3,WFG6__M3,WFG6 (M3),MOEAD,0.2703740632040465,0.6405038234519951,IGD
WFG,WFG6,M3,WFG6__M3,WFG6 (M3),NSGAII,0.3040688347567,0.3241604060232466,IGD
WFG,WFG6,M3,WFG6__M3,WFG6 (M3),NSGAIII,0.2378463253905705,0.9458905427256857,IGD
WFG,WFG6,M3,WFG6__M3,WFG6 (M3),SPEA2,0.23898646576648952,0.9351863329552437,IGD
WFG,WFG6,M3,WFG6__M3,WFG6 (M3),SPEA2SDE,0.338596219319171,0.0,IGD
WFG,WFG7,M2,WFG7__M2,WFG7 (M2),AGEMOEAII,0.013912101593156149,0.9152442591210782,IGD
WFG,WFG7,M2,WFG7__M2,WFG7 (M2),ARMOEA,0.012242242849182749,0.9995976056686573,IGD
WFG,WFG7,M2,WFG7__M2,WFG7 (M2),IVFSPEA2,0.013183301150508201,0.952059802067201,IGD
WFG,WFG7,M2,WFG7__M2,WFG7 (M2),MFOSPEA2,0.013672065828353449,0.9273697278921887,IGD
WFG,WFG7,M2,WFG7__M2,WFG7 (M2),MOEAD,0.0153912994526467,0.8405221964889164,IGD
WFG,WFG7,M2,WFG7__M2,WFG7 (M2),NSGAII,0.0169796672129474,0.7602853880683227,IGD
WFG,WFG7,M2,WFG7__M2,WFG7 (M2),NSGAIII,0.01223427705149695,1.0,IGD
WFG,WFG7,M2,WFG7__M2,WFG7 (M2),SPEA2,0.0137131375253036,0.925294980492963,IGD
WFG,WFG7,M2,WFG7__M2,WFG7 (M2),SPEA2SDE,0.03203027581523925,0.0,IGD
WFG,WFG7,M3,WFG7__M3,WFG7 (M3),AGEMOEAII,0.214229802029905,0.9994353381145267,IGD
WFG,WFG7,M3,WFG7__M3,WFG7 (M3),ARMOEA,0.221104570077363,0.9392975437530418,IGD
WFG,WFG7,M3,WFG7__M3,WFG7 (M3),IVFSPEA2,0.2141652516164905,1.0,IGD
WFG,WFG7,M3,WFG7__M3,WFG7 (M3),MFOSPEA2,0.2176401908156645,0.9696025847656259,IGD
WFG,WFG7,M3,WFG7__M3,WFG7 (M3),MOEAD,0.29100917169324203,0.3277993044121992,IGD
WFG,WFG7,M3,WFG7__M3,WFG7 (M3),NSGAII,0.2780591827774195,0.44108076569600285,IGD
WFG,WFG7,M3,WFG7__M3,WFG7 (M3),NSGAIII,0.22107336970449648,0.9395704724677992,IGD
WFG,WFG7,M3,WFG7__M3,WFG7 (M3),SPEA2,0.217447149359005,0.9712912362726571,IGD
WFG,WFG7,M3,WFG7__M3,WFG7 (M3),SPEA2SDE,0.328482181933791,0.0,IGD
WFG,WFG8,M2,WFG8__M2,WFG8 (M2),AGEMOEAII,0.106127239408399,0.9070772495332341,IGD
WFG,WFG8,M2,WFG8__M2,WFG8 (M2),ARMOEA,0.10605472998992149,0.9164097821532591,IGD
WFG,WFG8,M2,WFG8__M2,WFG8 (M2),IVFSPEA2,0.107386119374159,0.7450494938038654,IGD
WFG,WFG8,M2,WFG8__M2,WFG8 (M2),MFOSPEA2,0.106898182091445,0.8078508608961652,IGD
WFG,WFG8,M2,WFG8__M2,WFG8 (M2),MOEAD,0.1087473819059975,0.5698442963336566,IGD
WFG,WFG8,M2,WFG8__M2,WFG8 (M2),NSGAII,0.108932323556415,0.5460408509114866,IGD
WFG,WFG8,M2,WFG8__M2,WFG8 (M2),NSGAIII,0.1054052730489975,1.0,IGD
WFG,WFG8,M2,WFG8__M2,WFG8 (M2),SPEA2,0.107477321109394,0.7333111129568644,IGD
WFG,WFG8,M2,WFG8__M2,WFG8 (M2),SPEA2SDE,0.1131748058681935,0.0,IGD
WFG,WFG8,M3,WFG8__M3,WFG8 (M3),AGEMOEAII,0.2881147400619055,0.8344465572422151,IGD
WFG,WFG8,M3,WFG8__M3,WFG8 (M3),ARMOEA,0.27126424001224103,1.0,IGD
WFG,WFG8,M3,WFG8__M3,WFG8 (M3),IVFSPEA2,0.293324288578828,0.783263584057547,IGD
WFG,WFG8,M3,WFG8__M3,WFG8 (M3),MFOSPEA2,0.298233544800495,0.7350309341966168,IGD
WFG,WFG8,M3,WFG8__M3,WFG8 (M3),MOEAD,0.3033411126717245,0.6848499043928202,IGD
WFG,WFG8,M3,WFG8__M3,WFG8 (M3),NSGAII,0.37304708287536303,0.0,IGD
WFG,WFG8,M3,WFG8__M3,WFG8 (M3),NSGAIII,0.2793427253399975,0.9206301857905419,IGD
WFG,WFG8,M3,WFG8__M3,WFG8 (M3),SPEA2,0.29533250703831704,0.763533161886202,IGD
WFG,WFG8,M3,WFG8__M3,WFG8 (M3),SPEA2SDE,0.357022412225821,0.1574398022178659,IGD
WFG,WFG9,M2,WFG9__M2,WFG9 (M2),AGEMOEAII,0.01597075147831935,0.9196438520784839,IGD
WFG,WFG9,M2,WFG9__M2,WFG9 (M2),ARMOEA,0.015527028461205749,0.9444066124725734,IGD
WFG,WFG9,M2,WFG9__M2,WFG9 (M2),IVFSPEA2,0.0169391394263292,0.8656012223292309,IGD
WFG,WFG9,M2,WFG9__M2,WFG9 (M2),MFOSPEA2,0.015510008951258751,0.9453564168112887,IGD
WFG,WFG9,M2,WFG9__M2,WFG9 (M2),MOEAD,0.03098498979873615,0.08174730020082732,IGD
WFG,WFG9,M2,WFG9__M2,WFG9 (M2),NSGAII,0.018523800842144653,0.7771663441909389,IGD
WFG,WFG9,M2,WFG9__M2,WFG9 (M2),NSGAIII,0.0145308525400785,1.0,IGD
WFG,WFG9,M2,WFG9__M2,WFG9 (M2),SPEA2,0.015918867012147703,0.9225393579558696,IGD
WFG,WFG9,M2,WFG9__M2,WFG9 (M2),SPEA2SDE,0.0324498167448734,0.0,IGD
WFG,WFG9,M3,WFG9__M3,WFG9 (M3),AGEMOEAII,0.2127254581457675,0.9744688244927526,IGD
WFG,WFG9,M3,WFG9__M3,WFG9 (M3),ARMOEA,0.22078595842006749,0.8952690177330167,IGD
WFG,WFG9,M3,WFG9__M3,WFG9 (M3),IVFSPEA2,0.210127042119278,1.0,IGD
WFG,WFG9,M3,WFG9__M3,WFG9 (M3),MFOSPEA2,0.217246135878912,0.9300501419415408,IGD
WFG,WFG9,M3,WFG9__M3,WFG9 (M3),MOEAD,0.25590499863278304,0.5502009569697515,IGD
WFG,WFG9,M3,WFG9__M3,WFG9 (M3),NSGAII,0.2730256240317415,0.3819793606593297,IGD
WFG,WFG9,M3,WFG9__M3,WFG9 (M3),NSGAIII,0.2216651971973705,0.8866299086345294,IGD
WFG,WFG9,M3,WFG9__M3,WFG9 (M3),SPEA2,0.21669015655860152,0.9355130106509925,IGD
WFG,WFG9,M3,WFG9__M3,WFG9 (M3),SPEA2SDE,0.3119012838008605,0.0,IGD
ZDT,ZDT1,M2,ZDT1__M2,ZDT1 (M2),AGEMOEAII,0.00461790007199755,0.20950371335655749,IGD
ZDT,ZDT1,M2,ZDT1__M2,ZDT1 (M2),ARMOEA,0.00388810883154985,0.9912825623675606,IGD
ZDT,ZDT1,M2,ZDT1__M2,ZDT1 (M2),IVFSPEA2,0.0038799710958828497,1.0,IGD
ZDT,ZDT1,M2,ZDT1__M2,ZDT1 (M2),MFOSPEA2,0.003932360712559,0.9438783422501993,IGD
ZDT,ZDT1,M2,ZDT1__M2,ZDT1 (M2),MOEAD,0.0039895438258663995,0.8826217170310474,IGD
ZDT,ZDT1,M2,ZDT1__M2,ZDT1 (M2),NSGAII,0.0048134719719566,0.0,IGD
ZDT,ZDT1,M2,ZDT1__M2,ZDT1 (M2),NSGAIII,0.0038878806727952,0.9915269743017088,IGD
ZDT,ZDT1,M2,ZDT1__M2,ZDT1 (M2),SPEA2,0.0039724770508656,0.9009042654873286,IGD
ZDT,ZDT1,M2,ZDT1__M2,ZDT1 (M2),SPEA2SDE,0.00424145395749735,0.6127664463102855,IGD
ZDT,ZDT2,M2,ZDT2__M2,ZDT2 (M2),AGEMOEAII,0.0046919492353113,0.5999284906753453,IGD
ZDT,ZDT2,M2,ZDT2__M2,ZDT2 (M2),ARMOEA,0.0038074881948602,0.9997770240920825,IGD
ZDT,ZDT2,M2,ZDT2__M2,ZDT2 (M2),IVFSPEA2,0.0038875277130227,0.9635926332721826,IGD
ZDT,ZDT2,M2,ZDT2__M2,ZDT2 (M2),MFOSPEA2,0.003926850875145349,0.9458153565070797,IGD
ZDT,ZDT2,M2,ZDT2__M2,ZDT2 (M2),MOEAD,0.0040016520294056,0.9119991334503967,IGD
ZDT,ZDT2,M2,ZDT2__M2,ZDT2 (M2),NSGAII,0.00488342601723475,0.5133653669945111,IGD
ZDT,ZDT2,M2,ZDT2__M2,ZDT2 (M2),NSGAIII,0.00380699497433535,1.0,IGD
ZDT,ZDT2,M2,ZDT2__M2,ZDT2 (M2),SPEA2,0.003913216408325,0.9519792476370443,IGD
ZDT,ZDT2,M2,ZDT2__M2,ZDT2 (M2),SPEA2SDE,0.0060189851819605,0.0,IGD
ZDT,ZDT3,M2,ZDT3__M2,ZDT3 (M2),AGEMOEAII,0.00577129340660765,0.8715423455142493,IGD
ZDT,ZDT3,M2,ZDT3__M2,ZDT3 (M2),ARMOEA,0.0064366466558190005,0.7796498508654144,IGD
ZDT,ZDT3,M2,ZDT3__M2,ZDT3 (M2),IVFSPEA2,0.00484118787269235,1.0,IGD
ZDT,ZDT3,M2,ZDT3__M2,ZDT3 (M2),MFOSPEA2,0.00488586391659265,0.9938297541495356,IGD
ZDT,ZDT3,M2,ZDT3__M2,ZDT3 (M2),MOEAD,0.01208174926733055,0.0,IGD
ZDT,ZDT3,M2,ZDT3__M2,ZDT3 (M2),NSGAII,0.00543020877621115,0.9186498295622515,IGD
ZDT,ZDT3,M2,ZDT3__M2,ZDT3 (M2),NSGAIII,0.0061266858559565,0.8224587966043503,IGD
ZDT,ZDT3,M2,ZDT3__M2,ZDT3 (M2),SPEA2,0.0049225086321233,0.9887687217884555,IGD
ZDT,ZDT3,M2,ZDT3__M2,ZDT3 (M2),SPEA2SDE,0.005299191585119,0.9367447235837525,IGD
ZDT,ZDT4,M2,ZDT4__M2,ZDT4 (M2),AGEMOEAII,0.0045627338742877,0.26648316172291897,IGD
ZDT,ZDT4,M2,ZDT4__M2,ZDT4 (M2),ARMOEA,0.0038999792707929,0.9139351482527862,IGD
ZDT,ZDT4,M2,ZDT4__M2,ZDT4 (M2),IVFSPEA2,0.003811880264409,1.0,IGD
ZDT,ZDT4,M2,ZDT4__M2,ZDT4 (M2),MFOSPEA2,0.00383349196919955,0.978887296858967,IGD
ZDT,ZDT4,M2,ZDT4__M2,ZDT4 (M2),MOEAD,0.0048355154022776,0.0,IGD
ZDT,ZDT4,M2,ZDT4__M2,ZDT4 (M2),NSGAII,0.0045402121403301,0.2884848819886907,IGD
ZDT,ZDT4,M2,ZDT4__M2,ZDT4 (M2),NSGAIII,0.00389494186495975,0.9188562433254297,IGD
ZDT,ZDT4,M2,ZDT4__M2,ZDT4 (M2),SPEA2,0.00386323700889605,0.9498290527677818,IGD
ZDT,ZDT4,M2,ZDT4__M2,ZDT4 (M2),SPEA2SDE,0.0042476650827681,0.5742771987424296,IGD
ZDT,ZDT6,M2,ZDT6__M2,ZDT6 (M2),AGEMOEAII,0.00361689649427785,0.08403625829804506,IGD
ZDT,ZDT6,M2,ZDT6__M2,ZDT6 (M2),ARMOEA,0.003001419063009,0.9997786742402095,IGD
ZDT,ZDT6,M2,ZDT6__M2,ZDT6 (M2),IVFSPEA2,0.0030593912328218,0.9135243744970993,IGD
ZDT,ZDT6,M2,ZDT6__M2,ZDT6 (M2),MFOSPEA2,0.00308472820513525,0.875826582408857,IGD
ZDT,ZDT6,M2,ZDT6__M2,ZDT6 (M2),MOEAD,0.0035386080642351003,0.2005182484172744,IGD
ZDT,ZDT6,M2,ZDT6__M2,ZDT6 (M2),NSGAII,0.00367337790159315,0.0,IGD
ZDT,ZDT6,M2,ZDT6__M2,ZDT6 (M2),NSGAIII,0.00300127030828525,1.0,IGD
ZDT,ZDT6,M2,ZDT6__M2,ZDT6 (M2),SPEA2,0.00309512631937595,0.8603556751549699,IGD
ZDT,ZDT6,M2,ZDT6__M2,ZDT6 (M2),SPEA2SDE,0.00342558135255985,0.36868583467971916,IGD
DTLZ,DTLZ1,M2,DTLZ1__M2,DTLZ1 (M2),AGEMOEAII,0.5820011274946495,0.49824776319337954,HV
DTLZ,DTLZ1,M2,DTLZ1__M2,DTLZ1 (M2),ARMOEA,0.582517276367137,0.9588464001768805,HV
DTLZ,DTLZ1,M2,DTLZ1__M2,DTLZ1 (M2),IVFSPEA2,0.5825048945305635,0.9477971518822683,HV
DTLZ,DTLZ1,M2,DTLZ1__M2,DTLZ1 (M2),MFOSPEA2,0.582371193571299,0.8284856840418792,HV
DTLZ,DTLZ1,M2,DTLZ1__M2,DTLZ1 (M2),MOEAD,0.5825386827518244,0.9779489346108714,HV
DTLZ,DTLZ1,M2,DTLZ1__M2,DTLZ1 (M2),NSGAII,0.581442788844592,0.0,HV
DTLZ,DTLZ1,M2,DTLZ1__M2,DTLZ1 (M2),NSGAIII,0.5825633932733585,1.0,HV
DTLZ,DTLZ1,M2,DTLZ1__M2,DTLZ1 (M2),SPEA2,0.582430295161232,0.8812264982095591,HV
DTLZ,DTLZ1,M2,DTLZ1__M2,DTLZ1 (M2),SPEA2SDE,0.5819148219191781,0.42123077730978586,HV
DTLZ,DTLZ1,M3,DTLZ1__M3,DTLZ1 (M3),AGEMOEAII,0.842631060629309,0.9955426085170956,HV
DTLZ,DTLZ1,M3,DTLZ1__M3,DTLZ1 (M3),ARMOEA,0.8416521369502206,0.938973755888937,HV
DTLZ,DTLZ1,M3,DTLZ1__M3,DTLZ1 (M3),IVFSPEA2,0.8427081957640494,1.0,HV
DTLZ,DTLZ1,M3,DTLZ1__M3,DTLZ1 (M3),MFOSPEA2,0.842305907147158,0.9767530340014805,HV
DTLZ,DTLZ1,M3,DTLZ1__M3,DTLZ1 (M3),MOEAD,0.841665576370787,0.9397503768019559,HV
DTLZ,DTLZ1,M3,DTLZ1__M3,DTLZ1 (M3),NSGAII,0.8254032013438305,0.0,HV
DTLZ,DTLZ1,M3,DTLZ1__M3,DTLZ1 (M3),NSGAIII,0.8416340090708261,0.9379262040114685,HV
DTLZ,DTLZ1,M3,DTLZ1__M3,DTLZ1 (M3),SPEA2,0.8424558835641356,0.9854196890338756,HV
DTLZ,DTLZ1,M3,DTLZ1__M3,DTLZ1 (M3),SPEA2SDE,0.8343023847782536,0.5142552039210943,HV
DTLZ,DTLZ2,M2,DTLZ2__M2,DTLZ2 (M2),AGEMOEAII,0.34725125801518,0.8431531136593428,HV
DTLZ,DTLZ2,M2,DTLZ2__M2,DTLZ2 (M2),ARMOEA,0.347215018920398,0.8010450774756114,HV
DTLZ,DTLZ2,M2,DTLZ2__M2,DTLZ2 (M2),IVFSPEA2,0.347386243868131,1.0,HV
DTLZ,DTLZ2,M2,DTLZ2__M2,DTLZ2 (M2),MFOSPEA2,0.347287792304123,0.8856041508614471,HV
DTLZ,DTLZ2,M2,DTLZ2__M2,DTLZ2 (M2),MOEAD,0.3472151439959185,0.8011904090456863,HV
DTLZ,DTLZ2,M2,DTLZ2__M2,DTLZ2 (M2),NSGAII,0.34652562204706505,0.0,HV
DTLZ,DTLZ2,M2,DTLZ2__M2,DTLZ2 (M2),NSGAIII,0.347215122185895,0.8011650668768316,HV
DTLZ,DTLZ2,M2,DTLZ2__M2,DTLZ2 (M2),SPEA2,0.347257313026262,0.8501887371281149,HV
DTLZ,DTLZ2,M2,DTLZ2__M2,DTLZ2 (M2),SPEA2SDE,0.3471288808540395,0.7009569037271758,HV
DTLZ,DTLZ2,M3,DTLZ2__M3,DTLZ2 (M3),AGEMOEAII,0.5612896446912969,1.0,HV
DTLZ,DTLZ2,M3,DTLZ2__M3,DTLZ2 (M3),ARMOEA,0.559613818095124,0.9416926974728796,HV
DTLZ,DTLZ2,M3,DTLZ2__M3,DTLZ2 (M3),IVFSPEA2,0.557960136051601,0.8841558739044032,HV
DTLZ,DTLZ2,M3,DTLZ2__M3,DTLZ2 (M3),MFOSPEA2,0.5548847921152524,0.7771549409432482,HV
DTLZ,DTLZ2,M3,DTLZ2__M3,DTLZ2 (M3),MOEAD,0.559617548141988,0.9418224775894138,HV
DTLZ,DTLZ2,M3,DTLZ2__M3,DTLZ2 (M3),NSGAII,0.532548363178686,0.0,HV
DTLZ,DTLZ2,M3,DTLZ2__M3,DTLZ2 (M3),NSGAIII,0.5596170172197795,0.9418040051281807,HV
DTLZ,DTLZ2,M3,DTLZ2__M3,DTLZ2 (M3),SPEA2,0.5553075889949874,0.7918653803350859,HV
DTLZ,DTLZ2,M3,DTLZ2__M3,DTLZ2 (M3),SPEA2SDE,0.560898332839318,0.9863850242096115,HV
DTLZ,DTLZ3,M2,DTLZ3__M2,DTLZ3 (M2),AGEMOEAII,0.3467720298481255,0.577763720867525,HV
DTLZ,DTLZ3,M2,DTLZ3__M2,DTLZ3 (M2),ARMOEA,0.346008794108535,0.14485754902903492,HV
DTLZ,DTLZ3,M2,DTLZ3__M2,DTLZ3 (M2),IVFSPEA2,0.3475164540207285,1.0,HV
DTLZ,DTLZ3,M2,DTLZ3__M2,DTLZ3 (M2),MFOSPEA2,0.34629669645216654,0.30815532844345944,HV
DTLZ,DTLZ3,M2,DTLZ3__M2,DTLZ3 (M2),MOEAD,0.3457534028349505,0.0,HV
DTLZ,DTLZ3,M2,DTLZ3__M2,DTLZ3 (M2),NSGAII,0.34579193246433404,0.02185394825423168,HV
DTLZ,DTLZ3,M2,DTLZ3__M2,DTLZ3 (M2),NSGAIII,0.34580644664029847,0.030086367188810564,HV
DTLZ,DTLZ3,M2,DTLZ3__M2,DTLZ3 (M2),SPEA2,0.346247886349372,0.280470311021222,HV
DTLZ,DTLZ3,M2,DTLZ3__M2,DTLZ3 (M2),SPEA2SDE,0.3461591004404615,0.2301110760615733,HV
DTLZ,DTLZ3,M3,DTLZ3__M3,DTLZ3 (M3),AGEMOEAII,0.5585221194614705,0.9058460509019,HV
DTLZ,DTLZ3,M3,DTLZ3__M3,DTLZ3 (M3),ARMOEA,0.556122308062079,0.8250103772961769,HV
DTLZ,DTLZ3,M3,DTLZ3__M3,DTLZ3 (M3),IVFSPEA2,0.561317317549946,1.0,HV
DTLZ,DTLZ3,M3,DTLZ3__M3,DTLZ3 (M3),MFOSPEA2,0.5576884629851591,0.8777650180192774,HV
DTLZ,DTLZ3,M3,DTLZ3__M3,DTLZ3 (M3),MOEAD,0.5563348397873884,0.8321693336968055,HV
DTLZ,DTLZ3,M3,DTLZ3__M3,DTLZ3 (M3),NSGAII,0.53162978861196,0.0,HV
DTLZ,DTLZ3,M3,DTLZ3__M3,DTLZ3 (M3),NSGAIII,0.5562389908406855,0.8289407407444209,HV
DTLZ,DTLZ3,M3,DTLZ3__M3,DTLZ3 (M3),SPEA2,0.5584156068711295,0.9022582618823594,HV
DTLZ,DTLZ3,M3,DTLZ3__M3,DTLZ3 (M3),SPEA2SDE,0.5595888605578669,0.9417783475448706,HV
DTLZ,DTLZ4,M2,DTLZ4__M2,DTLZ4 (M2),AGEMOEAII,0.347140419138719,0.6826671267178889,HV
DTLZ,DTLZ4,M2,DTLZ4__M2,DTLZ4 (M2),ARMOEA,0.34715253253878153,0.6968192267012268,HV
DTLZ,DTLZ4,M2,DTLZ4__M2,DTLZ4 (M2),IVFSPEA2,0.3474120381953665,1.0,HV
DTLZ,DTLZ4,M2,DTLZ4__M2,DTLZ4 (M2),MFOSPEA2,0.347327167801252,0.900845815631089,HV
DTLZ,DTLZ4,M2,DTLZ4__M2,DTLZ4 (M2),MOEAD,0.347215059777027,0.7698698749721216,HV
DTLZ,DTLZ4,M2,DTLZ4__M2,DTLZ4 (M2),NSGAII,0.346556094549068,0.0,HV
DTLZ,DTLZ4,M2,DTLZ4__M2,DTLZ4 (M2),NSGAIII,0.34721486887923403,0.7696468488490963,HV
DTLZ,DTLZ4,M2,DTLZ4__M2,DTLZ4 (M2),SPEA2,0.34728570309011,0.8524025433183161,HV
DTLZ,DTLZ4,M2,DTLZ4__M2,DTLZ4 (M2),SPEA2SDE,0.347034695507275,0.5591500798875159,HV
DTLZ,DTLZ4,M3,DTLZ4__M3,DTLZ4 (M3),AGEMOEAII,0.557188454235158,0.8603597474779231,HV
DTLZ,DTLZ4,M3,DTLZ4__M3,DTLZ4 (M3),ARMOEA,0.5594259986561715,0.947543315918566,HV
DTLZ,DTLZ4,M3,DTLZ4__M3,DTLZ4 (M3),IVFSPEA2,0.5562261876221191,0.8228660394969123,HV
DTLZ,DTLZ4,M3,DTLZ4__M3,DTLZ4 (M3),MFOSPEA2,0.5530234989882805,0.6980766404217182,HV
DTLZ,DTLZ4,M3,DTLZ4__M3,DTLZ4 (M3),MOEAD,0.559616030160927,0.9549476939256066,HV
DTLZ,DTLZ4,M3,DTLZ4__M3,DTLZ4 (M3),NSGAII,0.535107537068473,0.0,HV
DTLZ,DTLZ4,M3,DTLZ4__M3,DTLZ4 (M3),NSGAIII,0.559575806013197,0.9533804022536969,HV
DTLZ,DTLZ4,M3,DTLZ4__M3,DTLZ4 (M3),SPEA2,0.553481416150042,0.715918901713895,HV
DTLZ,DTLZ4,M3,DTLZ4__M3,DTLZ4 (M3),SPEA2SDE,0.5607722862985636,1.0,HV
DTLZ,DTLZ5,M2,DTLZ5__M2,DTLZ5 (M2),AGEMOEAII,0.34722439146628903,0.7766028890505567,HV
DTLZ,DTLZ5,M2,DTLZ5__M2,DTLZ5 (M2),ARMOEA,0.34721502565143847,0.7653746968804467,HV
DTLZ,DTLZ5,M2,DTLZ5__M2,DTLZ5 (M2),IVFSPEA2,0.3474107345523,1.0,HV
DTLZ,DTLZ5,M2,DTLZ5__M2,DTLZ5 (M2),MFOSPEA2,0.347277869856345,0.8407153715283441,HV
DTLZ,DTLZ5,M2,DTLZ5__M2,DTLZ5 (M2),MOEAD,0.34721514688661,0.7655200394721212,HV
DTLZ,DTLZ5,M2,DTLZ5__M2,DTLZ5 (M2),NSGAII,0.3465766007301615,0.0,HV
DTLZ,DTLZ5,M2,DTLZ5__M2,DTLZ5 (M2),NSGAIII,0.34721510712771797,0.7654723745879541,HV
DTLZ,DTLZ5,M2,DTLZ5__M2,DTLZ5 (M2),SPEA2,0.347261389503511,0.8209579268634409,HV
DTLZ,DTLZ5,M2,DTLZ5__M2,DTLZ5 (M2),SPEA2SDE,0.3470778067311885,0.6008700135693308,HV
DTLZ,DTLZ5,M3,DTLZ5__M3,DTLZ5 (M3),AGEMOEAII,0.19367964481087951,0.6599983037160334,HV
DTLZ,DTLZ5,M3,DTLZ5__M3,DTLZ5 (M3),ARMOEA,0.19912830429477302,0.9641111549133553,HV
DTLZ,DTLZ5,M3,DTLZ5__M3,DTLZ5 (M3),IVFSPEA2,0.1997713093350975,1.0,HV
DTLZ,DTLZ5,M3,DTLZ5__M3,DTLZ5 (M3),MFOSPEA2,0.1996272633678235,0.99196018214376,HV
DTLZ,DTLZ5,M3,DTLZ5__M3,DTLZ5 (M3),MOEAD,0.181854738356786,0.0,HV
DTLZ,DTLZ5,M3,DTLZ5__M3,DTLZ5 (M3),NSGAII,0.1990948049309305,0.9622414129921442,HV
DTLZ,DTLZ5,M3,DTLZ5__M3,DTLZ5 (M3),NSGAIII,0.1936377833829195,0.6576618394444561,HV
DTLZ,DTLZ5,M3,DTLZ5__M3,DTLZ5 (M3),SPEA2,0.199599160193554,0.9903916245049401,HV
DTLZ,DTLZ5,M3,DTLZ5__M3,DTLZ5 (M3),SPEA2SDE,0.19946327594348,0.9828073467858116,HV
DTLZ,DTLZ6,M2,DTLZ6__M2,DTLZ6 (M2),AGEMOEAII,0.347256948958265,0.7262508229374156,HV
DTLZ,DTLZ6,M2,DTLZ6__M2,DTLZ6 (M2),ARMOEA,0.34721514936408304,0.6918114152465117,HV
DTLZ,DTLZ6,M2,DTLZ6__M2,DTLZ6 (M2),IVFSPEA2,0.347589202190131,1.0,HV
DTLZ,DTLZ6,M2,DTLZ6__M2,DTLZ6 (M2),MFOSPEA2,0.34757973077480053,0.9921963373003968,HV
DTLZ,DTLZ6,M2,DTLZ6__M2,DTLZ6 (M2),MOEAD,0.3472151586032335,0.6918190275421598,HV
DTLZ,DTLZ6,M2,DTLZ6__M2,DTLZ6 (M2),NSGAII,0.34637548810546703,0.0,HV
DTLZ,DTLZ6,M2,DTLZ6__M2,DTLZ6 (M2),NSGAIII,0.34721515605327347,0.6918169265860507,HV
DTLZ,DTLZ6,M2,DTLZ6__M2,DTLZ6 (M2),SPEA2,0.3475583480540575,0.9745787443160038,HV
DTLZ,DTLZ6,M2,DTLZ6__M2,DTLZ6 (M2),SPEA2SDE,0.3472357173436965,0.7087577289404549,HV
DTLZ,DTLZ6,M3,DTLZ6__M3,DTLZ6 (M3),AGEMOEAII,0.198032496266871,0.8878434348659758,HV
DTLZ,DTLZ6,M3,DTLZ6__M3,DTLZ6 (M3),ARMOEA,0.199512212887951,0.9690179701885328,HV
DTLZ,DTLZ6,M3,DTLZ6__M3,DTLZ6 (M3),IVFSPEA2,0.2000769789723475,1.0,HV
DTLZ,DTLZ6,M3,DTLZ6__M3,DTLZ6 (M3),MFOSPEA2,0.20007609407062998,0.9999514559175035,HV
DTLZ,DTLZ6,M3,DTLZ6__M3,DTLZ6 (M3),MOEAD,0.181848151234681,0.0,HV
DTLZ,DTLZ6,M3,DTLZ6__M3,DTLZ6 (M3),NSGAII,0.1994458239198045,0.9653759933646843,HV
DTLZ,DTLZ6,M3,DTLZ6__M3,DTLZ6 (M3),NSGAIII,0.190977675189552,0.5008289115600408,HV
DTLZ,DTLZ6,M3,DTLZ6__M3,DTLZ6 (M3),SPEA2,0.200071219934703,0.999684069775228,HV
DTLZ,DTLZ6,M3,DTLZ6__M3,DTLZ6 (M3),SPEA2SDE,0.199623200730668,0.9751065593350334,HV
DTLZ,DTLZ7,M2,DTLZ7__M2,DTLZ7 (M2),AGEMOEAII,0.2427684346209155,0.8687611362803043,HV
DTLZ,DTLZ7,M2,DTLZ7__M2,DTLZ7 (M2),ARMOEA,0.242825340911561,0.9248835847865116,HV
DTLZ,DTLZ7,M2,DTLZ7__M2,DTLZ7 (M2),IVFSPEA2,0.24290150645084452,1.0,HV
DTLZ,DTLZ7,M2,DTLZ7__M2,DTLZ7 (M2),MFOSPEA2,0.242888550084989,0.9872220985183556,HV
DTLZ,DTLZ7,M2,DTLZ7__M2,DTLZ7 (M2),MOEAD,0.24188753980897199,0.0,HV
DTLZ,DTLZ7,M2,DTLZ7__M2,DTLZ7 (M2),NSGAII,0.24270440107521202,0.8056096053924436,HV
DTLZ,DTLZ7,M2,DTLZ7__M2,DTLZ7 (M2),NSGAIII,0.2428005586185365,0.9004426495514746,HV
DTLZ,DTLZ7,M2,DTLZ7__M2,DTLZ7 (M2),SPEA2,0.24288262303049651,0.9813766848255175,HV
DTLZ,DTLZ7,M2,DTLZ7__M2,DTLZ7 (M2),SPEA2SDE,0.242521216831141,0.624948589037189,HV
DTLZ,DTLZ7,M3,DTLZ7__M3,DTLZ7 (M3),AGEMOEAII,0.2788596656551675,1.0,HV
DTLZ,DTLZ7,M3,DTLZ7__M3,DTLZ7 (M3),ARMOEA,0.2754057120755935,0.8440282220099538,HV
DTLZ,DTLZ7,M3,DTLZ7__M3,DTLZ7 (M3),IVFSPEA2,0.2773745894322315,0.9329377266932918,HV
DTLZ,DTLZ7,M3,DTLZ7__M3,DTLZ7 (M3),MFOSPEA2,0.2767390799291235,0.9042397303694537,HV
DTLZ,DTLZ7,M3,DTLZ7__M3,DTLZ7 (M3),MOEAD,0.2567149313700045,0.0,HV
DTLZ,DTLZ7,M3,DTLZ7__M3,DTLZ7 (M3),NSGAII,0.26803769887429096,0.5113074448525997,HV
DTLZ,DTLZ7,M3,DTLZ7__M3,DTLZ7 (M3),NSGAIII,0.26961269630646345,0.5824303317606507,HV
DTLZ,DTLZ7,M3,DTLZ7__M3,DTLZ7 (M3),SPEA2,0.2766767532007425,0.9014252134925101,HV
DTLZ,DTLZ7,M3,DTLZ7__M3,DTLZ7 (M3),SPEA2SDE,0.277644261758329,0.945115444548241,HV
MaF,MaF1,M2,MaF1__M2,MaF1 (M2),AGEMOEAII,0.5820124082338101,0.6667663572064099,HV
MaF,MaF1,M2,MaF1__M2,MaF1 (M2),ARMOEA,0.5826017558525816,0.9998390450838566,HV
MaF,MaF1,M2,MaF1__M2,MaF1 (M2),IVFSPEA2,0.5822382017887775,0.7943746886274732,HV
MaF,MaF1,M2,MaF1__M2,MaF1 (M2),MFOSPEA2,0.5820889575640775,0.7100285854318323,HV
MaF,MaF1,M2,MaF1__M2,MaF1 (M2),MOEAD,0.5826020406504651,1.0,HV
MaF,MaF1,M2,MaF1__M2,MaF1 (M2),NSGAII,0.580832614215271,0.0,HV
MaF,MaF1,M2,MaF1__M2,MaF1 (M2),NSGAIII,0.5826020253289601,0.9999913409765736,HV
MaF,MaF1,M2,MaF1__M2,MaF1 (M2),SPEA2,0.582084385979976,0.7074449323278835,HV
MaF,MaF1,M2,MaF1__M2,MaF1 (M2),SPEA2SDE,0.5820107979369605,0.6658562900696806,HV
MaF,MaF1,M3,MaF1__M3,MaF1 (M3),AGEMOEAII,0.2233017672005605,1.0,HV
MaF,MaF1,M3,MaF1__M3,MaF1 (M3),ARMOEA,0.21802840787604,0.789637051783331,HV
MaF,MaF1,M3,MaF1__M3,MaF1 (M3),IVFSPEA2,0.2201734643173585,0.8752068696769656,HV
MaF,MaF1,M3,MaF1__M3,MaF1 (M3),MFOSPEA2,0.218100542100544,0.7925146042503941,HV
MaF,MaF1,M3,MaF1__M3,MaF1 (M3),MOEAD,0.198233857812406,0.0,HV
MaF,MaF1,M3,MaF1__M3,MaF1 (M3),NSGAII,0.204103848315485,0.2341635440031069,HV
MaF,MaF1,M3,MaF1__M3,MaF1 (M3),NSGAIII,0.2055720256702595,0.2927315455081813,HV
MaF,MaF1,M3,MaF1__M3,MaF1 (M3),SPEA2,0.2184827087082415,0.8077598567275743,HV
MaF,MaF1,M3,MaF1__M3,MaF1 (M3),SPEA2SDE,0.2206197123549315,0.8930084354423122,HV
MaF,MaF2,M2,MaF2__M2,MaF2 (M2),AGEMOEAII,0.20724652517598552,0.6031437373165901,HV
MaF,MaF2,M2,MaF2__M2,MaF2 (M2),ARMOEA,0.207558028182695,0.9978562127041074,HV
MaF,MaF2,M2,MaF2__M2,MaF2 (M2),IVFSPEA2,0.207376010254985,0.7672171971445437,HV
MaF,MaF2,M2,MaF2__M2,MaF2 (M2),MFOSPEA2,0.207262174379541,0.6229731955888475,HV
MaF,MaF2,M2,MaF2__M2,MaF2 (M2),MOEAD,0.207512217353919,0.939808279823022,HV
MaF,MaF2,M2,MaF2__M2,MaF2 (M2),NSGAII,0.2067705303712415,0.0,HV
MaF,MaF2,M2,MaF2__M2,MaF2 (M2),NSGAIII,0.20755972003747553,1.0,HV
MaF,MaF2,M2,MaF2__M2,MaF2 (M2),SPEA2,0.20724431222830952,0.6003396614769321,HV
MaF,MaF2,M2,MaF2__M2,MaF2 (M2),SPEA2SDE,0.20733876111599447,0.720017974214673,HV
MaF,MaF2,M3,MaF2__M3,MaF2 (M3),AGEMOEAII,0.2459163124865455,1.0,HV
MaF,MaF2,M3,MaF2__M3,MaF2 (M3),ARMOEA,0.239769977285817,0.4754947989031095,HV
MaF,MaF2,M3,MaF2__M3,MaF2 (M3),IVFSPEA2,0.2407367857571745,0.5579986089184559,HV
MaF,MaF2,M3,MaF2__M3,MaF2 (M3),MFOSPEA2,0.2403291000437135,0.5232082386994922,HV
MaF,MaF2,M3,MaF2__M3,MaF2 (M3),MOEAD,0.23891390741843,0.4024410061497313,HV
MaF,MaF2,M3,MaF2__M3,MaF2 (M3),NSGAII,0.234197963101497,0.0,HV
MaF,MaF2,M3,MaF2__M3,MaF2 (M3),NSGAIII,0.2378839641472735,0.31454950903576057,HV
MaF,MaF2,M3,MaF2__M3,MaF2 (M3),SPEA2,0.23915802259317,0.4232728798820067,HV
MaF,MaF2,M3,MaF2__M3,MaF2 (M3),SPEA2SDE,0.245640406301962,0.9764552006841904,HV
MaF,MaF3,M2,MaF3__M2,MaF3 (M2),AGEMOEAII,0.7191002307881595,0.8341129163829565,HV
MaF,MaF3,M2,MaF3__M2,MaF3 (M2),ARMOEA,0.718627724971573,0.776710055571021,HV
MaF,MaF3,M2,MaF3__M2,MaF3 (M2),IVFSPEA2,0.720465713462663,1.0,HV
MaF,MaF3,M2,MaF3__M2,MaF3 (M2),MFOSPEA2,0.7186787566560335,0.7829096928606701,HV
MaF,MaF3,M2,MaF3__M2,MaF3 (M2),MOEAD,0.712234315063643,0.0,HV
MaF,MaF3,M2,MaF3__M2,MaF3 (M2),NSGAII,0.7185420502366184,0.7663017712429562,HV
MaF,MaF3,M2,MaF3__M2,MaF3 (M2),NSGAIII,0.7186963398897319,0.7850458103034215,HV
MaF,MaF3,M2,MaF3__M2,MaF3 (M2),SPEA2,0.719022062483367,0.8246165585342249,HV
MaF,MaF3,M2,MaF3__M2,MaF3 (M2),SPEA2SDE,0.7177237438856395,0.6668889726744494,HV
MaF,MaF3,M3,MaF3__M3,MaF3 (M3),AGEMOEAII,0.9616868599971344,0.8880303389073906,HV
MaF,MaF3,M3,MaF3__M3,MaF3 (M3),ARMOEA,0.9574472888089165,0.5948381152487819,HV
MaF,MaF3,M3,MaF3__M3,MaF3 (M3),IVFSPEA2,0.9633059457395841,1.0,HV
MaF,MaF3,M3,MaF3__M3,MaF3 (M3),MFOSPEA2,0.962073690369771,0.9147820201734546,HV
MaF,MaF3,M3,MaF3__M3,MaF3 (M3),MOEAD,0.9544738805581514,0.389208786672013,HV
MaF,MaF3,M3,MaF3__M3,MaF3 (M3),NSGAII,0.9491138678494645,0.01853119331878329,HV
MaF,MaF3,M3,MaF3__M3,MaF3 (M3),NSGAIII,0.9571379365756965,0.5734445202070002,HV
MaF,MaF3,M3,MaF3__M3,MaF3 (M3),SPEA2,0.9624419511954849,0.9402495039315969,HV
MaF,MaF3,M3,MaF3__M3,MaF3 (M3),SPEA2SDE,0.9488459060587415,0.0,HV
MaF,MaF4,M2,MaF4__M2,MaF4 (M2),AGEMOEAII,0.8185379830572086,0.9566650121950921,HV
MaF,MaF4,M2,MaF4__M2,MaF4 (M2),ARMOEA,0.8179215046285611,0.9101580748177567,HV
MaF,MaF4,M2,MaF4__M2,MaF4 (M2),IVFSPEA2,0.8191124153181566,1.0,HV
MaF,MaF4,M2,MaF4__M2,MaF4 (M2),MFOSPEA2,0.818694252702594,0.9684539447419475,HV
MaF,MaF4,M2,MaF4__M2,MaF4 (M2),MOEAD,0.805856792320544,0.0,HV
MaF,MaF4,M2,MaF4__M2,MaF4 (M2),NSGAII,0.8181742785359856,0.9292272583235063,HV
MaF,MaF4,M2,MaF4__M2,MaF4 (M2),NSGAIII,0.81804241593836,0.9192795857283146,HV
MaF,MaF4,M2,MaF4__M2,MaF4 (M2),SPEA2,0.8187190438155825,0.9703241784527991,HV
MaF,MaF4,M2,MaF4__M2,MaF4 (M2),SPEA2SDE,0.817357899769252,0.86763990276273,HV
MaF,MaF4,M3,MaF4__M3,MaF4 (M3),AGEMOEAII,0.5356011544423964,1.0,HV
MaF,MaF4,M3,MaF4__M3,MaF4 (M3),ARMOEA,0.5215689014630764,0.5901857109049897,HV
MaF,MaF4,M3,MaF4__M3,MaF4 (M3),IVFSPEA2,0.5328899646958075,0.9208192511753122,HV
MaF,MaF4,M3,MaF4__M3,MaF4 (M3),MFOSPEA2,0.5299719580089901,0.835598379110439,HV
MaF,MaF4,M3,MaF4__M3,MaF4 (M3),MOEAD,0.501360637816421,0.0,HV
MaF,MaF4,M3,MaF4__M3,MaF4 (M3),NSGAII,0.521778089536155,0.5962950834756091,HV
MaF,MaF4,M3,MaF4__M3,MaF4 (M3),NSGAIII,0.515509231348888,0.41321203435738063,HV
MaF,MaF4,M3,MaF4__M3,MaF4 (M3),SPEA2,0.5303423032876691,0.8464143747545588,HV
MaF,MaF4,M3,MaF4__M3,MaF4 (M3),SPEA2SDE,0.5253171576619045,0.6996541584687899,HV
MaF,MaF5,M2,MaF5__M2,MaF5 (M2),AGEMOEAII,0.347141948951909,0.796194124586796,HV
MaF,MaF5,M2,MaF5__M2,MaF5 (M2),ARMOEA,0.34721467601523703,0.8802581059737767,HV
MaF,MaF5,M2,MaF5__M2,MaF5 (M2),IVFSPEA2,0.347318269446885,1.0,HV
MaF,MaF5,M2,MaF5__M2,MaF5 (M2),MFOSPEA2,0.347165617191536,0.8235518421188955,HV
MaF,MaF5,M2,MaF5__M2,MaF5 (M2),MOEAD,0.3467060573663955,0.29235441960574515,HV
MaF,MaF5,M2,MaF5__M2,MaF5 (M2),NSGAII,0.34645313003606804,0.0,HV
MaF,MaF5,M2,MaF5__M2,MaF5 (M2),NSGAIII,0.3472150665481195,0.8807095163217441,HV
MaF,MaF5,M2,MaF5__M2,MaF5 (M2),SPEA2,0.347183336676478,0.844033494810304,HV
MaF,MaF5,M2,MaF5__M2,MaF5 (M2),SPEA2SDE,0.346958827168726,0.5845267552664579,HV
MaF,MaF5,M3,MaF5__M3,MaF5 (M3),AGEMOEAII,0.555956667904258,0.8606778527422141,HV
MaF,MaF5,M3,MaF5__M3,MaF5 (M3),ARMOEA,0.559598820571862,1.0,HV
MaF,MaF5,M3,MaF5__M3,MaF5 (M3),IVFSPEA2,0.5549650397596695,0.8227454059191618,HV
MaF,MaF5,M3,MaF5__M3,MaF5 (M3),MFOSPEA2,0.553310065816495,0.7594381960183654,HV
MaF,MaF5,M3,MaF5__M3,MaF5 (M3),MOEAD,0.546204591523882,0.4876346704448286,HV
MaF,MaF5,M3,MaF5__M3,MaF5 (M3),NSGAII,0.5334568701404995,0.0,HV
MaF,MaF5,M3,MaF5__M3,MaF5 (M3),NSGAIII,0.559575975597343,0.9991261182068615,HV
MaF,MaF5,M3,MaF5__M3,MaF5 (M3),SPEA2,0.5539348631845484,0.7833383778236166,HV
MaF,MaF5,M3,MaF5__M3,MaF5 (M3),SPEA2SDE,0.557456618227127,0.9180549917130495,HV
MaF,MaF6,M2,MaF6__M2,MaF6 (M2),AGEMOEAII,0.347213999515056,0.34608583273732124,HV
MaF,MaF6,M2,MaF6__M2,MaF6 (M2),ARMOEA,0.3472144375131005,0.3469017061313111,HV
MaF,MaF6,M2,MaF6__M2,MaF6 (M2),IVFSPEA2,0.3475650504607565,1.0,HV
MaF,MaF6,M2,MaF6__M2,MaF6 (M2),MFOSPEA2,0.34753594886250905,0.9457914937502662,HV
MaF,MaF6,M2,MaF6__M2,MaF6 (M2),MOEAD,0.347214568710209,0.3471460913096155,HV
MaF,MaF6,M2,MaF6__M2,MaF6 (M2),NSGAII,0.34702820485734953,0.0,HV
MaF,MaF6,M2,MaF6__M2,MaF6 (M2),NSGAIII,0.34721447413350903,0.34696992017331224,HV
MaF,MaF6,M2,MaF6__M2,MaF6 (M2),SPEA2,0.3475262091811785,0.9276490683140776,HV
MaF,MaF6,M2,MaF6__M2,MaF6 (M2),SPEA2SDE,0.34714520650463654,0.21794282479820704,HV
MaF,MaF6,M3,MaF6__M3,MaF6 (M3),AGEMOEAII,0.199801057533038,0.9847346181496999,HV
MaF,MaF6,M3,MaF6__M3,MaF6 (M3),ARMOEA,0.19947229807231348,0.9667050542173664,HV
MaF,MaF6,M3,MaF6__M3,MaF6 (M3),IVFSPEA2,0.2000794136110715,1.0,HV
MaF,MaF6,M3,MaF6__M3,MaF6 (M3),MFOSPEA2,0.2000522945627385,0.9985127587974906,HV
MaF,MaF6,M3,MaF6__M3,MaF6 (M3),MOEAD,0.1818449481543145,0.0,HV
MaF,MaF6,M3,MaF6__M3,MaF6 (M3),NSGAII,0.199742764803812,0.9815377748221977,HV
MaF,MaF6,M3,MaF6__M3,MaF6 (M3),NSGAIII,0.1927164534035615,0.5962064133455813,HV
MaF,MaF6,M3,MaF6__M3,MaF6 (M3),SPEA2,0.20006469250096298,0.9991926766296803,HV
MaF,MaF6,M3,MaF6__M3,MaF6 (M3),SPEA2SDE,0.199589089940088,0.9731100606076823,HV
MaF,MaF7,M2,MaF7__M2,MaF7 (M2),AGEMOEAII,0.24276894200731952,0.8655528289494993,HV
MaF,MaF7,M2,MaF7__M2,MaF7 (M2),ARMOEA,0.242825273266075,0.9210836542456519,HV
MaF,MaF7,M2,MaF7__M2,MaF7 (M2),IVFSPEA2,0.24290532712929452,1.0,HV
MaF,MaF7,M2,MaF7__M2,MaF7 (M2),MFOSPEA2,0.24288778489926,0.9827070345510871,HV
MaF,MaF7,M2,MaF7__M2,MaF7 (M2),MOEAD,0.241890912910614,0.0,HV
MaF,MaF7,M2,MaF7__M2,MaF7 (M2),NSGAII,0.2426999477469825,0.7975389357424812,HV
MaF,MaF7,M2,MaF7__M2,MaF7 (M2),NSGAIII,0.2428023494593215,0.8984855810607918,HV
MaF,MaF7,M2,MaF7__M2,MaF7 (M2),SPEA2,0.24289076655570452,0.9856463234427602,HV
MaF,MaF7,M2,MaF7__M2,MaF7 (M2),SPEA2SDE,0.2425078243001465,0.6081454480546817,HV
MaF,MaF7,M3,MaF7__M3,MaF7 (M3),AGEMOEAII,0.2789180733812065,1.0,HV
MaF,MaF7,M3,MaF7__M3,MaF7 (M3),ARMOEA,0.2750984683021225,0.8232064968067018,HV
MaF,MaF7,M3,MaF7__M3,MaF7 (M3),IVFSPEA2,0.2777436096894865,0.9456390003329084,HV
MaF,MaF7,M3,MaF7__M3,MaF7 (M3),MFOSPEA2,0.276902536763818,0.9067092612915003,HV
MaF,MaF7,M3,MaF7__M3,MaF7 (M3),MOEAD,0.257313178347774,0.0,HV
MaF,MaF7,M3,MaF7__M3,MaF7 (M3),NSGAII,0.26868344034061753,0.5262817512072432,HV
MaF,MaF7,M3,MaF7__M3,MaF7 (M3),NSGAIII,0.26867771801985196,0.5260168889731656,HV
MaF,MaF7,M3,MaF7__M3,MaF7 (M3),SPEA2,0.2772091388360025,0.9209005856052761,HV
MaF,MaF7,M3,MaF7__M3,MaF7 (M3),SPEA2SDE,0.278122884292501,0.9631940313769171,HV
WFG,WFG1,M2,WFG1__M2,WFG1 (M2),AGEMOEAII,0.691509056477362,0.9685605590244808,HV
WFG,WFG1,M2,WFG1__M2,WFG1 (M2),ARMOEA,0.6643786884176335,0.20755994603300895,HV
WFG,WFG1,M2,WFG1__M2,WFG1 (M2),IVFSPEA2,0.687005351019738,0.8422326519927911,HV
WFG,WFG1,M2,WFG1__M2,WFG1 (M2),MFOSPEA2,0.6569789864539295,0.0,HV
WFG,WFG1,M2,WFG1__M2,WFG1 (M2),MOEAD,0.6793117772496571,0.6264296690683755,HV
WFG,WFG1,M2,WFG1__M2,WFG1 (M2),NSGAII,0.6926299013107255,1.0,HV
WFG,WFG1,M2,WFG1__M2,WFG1 (M2),NSGAIII,0.6684802761130155,0.32260854189253907,HV
WFG,WFG1,M2,WFG1__M2,WFG1 (M2),SPEA2,0.6850015372895415,0.7860261356033652,HV
WFG,WFG1,M2,WFG1__M2,WFG1 (M2),SPEA2SDE,0.682202917292786,0.707525485395732,HV
WFG,WFG1,M3,WFG1__M3,WFG1 (M3),AGEMOEAII,0.9485824687794765,1.0,HV
WFG,WFG1,M3,WFG1__M3,WFG1 (M3),ARMOEA,0.942569027418786,0.7569670195558325,HV
WFG,WFG1,M3,WFG1__M3,WFG1 (M3),IVFSPEA2,0.944996438691811,0.8550707443719512,HV
WFG,WFG1,M3,WFG1__M3,WFG1 (M3),MFOSPEA2,0.944055612287382,0.8170472846865128,HV
WFG,WFG1,M3,WFG1__M3,WFG1 (M3),MOEAD,0.923839154725144,0.0,HV
WFG,WFG1,M3,WFG1__M3,WFG1 (M3),NSGAII,0.930690803954949,0.27690911632774023,HV
WFG,WFG1,M3,WFG1__M3,WFG1 (M3),NSGAIII,0.9433982748692316,0.7904810204946173,HV
WFG,WFG1,M3,WFG1__M3,WFG1 (M3),SPEA2,0.944464064516462,0.833554864398072,HV
WFG,WFG1,M3,WFG1__M3,WFG1 (M3),SPEA2SDE,0.936875699680203,0.5268714177265331,HV
WFG,WFG2,M2,WFG2__M2,WFG2 (M2),AGEMOEAII,0.632652407467639,0.93729296411786,HV
WFG,WFG2,M2,WFG2__M2,WFG2 (M2),ARMOEA,0.6323722190029024,0.9100433319368225,HV
WFG,WFG2,M2,WFG2__M2,WFG2 (M2),IVFSPEA2,0.6324550480239455,0.9180988397160638,HV
WFG,WFG2,M2,WFG2__M2,WFG2 (M2),MFOSPEA2,0.6332971790372245,1.0,HV
WFG,WFG2,M2,WFG2__M2,WFG2 (M2),MOEAD,0.6230148947526124,0.0,HV
WFG,WFG2,M2,WFG2__M2,WFG2 (M2),NSGAII,0.6329053971809016,0.9618973911362034,HV
WFG,WFG2,M2,WFG2__M2,WFG2 (M2),NSGAIII,0.6323604580848134,0.9088995279178492,HV
WFG,WFG2,M2,WFG2__M2,WFG2 (M2),SPEA2,0.633176855983451,0.98829802304206,HV
WFG,WFG2,M2,WFG2__M2,WFG2 (M2),SPEA2SDE,0.632776469631818,0.9493585869644006,HV
WFG,WFG2,M3,WFG2__M3,WFG2 (M3),AGEMOEAII,0.9376787992446365,1.0,HV
WFG,WFG2,M3,WFG2__M3,WFG2 (M3),ARMOEA,0.930683742466649,0.6978176799811376,HV
WFG,WFG2,M3,WFG2__M3,WFG2 (M3),IVFSPEA2,0.9289398974405805,0.6224846051462053,HV
WFG,WFG2,M3,WFG2__M3,WFG2 (M3),MFOSPEA2,0.9303048900589506,0.6814514798005615,HV
WFG,WFG2,M3,WFG2__M3,WFG2 (M3),MOEAD,0.9145303345113229,0.0,HV
WFG,WFG2,M3,WFG2__M3,WFG2 (M3),NSGAII,0.9201924462970941,0.24459988388010234,HV
WFG,WFG2,M3,WFG2__M3,WFG2 (M3),NSGAIII,0.9309358149365635,0.7087070617530432,HV
WFG,WFG2,M3,WFG2__M3,WFG2 (M3),SPEA2,0.9304412996350679,0.6873442928958969,HV
WFG,WFG2,M3,WFG2__M3,WFG2 (M3),SPEA2SDE,0.930207418584297,0.6772407696832171,HV
WFG,WFG3,M2,WFG3__M2,WFG3 (M2),AGEMOEAII,0.5813140177259819,0.49801951318754767,HV
WFG,WFG3,M2,WFG3__M2,WFG3 (M2),ARMOEA,0.5821460779345005,0.9420570957240062,HV
WFG,WFG3,M2,WFG3__M2,WFG3 (M2),IVFSPEA2,0.581026566234493,0.3446180356616779,HV
WFG,WFG3,M2,WFG3__M2,WFG3 (M2),MFOSPEA2,0.5818045712464085,0.7598085004325927,HV
WFG,WFG3,M2,WFG3__M2,WFG3 (M2),MOEAD,0.580380803429971,0.0,HV
WFG,WFG3,M2,WFG3__M2,WFG3 (M2),NSGAII,0.5805424781775995,0.08627941026284115,HV
WFG,WFG3,M2,WFG3__M2,WFG3 (M2),NSGAIII,0.5822546542958495,1.0,HV
WFG,WFG3,M2,WFG3__M2,WFG3 (M2),SPEA2,0.5817211919712375,0.7153122832099379,HV
WFG,WFG3,M2,WFG3__M2,WFG3 (M2),SPEA2SDE,0.581077714412612,0.37191379278429176,HV
WFG,WFG3,M3,WFG3__M3,WFG3 (M3),AGEMOEAII,0.4045968869295795,1.0,HV
WFG,WFG3,M3,WFG3__M3,WFG3 (M3),ARMOEA,0.38078103296516397,0.40739135138944527,HV
WFG,WFG3,M3,WFG3__M3,WFG3 (M3),IVFSPEA2,0.39581078182158147,0.7813758061171926,HV
WFG,WFG3,M3,WFG3__M3,WFG3 (M3),MFOSPEA2,0.384089353409583,0.48971211598042624,HV
WFG,WFG3,M3,WFG3__M3,WFG3 (M3),MOEAD,0.3644087222440745,0.0,HV
WFG,WFG3,M3,WFG3__M3,WFG3 (M3),NSGAII,0.40110109022454754,0.9130142734213282,HV
WFG,WFG3,M3,WFG3__M3,WFG3 (M3),NSGAIII,0.385952691659701,0.5360774642042041,HV
WFG,WFG3,M3,WFG3__M3,WFG3 (M3),SPEA2,0.38912865746416503,0.6151048552114265,HV
WFG,WFG3,M3,WFG3__M3,WFG3 (M3),SPEA2SDE,0.3995163791891295,0.873581991608529,HV
WFG,WFG4,M2,WFG4__M2,WFG4 (M2),AGEMOEAII,0.347245567081494,0.9763511989934031,HV
WFG,WFG4,M2,WFG4__M2,WFG4 (M2),ARMOEA,0.34719319642473845,0.9524009761431411,HV
WFG,WFG4,M2,WFG4__M2,WFG4 (M2),IVFSPEA2,0.347297278635409,1.0,HV
WFG,WFG4,M2,WFG4__M2,WFG4 (M2),MFOSPEA2,0.3470696866602005,0.8959173158622684,HV
WFG,WFG4,M2,WFG4__M2,WFG4 (M2),MOEAD,0.3451106327288975,0.0,HV
WFG,WFG4,M2,WFG4__M2,WFG4 (M2),NSGAII,0.3465030671146015,0.6367900635203583,HV
WFG,WFG4,M2,WFG4__M2,WFG4 (M2),NSGAIII,0.347212739945144,0.9613386465484708,HV
WFG,WFG4,M2,WFG4__M2,WFG4 (M2),SPEA2,0.3471097303850065,0.914230168751133,HV
WFG,WFG4,M2,WFG4__M2,WFG4 (M2),SPEA2SDE,0.3470067696328305,0.8671440118798383,HV
WFG,WFG4,M3,WFG4__M3,WFG4 (M3),AGEMOEAII,0.5576291610184255,0.9588608916775114,HV
WFG,WFG4,M3,WFG4__M3,WFG4 (M3),ARMOEA,0.5590802770589475,0.999343572002885,HV
WFG,WFG4,M3,WFG4__M3,WFG4 (M3),IVFSPEA2,0.5510334848235675,0.7748572396814429,HV
WFG,WFG4,M3,WFG4__M3,WFG4 (M3),MFOSPEA2,0.5414574861712644,0.5077096915791172,HV
WFG,WFG4,M3,WFG4__M3,WFG4 (M3),MOEAD,0.5449711318096124,0.6057320338190406,HV
WFG,WFG4,M3,WFG4__M3,WFG4 (M3),NSGAII,0.5232584521286214,0.0,HV
WFG,WFG4,M3,WFG4__M3,WFG4 (M3),NSGAIII,0.559103806953421,1.0,HV
WFG,WFG4,M3,WFG4__M3,WFG4 (M3),SPEA2,0.5432103744836194,0.5566110993325774,HV
WFG,WFG4,M3,WFG4__M3,WFG4 (M3),SPEA2SDE,0.554982100501064,0.8850142097211048,HV
WFG,WFG5,M2,WFG5__M2,WFG5 (M2),AGEMOEAII,0.3134982427384575,0.9895591894842202,HV
WFG,WFG5,M2,WFG5__M2,WFG5 (M2),ARMOEA,0.31321201438400303,0.9454107583878234,HV
WFG,WFG5,M2,WFG5__M2,WFG5 (M2),IVFSPEA2,0.3135659338418305,1.0,HV
WFG,WFG5,M2,WFG5__M2,WFG5 (M2),MFOSPEA2,0.3134283539197375,0.9787793989790161,HV
WFG,WFG5,M2,WFG5__M2,WFG5 (M2),MOEAD,0.30708261501608347,0.0,HV
WFG,WFG5,M2,WFG5__M2,WFG5 (M2),NSGAII,0.3128129749978565,0.8838621292255718,HV
WFG,WFG5,M2,WFG5__M2,WFG5 (M2),NSGAIII,0.313377065966677,0.9708686430160676,HV
WFG,WFG5,M2,WFG5__M2,WFG5 (M2),SPEA2,0.313452315289801,0.9824752483900214,HV
WFG,WFG5,M2,WFG5__M2,WFG5 (M2),SPEA2SDE,0.3131549303502915,0.9366060034088114,HV
WFG,WFG5,M3,WFG5__M3,WFG5 (M3),AGEMOEAII,0.514882864010911,0.8566654304513251,HV
WFG,WFG5,M3,WFG5__M3,WFG5 (M3),ARMOEA,0.5183997664037929,0.9989362885343124,HV
WFG,WFG5,M3,WFG5__M3,WFG5 (M3),IVFSPEA2,0.516391518706142,0.9176957275889018,HV
WFG,WFG5,M3,WFG5__M3,WFG5 (M3),MFOSPEA2,0.51349727359176,0.8006135086569763,HV
WFG,WFG5,M3,WFG5__M3,WFG5 (M3),MOEAD,0.498514120144631,0.19449316194888555,HV
WFG,WFG5,M3,WFG5__M3,WFG5 (M3),NSGAII,0.493706294593609,0.0,HV
WFG,WFG5,M3,WFG5__M3,WFG5 (M3),NSGAIII,0.5184260611028579,1.0,HV
WFG,WFG5,M3,WFG5__M3,WFG5 (M3),SPEA2,0.5139178628566865,0.8176277982041342,HV
WFG,WFG5,M3,WFG5__M3,WFG5 (M3),SPEA2SDE,0.5173084109617541,0.9547871885972019,HV
WFG,WFG6,M2,WFG6__M2,WFG6 (M2),AGEMOEAII,0.305767489931729,0.8675895106176009,HV
WFG,WFG6,M2,WFG6__M2,WFG6 (M2),ARMOEA,0.3059042356389935,0.8927545230258644,HV
WFG,WFG6,M2,WFG6__M2,WFG6 (M2),IVFSPEA2,0.302691411403897,0.30150552984630585,HV
WFG,WFG6,M2,WFG6__M2,WFG6 (M2),MFOSPEA2,0.30105304197835847,0.0,HV
WFG,WFG6,M2,WFG6__M2,WFG6 (M2),MOEAD,0.30431716860424,0.600690059568443,HV
WFG,WFG6,M2,WFG6__M2,WFG6 (M2),NSGAII,0.303434579620316,0.4382691457705334,HV
WFG,WFG6,M2,WFG6__M2,WFG6 (M2),NSGAIII,0.30252458889308254,0.27080554928674955,HV
WFG,WFG6,M2,WFG6__M2,WFG6 (M2),SPEA2,0.3064870034263415,1.0,HV
WFG,WFG6,M2,WFG6__M2,WFG6 (M2),SPEA2SDE,0.303591574672314,0.46716060065126014,HV
WFG,WFG6,M3,WFG6__M3,WFG6 (M3),AGEMOEAII,0.508164069858284,1.0,HV
WFG,WFG6,M3,WFG6__M3,WFG6 (M3),ARMOEA,0.504679211469992,0.8955958971762483,HV
WFG,WFG6,M3,WFG6__M3,WFG6 (M3),IVFSPEA2,0.4990291296720945,0.7263231017673644,HV
WFG,WFG6,M3,WFG6__M3,WFG6 (M3),MFOSPEA2,0.49724769781338496,0.6729525557574952,HV
WFG,WFG6,M3,WFG6__M3,WFG6 (M3),MOEAD,0.4921441964940775,0.5200549578831459,HV
WFG,WFG6,M3,WFG6__M3,WFG6 (M3),NSGAII,0.4747855119851805,0.0,HV
WFG,WFG6,M3,WFG6__M3,WFG6 (M3),NSGAIII,0.5057768023952475,0.9284790112229447,HV
WFG,WFG6,M3,WFG6__M3,WFG6 (M3),SPEA2,0.49869327966191246,0.7162612527366524,HV
WFG,WFG6,M3,WFG6__M3,WFG6 (M3),SPEA2SDE,0.5048161678382606,0.8996990213672118,HV
WFG,WFG7,M2,WFG7__M2,WFG7 (M2),AGEMOEAII,0.34720318106658954,1.0,HV
WFG,WFG7,M2,WFG7__M2,WFG7 (M2),ARMOEA,0.34717111973896697,0.9893927554130234,HV
WFG,WFG7,M2,WFG7__M2,WFG7 (M2),IVFSPEA2,0.34665966781781754,0.8201828060941312,HV
WFG,WFG7,M2,WFG7__M2,WFG7 (M2),MFOSPEA2,0.3462863181028515,0.6966629135387347,HV
WFG,WFG7,M2,WFG7__M2,WFG7 (M2),MOEAD,0.344180593309734,0.0,HV
WFG,WFG7,M2,WFG7__M2,WFG7 (M2),NSGAII,0.34523271884281903,0.3480876711350085,HV
WFG,WFG7,M2,WFG7__M2,WFG7 (M2),NSGAIII,0.34717540719114703,0.9908112261159296,HV
WFG,WFG7,M2,WFG7__M2,WFG7 (M2),SPEA2,0.3462201542351035,0.6747731048481761,HV
WFG,WFG7,M2,WFG7__M2,WFG7 (M2),SPEA2SDE,0.34693759397471446,0.9121325456067585,HV
WFG,WFG7,M3,WFG7__M3,WFG7 (M3),AGEMOEAII,0.5580103748954865,0.9840066487552841,HV
WFG,WFG7,M3,WFG7__M3,WFG7 (M3),ARMOEA,0.5584137468949679,0.9947542080892651,HV
WFG,WFG7,M3,WFG7__M3,WFG7 (M3),IVFSPEA2,0.5488889153960861,0.740971863722224,HV
WFG,WFG7,M3,WFG7__M3,WFG7 (M3),MFOSPEA2,0.5426077335350721,0.5736142513307605,HV
WFG,WFG7,M3,WFG7__M3,WFG7 (M3),MOEAD,0.5322456652224634,0.29752432898683573,HV
WFG,WFG7,M3,WFG7__M3,WFG7 (M3),NSGAII,0.5210791315241265,0.0,HV
WFG,WFG7,M3,WFG7__M3,WFG7 (M3),NSGAIII,0.5586106293225165,1.0,HV
WFG,WFG7,M3,WFG7__M3,WFG7 (M3),SPEA2,0.5432260192143565,0.5900880324360535,HV
WFG,WFG7,M3,WFG7__M3,WFG7 (M3),SPEA2SDE,0.5563839207468735,0.9406709375787682,HV
WFG,WFG8,M2,WFG8__M2,WFG8 (M2),AGEMOEAII,0.2906358497172895,0.865997582302559,HV
WFG,WFG8,M2,WFG8__M2,WFG8 (M2),ARMOEA,0.2906517271770135,0.8742428108988708,HV
WFG,WFG8,M2,WFG8__M2,WFG8 (M2),IVFSPEA2,0.290047695316323,0.5605666399351368,HV
WFG,WFG8,M2,WFG8__M2,WFG8 (M2),MFOSPEA2,0.290335490066983,0.7100196096961932,HV
WFG,WFG8,M2,WFG8__M2,WFG8 (M2),MOEAD,0.28931354872533555,0.17932136700567394,HV
WFG,WFG8,M2,WFG8__M2,WFG8 (M2),NSGAII,0.2889682377677285,0.0,HV
WFG,WFG8,M2,WFG8__M2,WFG8 (M2),NSGAIII,0.2908938920462625,1.0,HV
WFG,WFG8,M2,WFG8__M2,WFG8 (M2),SPEA2,0.2899841049290185,0.5275438964378273,HV
WFG,WFG8,M2,WFG8__M2,WFG8 (M2),SPEA2SDE,0.290154828396558,0.6162012787325687,HV
WFG,WFG8,M3,WFG8__M3,WFG8 (M3),AGEMOEAII,0.466011930334848,0.623827705320429,HV
WFG,WFG8,M3,WFG8__M3,WFG8 (M3),ARMOEA,0.47882930479991803,0.9657868808152251,HV
WFG,WFG8,M3,WFG8__M3,WFG8 (M3),IVFSPEA2,0.462359355517,0.5263793958754475,HV
WFG,WFG8,M3,WFG8__M3,WFG8 (M3),MFOSPEA2,0.458261012318901,0.4170382773229751,HV
WFG,WFG8,M3,WFG8__M3,WFG8 (M3),MOEAD,0.4662627620650305,0.6305197319811843,HV
WFG,WFG8,M3,WFG8__M3,WFG8 (M3),NSGAII,0.4426295096432325,0.0,HV
WFG,WFG8,M3,WFG8__M3,WFG8 (M3),NSGAIII,0.4740588489828735,0.8385142367665912,HV
WFG,WFG8,M3,WFG8__M3,WFG8 (M3),SPEA2,0.4592711039806905,0.44398686283719413,HV
WFG,WFG8,M3,WFG8__M3,WFG8 (M3),SPEA2SDE,0.48011168700117,1.0,HV
WFG,WFG9,M2,WFG9__M2,WFG9 (M2),AGEMOEAII,0.343736389187294,1.0,HV
WFG,WFG9,M2,WFG9__M2,WFG9 (M2),ARMOEA,0.3424998309315965,0.9109450446600238,HV
WFG,WFG9,M2,WFG9__M2,WFG9 (M2),IVFSPEA2,0.3418833889563915,0.8665498757962579,HV
WFG,WFG9,M2,WFG9__M2,WFG9 (M2),MFOSPEA2,0.3432846429304715,0.967465954360851,HV
WFG,WFG9,M2,WFG9__M2,WFG9 (M2),MOEAD,0.329851050061843,0.0,HV
WFG,WFG9,M2,WFG9__M2,WFG9 (M2),NSGAII,0.3425426829546395,0.9140311790825132,HV
WFG,WFG9,M2,WFG9__M2,WFG9 (M2),NSGAIII,0.343549111339699,0.9865125478101063,HV
WFG,WFG9,M2,WFG9__M2,WFG9 (M2),SPEA2,0.343014686115911,0.9480240947043105,HV
WFG,WFG9,M2,WFG9__M2,WFG9 (M2),SPEA2SDE,0.34334682706458397,0.9719443566202877,HV
WFG,WFG9,M3,WFG9__M3,WFG9 (M3),AGEMOEAII,0.5420650293511236,0.9195357501315654,HV
WFG,WFG9,M3,WFG9__M3,WFG9 (M3),ARMOEA,0.538115443589076,0.824120003750607,HV
WFG,WFG9,M3,WFG9__M3,WFG9 (M3),IVFSPEA2,0.5350352986286355,0.7497085722566823,HV
WFG,WFG9,M3,WFG9__M3,WFG9 (M3),MFOSPEA2,0.5155462149922185,0.278883130429682,HV
WFG,WFG9,M3,WFG9__M3,WFG9 (M3),MOEAD,0.508005700581706,0.09671622637379065,HV
WFG,WFG9,M3,WFG9__M3,WFG9 (M3),NSGAII,0.5040022834819775,0.0,HV
WFG,WFG9,M3,WFG9__M3,WFG9 (M3),NSGAIII,0.538315658327459,0.828956875222762,HV
WFG,WFG9,M3,WFG9__M3,WFG9 (M3),SPEA2,0.51438405113702,0.25080708946196983,HV
WFG,WFG9,M3,WFG9__M3,WFG9 (M3),SPEA2SDE,0.5453957212724061,1.0,HV
ZDT,ZDT1,M2,ZDT1__M2,ZDT1 (M2),AGEMOEAII,0.719800487938733,0.4662014560597053,HV
ZDT,ZDT1,M2,ZDT1__M2,ZDT1 (M2),ARMOEA,0.72030506777242,0.902308520483297,HV
ZDT,ZDT1,M2,ZDT1__M2,ZDT1 (M2),IVFSPEA2,0.7204180977013259,1.0,HV
ZDT,ZDT1,M2,ZDT1__M2,ZDT1 (M2),MFOSPEA2,0.7203402162667241,0.9326872745406201,HV
ZDT,ZDT1,M2,ZDT1__M2,ZDT1 (M2),MOEAD,0.719396967902519,0.11744011705907391,HV
ZDT,ZDT1,M2,ZDT1__M2,ZDT1 (M2),NSGAII,0.7192610886206454,0.0,HV
ZDT,ZDT1,M2,ZDT1__M2,ZDT1 (M2),NSGAIII,0.7203053993034976,0.9025950619488107,HV
ZDT,ZDT1,M2,ZDT1__M2,ZDT1 (M2),SPEA2,0.7202911439416875,0.8902741890635988,HV
ZDT,ZDT1,M2,ZDT1__M2,ZDT1 (M2),SPEA2SDE,0.7196721740614795,0.35530009893469583,HV
ZDT,ZDT2,M2,ZDT2__M2,ZDT2 (M2),AGEMOEAII,0.4443019676399605,0.30488316456502795,HV
ZDT,ZDT2,M2,ZDT2__M2,ZDT2 (M2),ARMOEA,0.4450335624807795,0.9998155350452382,HV
ZDT,ZDT2,M2,ZDT2__M2,ZDT2 (M2),IVFSPEA2,0.4450228696866305,0.9896585897383183,HV
ZDT,ZDT2,M2,ZDT2__M2,ZDT2 (M2),MFOSPEA2,0.444965370732054,0.935041084837299,HV
ZDT,ZDT2,M2,ZDT2__M2,ZDT2 (M2),MOEAD,0.4444664868603505,0.46115782020255963,HV
ZDT,ZDT2,M2,ZDT2__M2,ZDT2 (M2),NSGAII,0.44398099978794603,0.0,HV
ZDT,ZDT2,M2,ZDT2__M2,ZDT2 (M2),NSGAIII,0.44503375667753153,1.0,HV
ZDT,ZDT2,M2,ZDT2__M2,ZDT2 (M2),SPEA2,0.4449575884289415,0.9276487768985161,HV
ZDT,ZDT2,M2,ZDT2__M2,ZDT2 (M2),SPEA2SDE,0.44464688051776846,0.6325113959449893,HV
ZDT,ZDT3,M2,ZDT3__M2,ZDT3 (M2),AGEMOEAII,0.599464434652949,0.9289302429123398,HV
ZDT,ZDT3,M2,ZDT3__M2,ZDT3 (M2),ARMOEA,0.598676817908699,0.6711499176599234,HV
ZDT,ZDT3,M2,ZDT3__M2,ZDT3 (M2),IVFSPEA2,0.5996815797381575,1.0,HV
ZDT,ZDT3,M2,ZDT3__M2,ZDT3 (M2),MFOSPEA2,0.5996357941567085,0.9850147649044405,HV
ZDT,ZDT3,M2,ZDT3__M2,ZDT3 (M2),MOEAD,0.596626200149049,0.0,HV
ZDT,ZDT3,M2,ZDT3__M2,ZDT3 (M2),NSGAII,0.5994040693466356,0.9091731866930229,HV
ZDT,ZDT3,M2,ZDT3__M2,ZDT3 (M2),NSGAIII,0.59877534265392,0.7033962367661305,HV
ZDT,ZDT3,M2,ZDT3__M2,ZDT3 (M2),SPEA2,0.5996167522761605,0.978782517816092,HV
ZDT,ZDT3,M2,ZDT3__M2,ZDT3 (M2),SPEA2SDE,0.5994605707256695,0.9276656120647548,HV
ZDT,ZDT4,M2,ZDT4__M2,ZDT4 (M2),AGEMOEAII,0.719746402273838,0.7714412812283967,HV
ZDT,ZDT4,M2,ZDT4__M2,ZDT4 (M2),ARMOEA,0.7200838457528664,0.8631373501391809,HV
ZDT,ZDT4,M2,ZDT4__M2,ZDT4 (M2),IVFSPEA2,0.7205875032080515,1.0,HV
ZDT,ZDT4,M2,ZDT4__M2,ZDT4 (M2),MFOSPEA2,0.7204131133835965,0.9526117339513808,HV
ZDT,ZDT4,M2,ZDT4__M2,ZDT4 (M2),MOEAD,0.7169074819919105,0.0,HV
ZDT,ZDT4,M2,ZDT4__M2,ZDT4 (M2),NSGAII,0.7196152430791135,0.735800401184221,HV
ZDT,ZDT4,M2,ZDT4__M2,ZDT4 (M2),NSGAIII,0.720130557940304,0.8758308061531527,HV
ZDT,ZDT4,M2,ZDT4__M2,ZDT4 (M2),SPEA2,0.7203773790725575,0.9429013793256394,HV
ZDT,ZDT4,M2,ZDT4__M2,ZDT4 (M2),SPEA2SDE,0.7194413518086256,0.6885476109760461,HV
ZDT,ZDT6,M2,ZDT6__M2,ZDT6 (M2),AGEMOEAII,0.38839021625810155,0.6032137654967893,HV
ZDT,ZDT6,M2,ZDT6__M2,ZDT6 (M2),ARMOEA,0.38895557758853,0.9998080289122643,HV
ZDT,ZDT6,M2,ZDT6__M2,ZDT6 (M2),IVFSPEA2,0.3889294785963745,0.9814998956659522,HV
ZDT,ZDT6,M2,ZDT6__M2,ZDT6 (M2),MFOSPEA2,0.38891242552176897,0.9695373662212425,HV
ZDT,ZDT6,M2,ZDT6__M2,ZDT6 (M2),MOEAD,0.3875303103833745,0.0,HV
ZDT,ZDT6,M2,ZDT6__M2,ZDT6 (M2),NSGAII,0.3882858225686525,0.5299828313243236,HV
ZDT,ZDT6,M2,ZDT6__M2,ZDT6 (M2),NSGAIII,0.388955851251161,1.0,HV
ZDT,ZDT6,M2,ZDT6__M2,ZDT6 (M2),SPEA2,0.388905803494204,0.9648920924766573,HV
ZDT,ZDT6,M2,ZDT6__M2,ZDT6 (M2),SPEA2SDE,0.388554827217492,0.7186863998563098,HV
