metric,suite,problem,M,baseline,A12,significant,p_value
IGD,ZDT,ZDT1,M2,SPEA2,0.7480555555555556,True,2.8076730989401725e-06
IGD,ZDT,ZDT1,M2,MFOSPEA2,0.6836111111111111,True,0.000526838762919239
IGD,ZDT,ZDT1,M2,SPEA2SDE,0.9975,True,5.57752449300398e-21
IGD,ZDT,ZDT1,M2,NSGAII,1.0,True,3.5565709749847226e-21
IGD,ZDT,ZDT1,M2,NSGAIII,0.5575,False,0.27843401051812156
IGD,ZDT,ZDT1,M2,MOEAD,0.8830555555555556,True,4.646771557204004e-13
IGD,ZDT,ZDT1,M2,AGEMOEAII,1.0,True,3.5565709749847226e-21
IGD,ZDT,ZDT1,M2,ARMOEA,0.55,False,0.3461257456151704
IGD,ZDT,ZDT2,M2,SPEA2,0.6947222222222222,True,0.00023629702600046998
IGD,ZDT,ZDT2,M2,MFOSPEA2,0.7302777777777778,True,1.3707353413162363e-05
IGD,ZDT,ZDT2,M2,SPEA2SDE,1.0,True,3.5565709749847226e-21
IGD,ZDT,ZDT2,M2,NSGAII,1.0,True,3.5565709749847226e-21
IGD,ZDT,ZDT2,M2,NSGAIII,0.03333333333333333,True,1.1959014793911051e-18
IGD,ZDT,ZDT2,M2,MOEAD,0.9086111111111111,True,1.1805490690799198e-14
IGD,ZDT,ZDT2,M2,AGEMOEAII,1.0,True,3.5565709749847226e-21
IGD,ZDT,ZDT2,M2,ARMOEA,0.03333333333333333,True,1.1959014793911051e-18
IGD,ZDT,ZDT3,M2,SPEA2,0.6958333333333333,True,0.00021759088981951688
IGD,ZDT,ZDT3,M2,MFOSPEA2,0.6694444444444444,True,0.0013788347498115713
IGD,ZDT,ZDT3,M2,SPEA2SDE,0.9588888888888889,True,4.3928660847134696e-18
IGD,ZDT,ZDT3,M2,NSGAII,0.9827777777777778,True,7.54647961587896e-20
IGD,ZDT,ZDT3,M2,NSGAIII,0.9833333333333333,True,6.849473201576513e-20
IGD,ZDT,ZDT3,M2,MOEAD,0.9838888888888889,True,6.216166216570142e-20
IGD,ZDT,ZDT3,M2,AGEMOEAII,0.9833333333333333,True,6.849473201576513e-20
IGD,ZDT,ZDT3,M2,ARMOEA,0.9833333333333333,True,6.849473201576513e-20
IGD,ZDT,ZDT4,M2,SPEA2,0.8147222222222222,True,2.7800794941475607e-09
IGD,ZDT,ZDT4,M2,MFOSPEA2,0.7063888888888888,True,9.734567564713231e-05
IGD,ZDT,ZDT4,M2,SPEA2SDE,1.0,True,3.5565709749847226e-21
IGD,ZDT,ZDT4,M2,NSGAII,1.0,True,3.5565709749847226e-21
IGD,ZDT,ZDT4,M2,NSGAIII,1.0,True,3.5565709749847226e-21
IGD,ZDT,ZDT4,M2,MOEAD,1.0,True,3.5565709749847226e-21
IGD,ZDT,ZDT4,M2,AGEMOEAII,1.0,True,3.5565709749847226e-21
IGD,ZDT,ZDT4,M2,ARMOEA,1.0,True,3.5565709749847226e-21
IGD,ZDT,ZDT6,M2,SPEA2,0.8780555555555556,True,9.280744010258346e-13
IGD,ZDT,ZDT6,M2,MFOSPEA2,0.7866666666666666,True,6.164217691987269e-08
IGD,ZDT,ZDT6,M2,SPEA2SDE,1.0,True,3.5565709749847226e-21
IGD,ZDT,ZDT6,M2,NSGAII,1.0,True,3.5565709749847226e-21
IGD,ZDT,ZDT6,M2,NSGAIII,0.0,True,3.5565709749847226e-21
IGD,ZDT,ZDT6,M2,MOEAD,1.0,True,3.5565709749847226e-21
IGD,ZDT,ZDT6,M2,AGEMOEAII,1.0,True,3.5565709749847226e-21
IGD,ZDT,ZDT6,M2,ARMOEA,0.0,True,3.5565709749847226e-21
IGD,DTLZ,DTLZ1,M2,SPEA2,0.7588888888888888,True,1.0129440238323257e-06
IGD,DTLZ,DTLZ1,M2,MFOSPEA2,0.8055555555555556,True,7.885938066585707e-09
IGD,DTLZ,DTLZ1,M2,SPEA2SDE,0.9986111111111111,True,4.567840913829236e-21
IGD,DTLZ,DTLZ1,M2,NSGAII,1.0,True,3.5565709749847226e-21
IGD,DTLZ,DTLZ1,M2,NSGAIII,0.016944444444444446,True,7.189632666927015e-20
IGD,DTLZ,DTLZ1,M2,MOEAD,0.005833333333333334,True,1.0127370932884594e-20
IGD,DTLZ,DTLZ1,M2,AGEMOEAII,1.0,True,3.5565709749847226e-21
IGD,DTLZ,DTLZ1,M2,ARMOEA,0.03611111111111111,True,1.9079350241628156e-18
IGD,DTLZ,DTLZ2,M2,SPEA2,0.7858333333333334,True,6.73034238497736e-08
IGD,DTLZ,DTLZ2,M2,MFOSPEA2,0.7808333333333334,True,1.1344795452051456e-07
IGD,DTLZ,DTLZ2,M2,SPEA2SDE,1.0,True,3.5565709749847226e-21
IGD,DTLZ,DTLZ2,M2,NSGAII,1.0,True,3.5565709749847226e-21
IGD,DTLZ,DTLZ2,M2,NSGAIII,0.0,True,3.5565709749847226e-21
IGD,DTLZ,DTLZ2,M2,MOEAD,0.0,True,3.5565709749847226e-21
IGD,DTLZ,DTLZ2,M2,AGEMOEAII,1.0,True,3.5565709749847226e-21
IGD,DTLZ,DTLZ2,M2,ARMOEA,0.0,True,3.5565709749847226e-21
IGD,DTLZ,DTLZ3,M2,SPEA2,0.9511111111111111,True,1.5795616385044056e-17
IGD,DTLZ,DTLZ3,M2,MFOSPEA2,0.9744444444444444,True,3.186950547969335e-19
IGD,DTLZ,DTLZ3,M2,SPEA2SDE,1.0,True,3.5565709749847226e-21
IGD,DTLZ,DTLZ3,M2,NSGAII,1.0,True,3.5565709749847226e-21
IGD,DTLZ,DTLZ3,M2,NSGAIII,0.7305555555555555,True,1.3383082576939615e-05
IGD,DTLZ,DTLZ3,M2,MOEAD,0.8213888888888888,True,1.2786980754932149e-09
IGD,DTLZ,DTLZ3,M2,AGEMOEAII,1.0,True,3.5565709749847226e-21
IGD,DTLZ,DTLZ3,M2,ARMOEA,0.8475,True,5.258645467219707e-11
IGD,DTLZ,DTLZ4,M2,SPEA2,0.7155555555555555,True,4.6948725649538774e-05
IGD,DTLZ,DTLZ4,M2,MFOSPEA2,0.7172222222222222,True,4.0992864729933515e-05
IGD,DTLZ,DTLZ4,M2,SPEA2SDE,0.8583333333333333,True,1.3046675793410337e-11
IGD,DTLZ,DTLZ4,M2,NSGAII,0.8666666666666667,True,4.341962187166772e-12
IGD,DTLZ,DTLZ4,M2,NSGAIII,0.17194444444444446,True,5.790946425301679e-10
IGD,DTLZ,DTLZ4,M2,MOEAD,0.08,True,2.1336791171661242e-15
IGD,DTLZ,DTLZ4,M2,AGEMOEAII,0.8361111111111111,True,2.1780820981159448e-10
IGD,DTLZ,DTLZ4,M2,ARMOEA,0.4177777777777778,False,0.12090820999933773
IGD,DTLZ,DTLZ5,M2,SPEA2,0.8036111111111112,True,9.80095673602761e-09
IGD,DTLZ,DTLZ5,M2,MFOSPEA2,0.8052777777777778,True,8.135349253210223e-09
IGD,DTLZ,DTLZ5,M2,SPEA2SDE,1.0,True,3.5565709749847226e-21
IGD,DTLZ,DTLZ5,M2,NSGAII,1.0,True,3.5565709749847226e-21
IGD,DTLZ,DTLZ5,M2,NSGAIII,0.0,True,3.5565709749847226e-21
IGD,DTLZ,DTLZ5,M2,MOEAD,0.0,True,3.5565709749847226e-21
IGD,DTLZ,DTLZ5,M2,AGEMOEAII,1.0,True,3.5565709749847226e-21
IGD,DTLZ,DTLZ5,M2,ARMOEA,0.0,True,3.5565709749847226e-21
IGD,DTLZ,DTLZ6,M2,SPEA2,0.8080555555555555,True,5.951455309680416e-09
IGD,DTLZ,DTLZ6,M2,MFOSPEA2,0.7288888888888889,True,1.5444319825791772e-05
IGD,DTLZ,DTLZ6,M2,SPEA2SDE,1.0,True,3.5565709749847226e-21
IGD,DTLZ,DTLZ6,M2,NSGAII,1.0,True,3.5565709749847226e-21
IGD,DTLZ,DTLZ6,M2,NSGAIII,0.0,True,3.5565709749847226e-21
IGD,DTLZ,DTLZ6,M2,MOEAD,0.0,True,3.5565709749847226e-21
IGD,DTLZ,DTLZ6,M2,AGEMOEAII,1.0,True,3.5565709749847226e-21
IGD,DTLZ,DTLZ6,M2,ARMOEA,0.0,True,3.5565709749847226e-21
IGD,DTLZ,DTLZ7,M2,SPEA2,0.6363888888888889,True,0.010039746753762605
IGD,DTLZ,DTLZ7,M2,MFOSPEA2,0.5369444444444444,False,0.48677669181365935
IGD,DTLZ,DTLZ7,M2,SPEA2SDE,1.0,True,3.5565709749847226e-21
IGD,DTLZ,DTLZ7,M2,NSGAII,0.9994444444444445,True,3.931323565143429e-21
IGD,DTLZ,DTLZ7,M2,NSGAIII,0.9991666666666666,True,4.133088336365412e-21
IGD,DTLZ,DTLZ7,M2,MOEAD,1.0,True,3.5565709749847226e-21
IGD,DTLZ,DTLZ7,M2,AGEMOEAII,0.9997222222222222,True,3.7393064081683805e-21
IGD,DTLZ,DTLZ7,M2,ARMOEA,1.0,True,3.5565709749847226e-21
IGD,DTLZ,DTLZ1,M3,SPEA2,0.5608333333333333,False,0.251452888068492
IGD,DTLZ,DTLZ1,M3,MFOSPEA2,0.6791666666666667,True,0.0007176452489296917
IGD,DTLZ,DTLZ1,M3,SPEA2SDE,0.93,True,4.575494631272002e-16
IGD,DTLZ,DTLZ1,M3,NSGAII,1.0,True,3.5565709749847226e-21
IGD,DTLZ,DTLZ1,M3,NSGAIII,0.9844444444444445,True,5.640800572904033e-20
IGD,DTLZ,DTLZ1,M3,MOEAD,0.9838888888888889,True,6.216166216570142e-20
IGD,DTLZ,DTLZ1,M3,AGEMOEAII,0.39666666666666667,False,0.051191696912809295
IGD,DTLZ,DTLZ1,M3,ARMOEA,0.9844444444444445,True,5.640800572904033e-20
IGD,DTLZ,DTLZ2,M3,SPEA2,0.7838888888888889,True,8.254078546805342e-08
IGD,DTLZ,DTLZ2,M3,MFOSPEA2,0.7611111111111111,True,8.176946606693802e-07
IGD,DTLZ,DTLZ2,M3,SPEA2SDE,1.0,True,3.5565709749847226e-21
IGD,DTLZ,DTLZ2,M3,NSGAII,1.0,True,3.5565709749847226e-21
IGD,DTLZ,DTLZ2,M3,NSGAIII,0.95,True,1.8931234124387105e-17
IGD,DTLZ,DTLZ2,M3,MOEAD,0.95,True,1.8931234124387105e-17
IGD,DTLZ,DTLZ2,M3,AGEMOEAII,0.2386111111111111,True,7.960032606745764e-07
IGD,DTLZ,DTLZ2,M3,ARMOEA,0.95,True,1.8931234124387105e-17
IGD,DTLZ,DTLZ3,M3,SPEA2,0.6458333333333334,True,0.005906794153805775
IGD,DTLZ,DTLZ3,M3,MFOSPEA2,0.6761111111111111,True,0.0008841451175863792
IGD,DTLZ,DTLZ3,M3,SPEA2SDE,1.0,True,3.5565709749847226e-21
IGD,DTLZ,DTLZ3,M3,NSGAII,1.0,True,3.5565709749847226e-21
IGD,DTLZ,DTLZ3,M3,NSGAIII,0.9811111111111112,True,1.0086075021814828e-19
IGD,DTLZ,DTLZ3,M3,MOEAD,0.9797222222222223,True,1.28344834556047e-19
IGD,DTLZ,DTLZ3,M3,AGEMOEAII,0.39194444444444443,True,0.041440429590598446
IGD,DTLZ,DTLZ3,M3,ARMOEA,0.9813888888888889,True,9.610709904583695e-20
IGD,DTLZ,DTLZ4,M3,SPEA2,0.6375,True,0.009446662644973153
IGD,DTLZ,DTLZ4,M3,MFOSPEA2,0.5877777777777777,False,0.09773284711194866
IGD,DTLZ,DTLZ4,M3,SPEA2SDE,0.6705555555555556,True,0.0012817275121385224
IGD,DTLZ,DTLZ4,M3,NSGAII,0.5833333333333334,False,0.11595812951057019
IGD,DTLZ,DTLZ4,M3,NSGAIII,0.5930555555555556,False,0.07914482642483141
IGD,DTLZ,DTLZ4,M3,MOEAD,0.6230555555555556,True,0.02020480898405385
IGD,DTLZ,DTLZ4,M3,AGEMOEAII,0.455,False,0.3966300408180995
IGD,DTLZ,DTLZ4,M3,ARMOEA,0.6766666666666666,True,0.0008514310248050313
IGD,DTLZ,DTLZ5,M3,SPEA2,0.8355555555555556,True,2.331729133806294e-10
IGD,DTLZ,DTLZ5,M3,MFOSPEA2,0.8397222222222223,True,1.3947870924146634e-10
IGD,DTLZ,DTLZ5,M3,SPEA2SDE,1.0,True,3.5565709749847226e-21
IGD,DTLZ,DTLZ5,M3,NSGAII,1.0,True,3.5565709749847226e-21
IGD,DTLZ,DTLZ5,M3,NSGAIII,1.0,True,3.5565709749847226e-21
IGD,DTLZ,DTLZ5,M3,MOEAD,1.0,True,3.5565709749847226e-21
IGD,DTLZ,DTLZ5,M3,AGEMOEAII,1.0,True,3.5565709749847226e-21
IGD,DTLZ,DTLZ5,M3,ARMOEA,1.0,True,3.5565709749847226e-21
IGD,DTLZ,DTLZ6,M3,SPEA2,0.7522222222222222,True,1.9060376716772359e-06
IGD,DTLZ,DTLZ6,M3,MFOSPEA2,0.7594444444444445,True,9.602984730181875e-07
IGD,DTLZ,DTLZ6,M3,SPEA2SDE,1.0,True,3.5565709749847226e-21
IGD,DTLZ,DTLZ6,M3,NSGAII,1.0,True,3.5565709749847226e-21
IGD,DTLZ,DTLZ6,M3,NSGAIII,1.0,True,3.5565709749847226e-21
IGD,DTLZ,DTLZ6,M3,MOEAD,1.0,True,3.5565709749847226e-21
IGD,DTLZ,DTLZ6,M3,AGEMOEAII,1.0,True,3.5565709749847226e-21
IGD,DTLZ,DTLZ6,M3,ARMOEA,1.0,True,3.5565709749847226e-21
IGD,DTLZ,DTLZ7,M3,SPEA2,0.6358333333333334,True,0.010348545242541524
IGD,DTLZ,DTLZ7,M3,MFOSPEA2,0.6016666666666667,False,0.05506316376632256
IGD,DTLZ,DTLZ7,M3,SPEA2SDE,0.4930555555555556,False,0.8976807731002201
IGD,DTLZ,DTLZ7,M3,NSGAII,0.9016666666666666,True,3.2763104962829367e-14
IGD,DTLZ,DTLZ7,M3,NSGAIII,0.9016666666666666,True,3.2763104962829367e-14
IGD,DTLZ,DTLZ7,M3,MOEAD,0.9083333333333333,True,1.2301481889578357e-14
IGD,DTLZ,DTLZ7,M3,AGEMOEAII,0.6755555555555556,True,0.0009180211995214548
IGD,DTLZ,DTLZ7,M3,ARMOEA,0.9222222222222223,True,1.5200291453147057e-15
IGD,WFG,WFG1,M2,SPEA2,0.6083333333333333,True,0.04091949471374556
IGD,WFG,WFG1,M2,MFOSPEA2,0.9947222222222222,True,9.17147539601913e-21
IGD,WFG,WFG1,M2,SPEA2SDE,0.7916666666666666,True,3.620143668564275e-08
IGD,WFG,WFG1,M2,NSGAII,0.43944444444444447,False,0.253629081504266
IGD,WFG,WFG1,M2,NSGAIII,0.9669444444444445,True,1.1411522042143884e-18
IGD,WFG,WFG1,M2,MOEAD,0.7605555555555555,True,8.627979442589349e-07
IGD,WFG,WFG1,M2,AGEMOEAII,0.3233333333333333,True,0.0008514310248050313
IGD,WFG,WFG1,M2,ARMOEA,0.9733333333333334,True,3.854682214976216e-19
IGD,WFG,WFG2,M2,SPEA2,0.2338888888888889,True,5.019350885738354e-07
IGD,WFG,WFG2,M2,MFOSPEA2,0.17666666666666667,True,1.0165404763539466e-09
IGD,WFG,WFG2,M2,SPEA2SDE,0.9997222222222222,True,3.7393064081683805e-21
IGD,WFG,WFG2,M2,NSGAII,0.9986111111111111,True,4.567840913829236e-21
IGD,WFG,WFG2,M2,NSGAIII,1.0,True,3.5565709749847226e-21
IGD,WFG,WFG2,M2,MOEAD,1.0,True,3.5565709749847226e-21
IGD,WFG,WFG2,M2,AGEMOEAII,1.0,True,3.5565709749847226e-21
IGD,WFG,WFG2,M2,ARMOEA,1.0,True,3.5565709749847226e-21
IGD,WFG,WFG3,M2,SPEA2,0.29583333333333334,True,0.00011567041416913156
IGD,WFG,WFG3,M2,MFOSPEA2,0.22916666666666666,True,3.1407601508151894e-07
IGD,WFG,WFG3,M2,SPEA2SDE,0.905,True,2.0114963955622066e-14
IGD,WFG,WFG3,M2,NSGAII,0.9980555555555556,True,5.0477740034171866e-21
IGD,WFG,WFG3,M2,NSGAIII,0.0,True,3.5565709749847226e-21
IGD,WFG,WFG3,M2,MOEAD,0.9780555555555556,True,1.7122828692048396e-19
IGD,WFG,WFG3,M2,AGEMOEAII,0.9116666666666666,True,7.493749536566243e-15
IGD,WFG,WFG3,M2,ARMOEA,0.0,True,3.5565709749847226e-21
IGD,WFG,WFG4,M2,SPEA2,0.8316666666666667,True,3.7462303521192323e-10
IGD,WFG,WFG4,M2,MFOSPEA2,0.8597222222222223,True,1.087921876022664e-11
IGD,WFG,WFG4,M2,SPEA2SDE,1.0,True,3.5565709749847226e-21
IGD,WFG,WFG4,M2,NSGAII,1.0,True,3.5565709749847226e-21
IGD,WFG,WFG4,M2,NSGAIII,0.0,True,3.5565709749847226e-21
IGD,WFG,WFG4,M2,MOEAD,1.0,True,3.5565709749847226e-21
IGD,WFG,WFG4,M2,AGEMOEAII,1.0,True,3.5565709749847226e-21
IGD,WFG,WFG4,M2,ARMOEA,0.0,True,3.5565709749847226e-21
IGD,WFG,WFG5,M2,SPEA2,0.8894444444444445,True,1.8954942689030208e-13
IGD,WFG,WFG5,M2,MFOSPEA2,0.9047222222222222,True,2.0952676852225217e-14
IGD,WFG,WFG5,M2,SPEA2SDE,1.0,True,3.5565709749847226e-21
IGD,WFG,WFG5,M2,NSGAII,0.9833333333333333,True,6.849473201576513e-20
IGD,WFG,WFG5,M2,NSGAIII,0.11388888888888889,True,3.031649457025392e-13
IGD,WFG,WFG5,M2,MOEAD,1.0,True,3.5565709749847226e-21
IGD,WFG,WFG5,M2,AGEMOEAII,1.0,True,3.5565709749847226e-21
IGD,WFG,WFG5,M2,ARMOEA,0.4097222222222222,False,0.08853377201422956
IGD,WFG,WFG6,M2,SPEA2,0.4230555555555556,False,0.14671063961713326
IGD,WFG,WFG6,M2,MFOSPEA2,0.5161111111111111,False,0.7628070225603124
IGD,WFG,WFG6,M2,SPEA2SDE,0.5852777777777778,False,0.10768025042531737
IGD,WFG,WFG6,M2,NSGAII,0.47694444444444445,False,0.6650055421020291
IGD,WFG,WFG6,M2,NSGAIII,0.47638888888888886,False,0.6573969025416087
IGD,WFG,WFG6,M2,MOEAD,0.46416666666666667,False,0.5000252082856427
IGD,WFG,WFG6,M2,AGEMOEAII,0.4247222222222222,False,0.15567849615993545
IGD,WFG,WFG6,M2,ARMOEA,0.4161111111111111,False,0.11354354716475075
IGD,WFG,WFG7,M2,SPEA2,0.8869444444444444,True,2.6967994403039473e-13
IGD,WFG,WFG7,M2,MFOSPEA2,0.8755555555555555,True,1.3072853966789453e-12
IGD,WFG,WFG7,M2,SPEA2SDE,1.0,True,3.5565709749847226e-21
IGD,WFG,WFG7,M2,NSGAII,1.0,True,3.5565709749847226e-21
IGD,WFG,WFG7,M2,NSGAIII,0.0,True,3.5565709749847226e-21
IGD,WFG,WFG7,M2,MOEAD,0.9994444444444445,True,3.931323565143429e-21
IGD,WFG,WFG7,M2,AGEMOEAII,0.9683333333333334,True,9.024166655555409e-19
IGD,WFG,WFG7,M2,ARMOEA,0.0,True,3.5565709749847226e-21
IGD,WFG,WFG8,M2,SPEA2,0.5019444444444444,False,0.9727845283335559
IGD,WFG,WFG8,M2,MFOSPEA2,0.4022222222222222,False,0.0650525898057357
IGD,WFG,WFG8,M2,SPEA2SDE,0.9597222222222223,True,3.825161644822564e-18
IGD,WFG,WFG8,M2,NSGAII,0.6533333333333333,True,0.003796125747836176
IGD,WFG,WFG8,M2,NSGAIII,0.19027777777777777,True,4.927329990766869e-09
IGD,WFG,WFG8,M2,MOEAD,0.6672222222222223,True,0.0015937060286095777
IGD,WFG,WFG8,M2,AGEMOEAII,0.265,True,9.091504167080014e-06
IGD,WFG,WFG8,M2,ARMOEA,0.26361111111111113,True,8.045584534382022e-06
IGD,WFG,WFG9,M2,SPEA2,0.34444444444444444,True,0.0033181746205441717
IGD,WFG,WFG9,M2,MFOSPEA2,0.29527777777777775,True,0.00011080622228834933
IGD,WFG,WFG9,M2,SPEA2SDE,0.8688888888888889,True,3.224665548352656e-12
IGD,WFG,WFG9,M2,NSGAII,0.655,True,0.003432227821271658
IGD,WFG,WFG9,M2,NSGAIII,0.18222222222222223,True,1.9511976729196963e-09
IGD,WFG,WFG9,M2,MOEAD,0.8752777777777778,True,1.3578244038007843e-12
IGD,WFG,WFG9,M2,AGEMOEAII,0.35,True,0.004630986301881999
IGD,WFG,WFG9,M2,ARMOEA,0.3005555555555556,True,0.00016595130582595488
IGD,WFG,WFG1,M3,SPEA2,0.5288888888888889,False,0.5869686192952058
IGD,WFG,WFG1,M3,MFOSPEA2,0.495,False,0.9268162807755412
IGD,WFG,WFG1,M3,SPEA2SDE,0.9877777777777778,True,3.1423583271294874e-20
IGD,WFG,WFG1,M3,NSGAII,1.0,True,3.5565709749847226e-21
IGD,WFG,WFG1,M3,NSGAIII,0.17833333333333334,True,1.237565805382284e-09
IGD,WFG,WFG1,M3,MOEAD,1.0,True,3.5565709749847226e-21
IGD,WFG,WFG1,M3,AGEMOEAII,0.1947222222222222,True,8.135349253210223e-09
IGD,WFG,WFG1,M3,ARMOEA,0.2658333333333333,True,9.780132717611364e-06
IGD,WFG,WFG2,M3,SPEA2,0.10111111111111111,True,4.905063057299978e-14
IGD,WFG,WFG2,M3,MFOSPEA2,0.043611111111111114,True,6.643614408231023e-18
IGD,WFG,WFG2,M3,SPEA2SDE,0.9894444444444445,True,2.341931907873879e-20
IGD,WFG,WFG2,M3,NSGAII,0.9997222222222222,True,3.7393064081683805e-21
IGD,WFG,WFG2,M3,NSGAIII,0.001388888888888889,True,4.567840913829236e-21
IGD,WFG,WFG2,M3,MOEAD,0.9997222222222222,True,3.7393064081683805e-21
IGD,WFG,WFG2,M3,AGEMOEAII,0.11222222222222222,True,2.398349428889217e-13
IGD,WFG,WFG2,M3,ARMOEA,0.0,True,3.5565709749847226e-21
IGD,WFG,WFG3,M3,SPEA2,0.7888888888888889,True,4.870894603796619e-08
IGD,WFG,WFG3,M3,MFOSPEA2,0.9302777777777778,True,4.381724729882233e-16
IGD,WFG,WFG3,M3,SPEA2SDE,0.009444444444444445,True,1.924051280562791e-20
IGD,WFG,WFG3,M3,NSGAII,0.5638888888888889,False,0.2283721993204626
IGD,WFG,WFG3,M3,NSGAIII,0.8947222222222222,True,8.939774998661712e-14
IGD,WFG,WFG3,M3,MOEAD,1.0,True,3.5565709749847226e-21
IGD,WFG,WFG3,M3,AGEMOEAII,0.0,True,3.5565709749847226e-21
IGD,WFG,WFG3,M3,ARMOEA,0.9941666666666666,True,1.0127370932884594e-20
IGD,WFG,WFG4,M3,SPEA2,0.8072222222222222,True,6.5384003124538474e-09
IGD,WFG,WFG4,M3,MFOSPEA2,0.81,True,4.774217923018101e-09
IGD,WFG,WFG4,M3,SPEA2SDE,1.0,True,3.5565709749847226e-21
IGD,WFG,WFG4,M3,NSGAII,1.0,True,3.5565709749847226e-21
IGD,WFG,WFG4,M3,NSGAIII,1.0,True,3.5565709749847226e-21
IGD,WFG,WFG4,M3,MOEAD,1.0,True,3.5565709749847226e-21
IGD,WFG,WFG4,M3,AGEMOEAII,0.5844444444444444,False,0.11116874315291511
IGD,WFG,WFG4,M3,ARMOEA,1.0,True,3.5565709749847226e-21
IGD,WFG,WFG5,M3,SPEA2,0.8441666666666666,True,8.008586969540811e-11
IGD,WFG,WFG5,M3,MFOSPEA2,0.8119444444444445,True,3.8248088528124494e-09
IGD,WFG,WFG5,M3,SPEA2SDE,1.0,True,3.5565709749847226e-21
IGD,WFG,WFG5,M3,NSGAII,1.0,True,3.5565709749847226e-21
IGD,WFG,WFG5,M3,NSGAIII,1.0,True,3.5565709749847226e-21
IGD,WFG,WFG5,M3,MOEAD,1.0,True,3.5565709749847226e-21
IGD,WFG,WFG5,M3,AGEMOEAII,0.9622222222222222,True,2.5218378206784647e-18
IGD,WFG,WFG5,M3,ARMOEA,1.0,True,3.5565709749847226e-21
IGD,WFG,WFG6,M3,SPEA2,0.5327777777777778,False,0.5374226858243835
IGD,WFG,WFG6,M3,MFOSPEA2,0.5752777777777778,False,0.15567849615993545
IGD,WFG,WFG6,M3,SPEA2SDE,1.0,True,3.5565709749847226e-21
IGD,WFG,WFG6,M3,NSGAII,0.9994444444444445,True,3.931323565143429e-21
IGD,WFG,WFG6,M3,NSGAIII,0.4988888888888889,False,0.9853434967954952
IGD,WFG,WFG6,M3,MOEAD,0.9533333333333334,True,1.098208794025851e-17
IGD,WFG,WFG6,M3,AGEMOEAII,0.355,True,0.006197117536635188
IGD,WFG,WFG6,M3,ARMOEA,0.49916666666666665,False,0.9895307807451666
IGD,WFG,WFG7,M3,SPEA2,0.7555555555555555,True,1.392162775189286e-06
IGD,WFG,WFG7,M3,MFOSPEA2,0.8083333333333333,True,5.767448759981875e-09
IGD,WFG,WFG7,M3,SPEA2SDE,1.0,True,3.5565709749847226e-21
IGD,WFG,WFG7,M3,NSGAII,1.0,True,3.5565709749847226e-21
IGD,WFG,WFG7,M3,NSGAIII,1.0,True,3.5565709749847226e-21
IGD,WFG,WFG7,M3,MOEAD,1.0,True,3.5565709749847226e-21
IGD,WFG,WFG7,M3,AGEMOEAII,0.5125,False,0.8153231469958828
IGD,WFG,WFG7,M3,ARMOEA,1.0,True,3.5565709749847226e-21
IGD,WFG,WFG8,M3,SPEA2,0.6330555555555556,True,0.012022825407617432
IGD,WFG,WFG8,M3,MFOSPEA2,0.7822222222222223,True,9.821670778401889e-08
IGD,WFG,WFG8,M3,SPEA2SDE,1.0,True,3.5565709749847226e-21
IGD,WFG,WFG8,M3,NSGAII,1.0,True,3.5565709749847226e-21
IGD,WFG,WFG8,M3,NSGAIII,0.012777777777777779,True,3.4651459261461275e-20
IGD,WFG,WFG8,M3,MOEAD,0.96,True,3.652527001763173e-18
IGD,WFG,WFG8,M3,AGEMOEAII,0.17888888888888888,True,1.3211618948992586e-09
IGD,WFG,WFG8,M3,ARMOEA,0.0,True,3.5565709749847226e-21
IGD,WFG,WFG9,M3,SPEA2,0.8705555555555555,True,2.5768576646720453e-12
IGD,WFG,WFG9,M3,MFOSPEA2,0.8994444444444445,True,4.5257116134647465e-14
IGD,WFG,WFG9,M3,SPEA2SDE,0.9511111111111111,True,1.5795616385044056e-17
IGD,WFG,WFG9,M3,NSGAII,0.95,True,1.8931234124387105e-17
IGD,WFG,WFG9,M3,NSGAIII,0.9441666666666667,True,4.863525337993642e-17
IGD,WFG,WFG9,M3,MOEAD,0.9508333333333333,True,1.652779364242068e-17
IGD,WFG,WFG9,M3,AGEMOEAII,0.6841666666666667,True,0.0005066358477013707
IGD,WFG,WFG9,M3,ARMOEA,0.9377777777777778,True,1.3482643905431285e-16
IGD,MaF,MaF1,M2,SPEA2,0.8722222222222222,True,2.0571849835052572e-12
IGD,MaF,MaF1,M2,MFOSPEA2,0.8227777777777778,True,1.085556976605772e-09
IGD,MaF,MaF1,M2,SPEA2SDE,0.9983333333333333,True,4.8018805787163215e-21
IGD,MaF,MaF1,M2,NSGAII,1.0,True,3.5565709749847226e-21
IGD,MaF,MaF1,M2,NSGAIII,0.0,True,3.5565709749847226e-21
IGD,MaF,MaF1,M2,MOEAD,0.0,True,3.5565709749847226e-21
IGD,MaF,MaF1,M2,AGEMOEAII,1.0,True,3.5565709749847226e-21
IGD,MaF,MaF1,M2,ARMOEA,0.0,True,3.5565709749847226e-21
IGD,MaF,MaF2,M2,SPEA2,0.9522222222222222,True,1.3173623434947598e-17
IGD,MaF,MaF2,M2,MFOSPEA2,0.9441666666666667,True,4.863525337993642e-17
IGD,MaF,MaF2,M2,SPEA2SDE,1.0,True,3.5565709749847226e-21
IGD,MaF,MaF2,M2,NSGAII,1.0,True,3.5565709749847226e-21
IGD,MaF,MaF2,M2,NSGAIII,0.0,True,3.5565709749847226e-21
IGD,MaF,MaF2,M2,MOEAD,0.0,True,3.5565709749847226e-21
IGD,MaF,MaF2,M2,AGEMOEAII,1.0,True,3.5565709749847226e-21
IGD,MaF,MaF2,M2,ARMOEA,0.0,True,3.5565709749847226e-21
IGD,MaF,MaF3,M2,SPEA2,0.9811111111111112,True,1.0086075021814828e-19
IGD,MaF,MaF3,M2,MFOSPEA2,0.985,True,5.11813280634539e-20
IGD,MaF,MaF3,M2,SPEA2SDE,1.0,True,3.5565709749847226e-21
IGD,MaF,MaF3,M2,NSGAII,1.0,True,3.5565709749847226e-21
IGD,MaF,MaF3,M2,NSGAIII,1.0,True,3.5565709749847226e-21
IGD,MaF,MaF3,M2,MOEAD,1.0,True,3.5565709749847226e-21
IGD,MaF,MaF3,M2,AGEMOEAII,1.0,True,3.5565709749847226e-21
IGD,MaF,MaF3,M2,ARMOEA,1.0,True,3.5565709749847226e-21
IGD,MaF,MaF4,M2,SPEA2,0.8269444444444445,True,6.615360470804152e-10
IGD,MaF,MaF4,M2,MFOSPEA2,0.7680555555555556,True,4.142021505117577e-07
IGD,MaF,MaF4,M2,SPEA2SDE,1.0,True,3.5565709749847226e-21
IGD,MaF,MaF4,M2,NSGAII,1.0,True,3.5565709749847226e-21
IGD,MaF,MaF4,M2,NSGAIII,1.0,True,3.5565709749847226e-21
IGD,MaF,MaF4,M2,MOEAD,1.0,True,3.5565709749847226e-21
IGD,MaF,MaF4,M2,AGEMOEAII,1.0,True,3.5565709749847226e-21
IGD,MaF,MaF4,M2,ARMOEA,1.0,True,3.5565709749847226e-21
IGD,MaF,MaF5,M2,SPEA2,0.6525,True,0.003990921984611365
IGD,MaF,MaF5,M2,MFOSPEA2,0.6544444444444445,True,0.0035498386349135575
IGD,MaF,MaF5,M2,SPEA2SDE,0.8230555555555555,True,1.0504962151777934e-09
IGD,MaF,MaF5,M2,NSGAII,0.8447222222222223,True,7.468374010489938e-11
IGD,MaF,MaF5,M2,NSGAIII,0.1,True,4.175245965458735e-14
IGD,MaF,MaF5,M2,MOEAD,0.7905555555555556,True,4.0777305519376684e-08
IGD,MaF,MaF5,M2,AGEMOEAII,0.7941666666666667,True,2.7652645745857276e-08
IGD,MaF,MaF5,M2,ARMOEA,0.38333333333333336,True,0.02767915775055611
IGD,MaF,MaF6,M2,SPEA2,0.8219444444444445,True,1.197724428391763e-09
IGD,MaF,MaF6,M2,MFOSPEA2,0.7880555555555555,True,5.3216569622874463e-08
IGD,MaF,MaF6,M2,SPEA2SDE,1.0,True,3.5565709749847226e-21
IGD,MaF,MaF6,M2,NSGAII,1.0,True,3.5565709749847226e-21
IGD,MaF,MaF6,M2,NSGAIII,0.0,True,3.5565709749847226e-21
IGD,MaF,MaF6,M2,MOEAD,0.0,True,3.5565709749847226e-21
IGD,MaF,MaF6,M2,AGEMOEAII,1.0,True,3.5565709749847226e-21
IGD,MaF,MaF6,M2,ARMOEA,0.0,True,3.5565709749847226e-21
IGD,MaF,MaF7,M2,SPEA2,0.6394444444444445,True,0.00848358141317297
IGD,MaF,MaF7,M2,MFOSPEA2,0.585,False,0.1088333195172523
IGD,MaF,MaF7,M2,SPEA2SDE,0.9972222222222222,True,5.862657487990103e-21
IGD,MaF,MaF7,M2,NSGAII,1.0,True,3.5565709749847226e-21
IGD,MaF,MaF7,M2,NSGAIII,1.0,True,3.5565709749847226e-21
IGD,MaF,MaF7,M2,MOEAD,1.0,True,3.5565709749847226e-21
IGD,MaF,MaF7,M2,AGEMOEAII,1.0,True,3.5565709749847226e-21
IGD,MaF,MaF7,M2,ARMOEA,1.0,True,3.5565709749847226e-21
IGD,MaF,MaF1,M3,SPEA2,0.8775,True,1.0016799339954478e-12
IGD,MaF,MaF1,M3,MFOSPEA2,0.8925,True,1.2282143742361754e-13
IGD,MaF,MaF1,M3,SPEA2SDE,0.9322222222222222,True,3.234178843769855e-16
IGD,MaF,MaF1,M3,NSGAII,1.0,True,3.5565709749847226e-21
IGD,MaF,MaF1,M3,NSGAIII,1.0,True,3.5565709749847226e-21
IGD,MaF,MaF1,M3,MOEAD,1.0,True,3.5565709749847226e-21
IGD,MaF,MaF1,M3,AGEMOEAII,0.0,True,3.5565709749847226e-21
IGD,MaF,MaF1,M3,ARMOEA,1.0,True,3.5565709749847226e-21
IGD,MaF,MaF2,M3,SPEA2,0.7669444444444444,True,4.623374581637818e-07
IGD,MaF,MaF2,M3,MFOSPEA2,0.48055555555555557,False,0.7152753389475124
IGD,MaF,MaF2,M3,SPEA2SDE,0.5538888888888889,False,0.30981437403850676
IGD,MaF,MaF2,M3,NSGAII,1.0,True,3.5565709749847226e-21
IGD,MaF,MaF2,M3,NSGAIII,1.0,True,3.5565709749847226e-21
IGD,MaF,MaF2,M3,MOEAD,1.0,True,3.5565709749847226e-21
IGD,MaF,MaF2,M3,AGEMOEAII,0.08833333333333333,True,7.493749536566243e-15
IGD,MaF,MaF2,M3,ARMOEA,0.8938888888888888,True,1.007268366218071e-13
IGD,MaF,MaF3,M3,SPEA2,0.8794444444444445,True,7.664991130625401e-13
IGD,MaF,MaF3,M3,MFOSPEA2,0.8633333333333333,True,6.7620622910092924e-12
IGD,MaF,MaF3,M3,SPEA2SDE,1.0,True,3.5565709749847226e-21
IGD,MaF,MaF3,M3,NSGAII,1.0,True,3.5565709749847226e-21
IGD,MaF,MaF3,M3,NSGAIII,1.0,True,3.5565709749847226e-21
IGD,MaF,MaF3,M3,MOEAD,1.0,True,3.5565709749847226e-21
IGD,MaF,MaF3,M3,AGEMOEAII,0.9886111111111111,True,2.7131151844627245e-20
IGD,MaF,MaF3,M3,ARMOEA,1.0,True,3.5565709749847226e-21
IGD,MaF,MaF4,M3,SPEA2,0.7063888888888888,True,9.734567564713231e-05
IGD,MaF,MaF4,M3,MFOSPEA2,0.7275,True,1.73899061706386e-05
IGD,MaF,MaF4,M3,SPEA2SDE,1.0,True,3.5565709749847226e-21
IGD,MaF,MaF4,M3,NSGAII,1.0,True,3.5565709749847226e-21
IGD,MaF,MaF4,M3,NSGAIII,1.0,True,3.5565709749847226e-21
IGD,MaF,MaF4,M3,MOEAD,1.0,True,3.5565709749847226e-21
IGD,MaF,MaF4,M3,AGEMOEAII,1.0,True,3.5565709749847226e-21
IGD,MaF,MaF4,M3,ARMOEA,1.0,True,3.5565709749847226e-21
IGD,MaF,MaF5,M3,SPEA2,0.5319444444444444,False,0.5478605382101781
IGD,MaF,MaF5,M3,MFOSPEA2,0.4463888888888889,False,0.312321421676216
IGD,MaF,MaF5,M3,SPEA2SDE,0.6252777777777778,True,0.01805385297518741
IGD,MaF,MaF5,M3,NSGAII,0.58,False,0.13130295902764
IGD,MaF,MaF5,M3,NSGAIII,0.6475,True,0.005362637674863876
IGD,MaF,MaF5,M3,MOEAD,0.5905555555555555,False,0.08755622627760455
IGD,MaF,MaF5,M3,AGEMOEAII,0.43277777777777776,False,0.20496002900163146
IGD,MaF,MaF5,M3,ARMOEA,0.6733333333333333,True,0.001065909558500274
IGD,MaF,MaF6,M3,SPEA2,0.77,True,3.413576835384452e-07
IGD,MaF,MaF6,M3,MFOSPEA2,0.7227777777777777,True,2.5903049672129344e-05
IGD,MaF,MaF6,M3,SPEA2SDE,1.0,True,3.5565709749847226e-21
IGD,MaF,MaF6,M3,NSGAII,1.0,True,3.5565709749847226e-21
IGD,MaF,MaF6,M3,NSGAIII,1.0,True,3.5565709749847226e-21
IGD,MaF,MaF6,M3,MOEAD,1.0,True,3.5565709749847226e-21
IGD,MaF,MaF6,M3,AGEMOEAII,1.0,True,3.5565709749847226e-21
IGD,MaF,MaF6,M3,ARMOEA,1.0,True,3.5565709749847226e-21
IGD,MaF,MaF7,M3,SPEA2,0.6638888888888889,True,0.001974291819957514
IGD,MaF,MaF7,M3,MFOSPEA2,0.6652777777777777,True,0.001806572625900974
IGD,MaF,MaF7,M3,SPEA2SDE,0.4666666666666667,False,0.5305200567794645
IGD,MaF,MaF7,M3,NSGAII,0.9833333333333333,True,6.849473201576513e-20
IGD,MaF,MaF7,M3,NSGAIII,0.9844444444444445,True,5.640800572904033e-20
IGD,MaF,MaF7,M3,MOEAD,0.9836111111111111,True,6.525229783781718e-20
IGD,MaF,MaF7,M3,AGEMOEAII,0.8405555555555555,True,1.2576441755500518e-10
IGD,MaF,MaF7,M3,ARMOEA,0.9888888888888889,True,2.5833430148036985e-20
HV,ZDT,ZDT1,M2,SPEA2,0.7841666666666667,True,8.017552559741532e-08
HV,ZDT,ZDT1,M2,MFOSPEA2,0.7330555555555556,True,1.077612488821831e-05
HV,ZDT,ZDT1,M2,SPEA2SDE,1.0,True,3.5565709749847226e-21
HV,ZDT,ZDT1,M2,NSGAII,1.0,True,3.5565709749847226e-21
HV,ZDT,ZDT1,M2,NSGAIII,0.8852777777777778,True,3.4072458180896675e-13
HV,ZDT,ZDT1,M2,MOEAD,1.0,True,3.5565709749847226e-21
HV,ZDT,ZDT1,M2,AGEMOEAII,1.0,True,3.5565709749847226e-21
HV,ZDT,ZDT1,M2,ARMOEA,0.8833333333333333,True,4.4704268921072156e-13
HV,ZDT,ZDT2,M2,SPEA2,0.7238888888888889,True,2.360098918237591e-05
HV,ZDT,ZDT2,M2,MFOSPEA2,0.7175,True,4.007273877247662e-05
HV,ZDT,ZDT2,M2,SPEA2SDE,0.9991666666666666,True,4.133088336365412e-21
HV,ZDT,ZDT2,M2,NSGAII,1.0,True,3.5565709749847226e-21
HV,ZDT,ZDT2,M2,NSGAIII,0.45,False,0.3461257456151704
HV,ZDT,ZDT2,M2,MOEAD,0.9991666666666666,True,4.133088336365412e-21
HV,ZDT,ZDT2,M2,AGEMOEAII,1.0,True,3.5565709749847226e-21
HV,ZDT,ZDT2,M2,ARMOEA,0.45,False,0.3461257456151704
HV,ZDT,ZDT3,M2,SPEA2,0.7711111111111111,True,3.054592595844628e-07
HV,ZDT,ZDT3,M2,MFOSPEA2,0.7466666666666667,True,3.1903744616784624e-06
HV,ZDT,ZDT3,M2,SPEA2SDE,0.9877777777777778,True,3.1423583271294874e-20
HV,ZDT,ZDT3,M2,NSGAII,1.0,True,3.5565709749847226e-21
HV,ZDT,ZDT3,M2,NSGAIII,1.0,True,3.5565709749847226e-21
HV,ZDT,ZDT3,M2,MOEAD,0.9508333333333333,True,1.652779364242068e-17
HV,ZDT,ZDT3,M2,AGEMOEAII,1.0,True,3.5565709749847226e-21
HV,ZDT,ZDT3,M2,ARMOEA,1.0,True,3.5565709749847226e-21
HV,ZDT,ZDT4,M2,SPEA2,0.9930555555555556,True,1.2344392360470397e-20
HV,ZDT,ZDT4,M2,MFOSPEA2,0.9747222222222223,True,3.0387323415369753e-19
HV,ZDT,ZDT4,M2,SPEA2SDE,1.0,True,3.5565709749847226e-21
HV,ZDT,ZDT4,M2,NSGAII,1.0,True,3.5565709749847226e-21
HV,ZDT,ZDT4,M2,NSGAIII,1.0,True,3.5565709749847226e-21
HV,ZDT,ZDT4,M2,MOEAD,1.0,True,3.5565709749847226e-21
HV,ZDT,ZDT4,M2,AGEMOEAII,1.0,True,3.5565709749847226e-21
HV,ZDT,ZDT4,M2,ARMOEA,1.0,True,3.5565709749847226e-21
HV,ZDT,ZDT6,M2,SPEA2,0.9044444444444445,True,2.1824685473921938e-14
HV,ZDT,ZDT6,M2,MFOSPEA2,0.8083333333333333,True,5.767448759981875e-09
HV,ZDT,ZDT6,M2,SPEA2SDE,1.0,True,3.5565709749847226e-21
HV,ZDT,ZDT6,M2,NSGAII,1.0,True,3.5565709749847226e-21
HV,ZDT,ZDT6,M2,NSGAIII,0.016666666666666666,True,6.849473201576513e-20
HV,ZDT,ZDT6,M2,MOEAD,1.0,True,3.5565709749847226e-21
HV,ZDT,ZDT6,M2,AGEMOEAII,1.0,True,3.5565709749847226e-21
HV,ZDT,ZDT6,M2,ARMOEA,0.023333333333333334,True,2.175610745924001e-19
HV,DTLZ,DTLZ1,M2,SPEA2,0.9755555555555555,True,2.633739797040631e-19
HV,DTLZ,DTLZ1,M2,MFOSPEA2,0.9569444444444445,True,6.061267758148484e-18
HV,DTLZ,DTLZ1,M2,SPEA2SDE,1.0,True,3.5565709749847226e-21
HV,DTLZ,DTLZ1,M2,NSGAII,1.0,True,3.5565709749847226e-21
HV,DTLZ,DTLZ1,M2,NSGAIII,0.3036111111111111,True,0.0002087679981429178
HV,DTLZ,DTLZ1,M2,MOEAD,0.3863888888888889,True,0.03202736219221822
HV,DTLZ,DTLZ1,M2,AGEMOEAII,1.0,True,3.5565709749847226e-21
HV,DTLZ,DTLZ1,M2,ARMOEA,0.4658333333333333,False,0.520251187953917
HV,DTLZ,DTLZ2,M2,SPEA2,0.8380555555555556,True,1.714320668868863e-10
HV,DTLZ,DTLZ2,M2,MFOSPEA2,0.8333333333333334,True,3.05932356917824e-10
HV,DTLZ,DTLZ2,M2,SPEA2SDE,0.9883333333333333,True,2.8493287224788285e-20
HV,DTLZ,DTLZ2,M2,NSGAII,1.0,True,3.5565709749847226e-21
HV,DTLZ,DTLZ2,M2,NSGAIII,0.9833333333333333,True,6.849473201576513e-20
HV,DTLZ,DTLZ2,M2,MOEAD,0.9833333333333333,True,6.849473201576513e-20
HV,DTLZ,DTLZ2,M2,AGEMOEAII,0.9397222222222222,True,9.900648449385816e-17
HV,DTLZ,DTLZ2,M2,ARMOEA,0.9833333333333333,True,6.849473201576513e-20
HV,DTLZ,DTLZ3,M2,SPEA2,0.9741666666666666,True,3.3423072871068034e-19
HV,DTLZ,DTLZ3,M2,MFOSPEA2,0.9888888888888889,True,2.5833430148036985e-20
HV,DTLZ,DTLZ3,M2,SPEA2SDE,0.9969444444444444,True,6.1621990346466696e-21
HV,DTLZ,DTLZ3,M2,NSGAII,0.9983333333333333,True,4.8018805787163215e-21
HV,DTLZ,DTLZ3,M2,NSGAIII,0.9966666666666667,True,6.47686856789613e-21
HV,DTLZ,DTLZ3,M2,MOEAD,0.9980555555555556,True,5.0477740034171866e-21
HV,DTLZ,DTLZ3,M2,AGEMOEAII,0.9847222222222223,True,5.373188339895247e-20
HV,DTLZ,DTLZ3,M2,ARMOEA,0.9966666666666667,True,6.47686856789613e-21
HV,DTLZ,DTLZ4,M2,SPEA2,0.7480555555555556,True,2.8076730989401725e-06
HV,DTLZ,DTLZ4,M2,MFOSPEA2,0.7108333333333333,True,6.859923445960882e-05
HV,DTLZ,DTLZ4,M2,SPEA2SDE,0.8516666666666667,True,3.091350423195933e-11
HV,DTLZ,DTLZ4,M2,NSGAII,0.8666666666666667,True,4.341962187166772e-12
HV,DTLZ,DTLZ4,M2,NSGAIII,0.8477777777777777,True,5.076614981983275e-11
HV,DTLZ,DTLZ4,M2,MOEAD,0.8291666666666667,True,5.067088586306384e-10
HV,DTLZ,DTLZ4,M2,AGEMOEAII,0.8194444444444444,True,1.606345239658162e-09
HV,DTLZ,DTLZ4,M2,ARMOEA,0.8947222222222222,True,8.939774998661712e-14
HV,DTLZ,DTLZ5,M2,SPEA2,0.8627777777777778,True,7.277468720239168e-12
HV,DTLZ,DTLZ5,M2,MFOSPEA2,0.8577777777777778,True,1.4027446104476667e-11
HV,DTLZ,DTLZ5,M2,SPEA2SDE,0.9863888888888889,True,4.0117283949699686e-20
HV,DTLZ,DTLZ5,M2,NSGAII,1.0,True,3.5565709749847226e-21
HV,DTLZ,DTLZ5,M2,NSGAIII,0.95,True,1.8931234124387105e-17
HV,DTLZ,DTLZ5,M2,MOEAD,0.95,True,1.8931234124387105e-17
HV,DTLZ,DTLZ5,M2,AGEMOEAII,0.9391666666666667,True,1.0815340763942369e-16
HV,DTLZ,DTLZ5,M2,ARMOEA,0.95,True,1.8931234124387105e-17
HV,DTLZ,DTLZ6,M2,SPEA2,0.7077777777777777,True,8.732342012239755e-05
HV,DTLZ,DTLZ6,M2,MFOSPEA2,0.6125,True,0.033747617925244416
HV,DTLZ,DTLZ6,M2,SPEA2SDE,1.0,True,3.5565709749847226e-21
HV,DTLZ,DTLZ6,M2,NSGAII,1.0,True,3.5565709749847226e-21
HV,DTLZ,DTLZ6,M2,NSGAIII,1.0,True,3.5565709749847226e-21
HV,DTLZ,DTLZ6,M2,MOEAD,1.0,True,3.5565709749847226e-21
HV,DTLZ,DTLZ6,M2,AGEMOEAII,1.0,True,3.5565709749847226e-21
HV,DTLZ,DTLZ6,M2,ARMOEA,1.0,True,3.5565709749847226e-21
HV,DTLZ,DTLZ7,M2,SPEA2,0.7311111111111112,True,1.275636178428175e-05
HV,DTLZ,DTLZ7,M2,MFOSPEA2,0.6680555555555555,True,0.001509753651434889
HV,DTLZ,DTLZ7,M2,SPEA2SDE,1.0,True,3.5565709749847226e-21
HV,DTLZ,DTLZ7,M2,NSGAII,1.0,True,3.5565709749847226e-21
HV,DTLZ,DTLZ7,M2,NSGAIII,0.9997222222222222,True,3.7393064081683805e-21
HV,DTLZ,DTLZ7,M2,MOEAD,1.0,True,3.5565709749847226e-21
HV,DTLZ,DTLZ7,M2,AGEMOEAII,1.0,True,3.5565709749847226e-21
HV,DTLZ,DTLZ7,M2,ARMOEA,1.0,True,3.5565709749847226e-21
HV,DTLZ,DTLZ1,M3,SPEA2,0.785,True,7.346690917823128e-08
HV,DTLZ,DTLZ1,M3,MFOSPEA2,0.8836111111111111,True,4.3006580538341073e-13
HV,DTLZ,DTLZ1,M3,SPEA2SDE,1.0,True,3.5565709749847226e-21
HV,DTLZ,DTLZ1,M3,NSGAII,1.0,True,3.5565709749847226e-21
HV,DTLZ,DTLZ1,M3,NSGAIII,1.0,True,3.5565709749847226e-21
HV,DTLZ,DTLZ1,M3,MOEAD,1.0,True,3.5565709749847226e-21
HV,DTLZ,DTLZ1,M3,AGEMOEAII,0.6525,True,0.003990921984611365
HV,DTLZ,DTLZ1,M3,ARMOEA,1.0,True,3.5565709749847226e-21
HV,DTLZ,DTLZ2,M3,SPEA2,0.9455555555555556,True,3.889185918602873e-17
HV,DTLZ,DTLZ2,M3,MFOSPEA2,0.9713888888888889,True,5.37163552223973e-19
HV,DTLZ,DTLZ2,M3,SPEA2SDE,0.010277777777777778,True,2.2297317008629104e-20
HV,DTLZ,DTLZ2,M3,NSGAII,1.0,True,3.5565709749847226e-21
HV,DTLZ,DTLZ2,M3,NSGAIII,0.06666666666666667,True,2.7173392026057127e-16
HV,DTLZ,DTLZ2,M3,MOEAD,0.06666666666666667,True,2.7173392026057127e-16
HV,DTLZ,DTLZ2,M3,AGEMOEAII,0.11277777777777778,True,2.5934727027133604e-13
HV,DTLZ,DTLZ2,M3,ARMOEA,0.06666666666666667,True,2.7173392026057127e-16
HV,DTLZ,DTLZ3,M3,SPEA2,0.9205555555555556,True,1.960561874592059e-15
HV,DTLZ,DTLZ3,M3,MFOSPEA2,0.9497222222222222,True,1.9806602517992873e-17
HV,DTLZ,DTLZ3,M3,SPEA2SDE,0.8105555555555556,True,4.481758234087941e-09
HV,DTLZ,DTLZ3,M3,NSGAII,1.0,True,3.5565709749847226e-21
HV,DTLZ,DTLZ3,M3,NSGAIII,1.0,True,3.5565709749847226e-21
HV,DTLZ,DTLZ3,M3,MOEAD,1.0,True,3.5565709749847226e-21
HV,DTLZ,DTLZ3,M3,AGEMOEAII,0.9766666666666667,True,2.175610745924001e-19
HV,DTLZ,DTLZ3,M3,ARMOEA,1.0,True,3.5565709749847226e-21
HV,DTLZ,DTLZ4,M3,SPEA2,0.6738888888888889,True,0.001027000762530675
HV,DTLZ,DTLZ4,M3,MFOSPEA2,0.6311111111111111,True,0.013333574110411393
HV,DTLZ,DTLZ4,M3,SPEA2SDE,0.22916666666666666,True,3.1407601508151894e-07
HV,DTLZ,DTLZ4,M3,NSGAII,0.5833333333333334,False,0.11595812951057019
HV,DTLZ,DTLZ4,M3,NSGAIII,0.20666666666666667,True,3.025782942507562e-08
HV,DTLZ,DTLZ4,M3,MOEAD,0.2772222222222222,True,2.5903049672129344e-05
HV,DTLZ,DTLZ4,M3,AGEMOEAII,0.31777777777777777,True,0.0005806774709914366
HV,DTLZ,DTLZ4,M3,ARMOEA,0.3786111111111111,True,0.021961629987581808
HV,DTLZ,DTLZ5,M3,SPEA2,0.8625,True,7.549415560482037e-12
HV,DTLZ,DTLZ5,M3,MFOSPEA2,0.8327777777777777,True,3.2733710045916593e-10
HV,DTLZ,DTLZ5,M3,SPEA2SDE,0.9555555555555556,True,7.622145435393103e-18
HV,DTLZ,DTLZ5,M3,NSGAII,1.0,True,3.5565709749847226e-21
HV,DTLZ,DTLZ5,M3,NSGAIII,1.0,True,3.5565709749847226e-21
HV,DTLZ,DTLZ5,M3,MOEAD,1.0,True,3.5565709749847226e-21
HV,DTLZ,DTLZ5,M3,AGEMOEAII,0.9761111111111112,True,2.393870665323586e-19
HV,DTLZ,DTLZ5,M3,ARMOEA,1.0,True,3.5565709749847226e-21
HV,DTLZ,DTLZ6,M3,SPEA2,0.5886111111111111,False,0.0945851787805473
HV,DTLZ,DTLZ6,M3,MFOSPEA2,0.5502777777777778,False,0.34344553252893095
HV,DTLZ,DTLZ6,M3,SPEA2SDE,0.9952777777777778,True,8.304898920569675e-21
HV,DTLZ,DTLZ6,M3,NSGAII,1.0,True,3.5565709749847226e-21
HV,DTLZ,DTLZ6,M3,NSGAIII,1.0,True,3.5565709749847226e-21
HV,DTLZ,DTLZ6,M3,MOEAD,1.0,True,3.5565709749847226e-21
HV,DTLZ,DTLZ6,M3,AGEMOEAII,1.0,True,3.5565709749847226e-21
HV,DTLZ,DTLZ6,M3,ARMOEA,1.0,True,3.5565709749847226e-21
HV,DTLZ,DTLZ7,M3,SPEA2,0.7269444444444444,True,1.823175027150317e-05
HV,DTLZ,DTLZ7,M3,MFOSPEA2,0.6916666666666667,True,0.00029581625315650863
HV,DTLZ,DTLZ7,M3,SPEA2SDE,0.4297222222222222,False,0.18507786899885992
HV,DTLZ,DTLZ7,M3,NSGAII,0.9016666666666666,True,3.2763104962829367e-14
HV,DTLZ,DTLZ7,M3,NSGAIII,0.9016666666666666,True,3.2763104962829367e-14
HV,DTLZ,DTLZ7,M3,MOEAD,0.9083333333333333,True,1.2301481889578357e-14
HV,DTLZ,DTLZ7,M3,AGEMOEAII,0.08083333333333333,True,2.4219407406897014e-15
HV,DTLZ,DTLZ7,M3,ARMOEA,0.9052777777777777,True,1.9310220117459388e-14
HV,WFG,WFG1,M2,SPEA2,0.6047222222222223,True,0.048142035608382164
HV,WFG,WFG1,M2,MFOSPEA2,0.9941666666666666,True,1.0127370932884594e-20
HV,WFG,WFG1,M2,SPEA2SDE,0.7611111111111111,True,8.176946606693802e-07
HV,WFG,WFG1,M2,NSGAII,0.065,True,2.0910267676302267e-16
HV,WFG,WFG1,M2,NSGAIII,0.9677777777777777,True,9.913275090645294e-19
HV,WFG,WFG1,M2,MOEAD,0.9141666666666667,True,5.153970905385265e-15
HV,WFG,WFG1,M2,AGEMOEAII,0.12083333333333333,True,7.964332670470499e-13
HV,WFG,WFG1,M2,ARMOEA,0.9747222222222223,True,3.0387323415369753e-19
HV,WFG,WFG2,M2,SPEA2,0.1275,True,1.981204858491372e-12
HV,WFG,WFG2,M2,MFOSPEA2,0.08805555555555555,True,7.189263442509948e-15
HV,WFG,WFG2,M2,SPEA2SDE,0.31055555555555553,True,0.00034763015782393185
HV,WFG,WFG2,M2,NSGAII,0.24305555555555555,True,1.2199685437620951e-06
HV,WFG,WFG2,M2,NSGAIII,0.5541666666666667,False,0.3073206548287901
HV,WFG,WFG2,M2,MOEAD,1.0,True,3.5565709749847226e-21
HV,WFG,WFG2,M2,AGEMOEAII,0.38222222222222224,True,0.02622938783485699
HV,WFG,WFG2,M2,ARMOEA,0.5272222222222223,False,0.608831388640854
HV,WFG,WFG3,M2,SPEA2,0.15722222222222224,True,9.531812446912538e-11
HV,WFG,WFG3,M2,MFOSPEA2,0.11638888888888889,True,4.3006580538341073e-13
HV,WFG,WFG3,M2,SPEA2SDE,0.5086111111111111,False,0.8728153114566335
HV,WFG,WFG3,M2,NSGAII,0.7508333333333334,True,2.17015897070963e-06
HV,WFG,WFG3,M2,NSGAIII,0.008055555555555555,True,1.5040191287237253e-20
HV,WFG,WFG3,M2,MOEAD,0.7894444444444444,True,4.591189025459629e-08
HV,WFG,WFG3,M2,AGEMOEAII,0.36944444444444446,True,0.013730570142809245
HV,WFG,WFG3,M2,ARMOEA,0.013333333333333334,True,3.820674350474445e-20
HV,WFG,WFG4,M2,SPEA2,0.8325,True,3.385810060283848e-10
HV,WFG,WFG4,M2,MFOSPEA2,0.8922222222222222,True,1.2778052545959542e-13
HV,WFG,WFG4,M2,SPEA2SDE,0.9508333333333333,True,1.652779364242068e-17
HV,WFG,WFG4,M2,NSGAII,0.9991666666666666,True,4.133088336365412e-21
HV,WFG,WFG4,M2,NSGAIII,0.7730555555555556,True,2.512224543173405e-07
HV,WFG,WFG4,M2,MOEAD,1.0,True,3.5565709749847226e-21
HV,WFG,WFG4,M2,AGEMOEAII,0.6797222222222222,True,0.000690698346747797
HV,WFG,WFG4,M2,ARMOEA,0.8075,True,6.336757058068794e-09
HV,WFG,WFG5,M2,SPEA2,0.8361111111111111,True,2.1780820981159448e-10
HV,WFG,WFG5,M2,MFOSPEA2,0.8883333333333333,True,2.2176662353209146e-13
HV,WFG,WFG5,M2,SPEA2SDE,0.9916666666666667,True,1.5800458314032353e-20
HV,WFG,WFG5,M2,NSGAII,0.9833333333333333,True,6.849473201576513e-20
HV,WFG,WFG5,M2,NSGAIII,0.9836111111111111,True,6.525229783781718e-20
HV,WFG,WFG5,M2,MOEAD,1.0,True,3.5565709749847226e-21
HV,WFG,WFG5,M2,AGEMOEAII,0.7027777777777777,True,0.00012872669856444998
HV,WFG,WFG5,M2,ARMOEA,0.9936111111111111,True,1.1181675570226231e-20
HV,WFG,WFG6,M2,SPEA2,0.4230555555555556,False,0.14671063961713326
HV,WFG,WFG6,M2,MFOSPEA2,0.5158333333333334,False,0.766811544890302
HV,WFG,WFG6,M2,SPEA2SDE,0.4741666666666667,False,0.6273223580428038
HV,WFG,WFG6,M2,NSGAII,0.4747222222222222,False,0.6347856814833908
HV,WFG,WFG6,M2,NSGAIII,0.48194444444444445,False,0.7349583961572443
HV,WFG,WFG6,M2,MOEAD,0.46805555555555556,False,0.5478605382101781
HV,WFG,WFG6,M2,AGEMOEAII,0.4230555555555556,False,0.14671063961713326
HV,WFG,WFG6,M2,ARMOEA,0.42055555555555557,False,0.1340069285405569
HV,WFG,WFG7,M2,SPEA2,0.9025,True,2.901199443604255e-14
HV,WFG,WFG7,M2,MFOSPEA2,0.8755555555555555,True,1.3072853966789453e-12
HV,WFG,WFG7,M2,SPEA2SDE,0.135,True,5.4211810656293e-12
HV,WFG,WFG7,M2,NSGAII,1.0,True,3.5565709749847226e-21
HV,WFG,WFG7,M2,NSGAIII,0.0,True,3.5565709749847226e-21
HV,WFG,WFG7,M2,MOEAD,1.0,True,3.5565709749847226e-21
HV,WFG,WFG7,M2,AGEMOEAII,0.0008333333333333334,True,4.133088336365412e-21
HV,WFG,WFG7,M2,ARMOEA,0.0,True,3.5565709749847226e-21
HV,WFG,WFG8,M2,SPEA2,0.5144444444444445,False,0.7869256969277942
HV,WFG,WFG8,M2,MFOSPEA2,0.4191666666666667,False,0.12732656197579922
HV,WFG,WFG8,M2,SPEA2SDE,0.4816666666666667,False,0.7310073483567605
HV,WFG,WFG8,M2,NSGAII,0.7241666666666666,True,2.3056660587938436e-05
HV,WFG,WFG8,M2,NSGAIII,0.24694444444444444,True,1.7626941386698544e-06
HV,WFG,WFG8,M2,MOEAD,0.705,True,0.0001084471178867771
HV,WFG,WFG8,M2,AGEMOEAII,0.30694444444444446,True,0.0002672050727874759
HV,WFG,WFG8,M2,ARMOEA,0.29583333333333334,True,0.00011567041416913156
HV,WFG,WFG9,M2,SPEA2,0.3186111111111111,True,0.0006153952324613767
HV,WFG,WFG9,M2,MFOSPEA2,0.27805555555555556,True,2.7768103257643507e-05
HV,WFG,WFG9,M2,SPEA2SDE,0.2708333333333333,True,1.5080949754627401e-05
HV,WFG,WFG9,M2,NSGAII,0.3763888888888889,True,0.01964709819952255
HV,WFG,WFG9,M2,NSGAIII,0.2538888888888889,True,3.3570594247867214e-06
HV,WFG,WFG9,M2,MOEAD,0.8755555555555555,True,1.3072853966789453e-12
HV,WFG,WFG9,M2,AGEMOEAII,0.21472222222222223,True,7.135403182878377e-08
HV,WFG,WFG9,M2,ARMOEA,0.3844444444444444,True,0.029197515104797532
HV,WFG,WFG1,M3,SPEA2,0.5866666666666667,False,0.10205932216637786
HV,WFG,WFG1,M3,MFOSPEA2,0.7666666666666667,True,4.75189479379336e-07
HV,WFG,WFG1,M3,SPEA2SDE,1.0,True,3.5565709749847226e-21
HV,WFG,WFG1,M3,NSGAII,1.0,True,3.5565709749847226e-21
HV,WFG,WFG1,M3,NSGAIII,0.9019444444444444,True,3.146258047869832e-14
HV,WFG,WFG1,M3,MOEAD,1.0,True,3.5565709749847226e-21
HV,WFG,WFG1,M3,AGEMOEAII,0.0002777777777777778,True,3.7393064081683805e-21
HV,WFG,WFG1,M3,ARMOEA,0.9661111111111111,True,1.3132989593561716e-18
HV,WFG,WFG2,M3,SPEA2,0.21777777777777776,True,9.821670778401889e-08
HV,WFG,WFG2,M3,MFOSPEA2,0.23916666666666667,True,8.399547943594942e-07
HV,WFG,WFG2,M3,SPEA2SDE,0.32805555555555554,True,0.0011692250406995074
HV,WFG,WFG2,M3,NSGAII,1.0,True,3.5565709749847226e-21
HV,WFG,WFG2,M3,NSGAIII,0.10166666666666667,True,5.315635854377359e-14
HV,WFG,WFG2,M3,MOEAD,1.0,True,3.5565709749847226e-21
HV,WFG,WFG2,M3,AGEMOEAII,0.0,True,3.5565709749847226e-21
HV,WFG,WFG2,M3,ARMOEA,0.13166666666666665,True,3.474205263086396e-12
HV,WFG,WFG3,M3,SPEA2,0.9275,True,6.745961014102749e-16
HV,WFG,WFG3,M3,MFOSPEA2,0.9808333333333333,True,1.058466436213252e-19
HV,WFG,WFG3,M3,SPEA2SDE,0.2238888888888889,True,1.842911765685727e-07
HV,WFG,WFG3,M3,NSGAII,0.10388888888888889,True,7.323637824348482e-14
HV,WFG,WFG3,M3,NSGAIII,0.9116666666666666,True,7.493749536566243e-15
HV,WFG,WFG3,M3,MOEAD,1.0,True,3.5565709749847226e-21
HV,WFG,WFG3,M3,AGEMOEAII,0.0,True,3.5565709749847226e-21
HV,WFG,WFG3,M3,ARMOEA,0.9983333333333333,True,4.8018805787163215e-21
HV,WFG,WFG4,M3,SPEA2,0.9980555555555556,True,5.0477740034171866e-21
HV,WFG,WFG4,M3,MFOSPEA2,1.0,True,3.5565709749847226e-21
HV,WFG,WFG4,M3,SPEA2SDE,0.07972222222222222,True,2.045317456256318e-15
HV,WFG,WFG4,M3,NSGAII,1.0,True,3.5565709749847226e-21
HV,WFG,WFG4,M3,NSGAIII,0.0,True,3.5565709749847226e-21
HV,WFG,WFG4,M3,MOEAD,0.9988888888888889,True,4.345089712205195e-21
HV,WFG,WFG4,M3,AGEMOEAII,0.07555555555555556,True,1.08098596855003e-15
HV,WFG,WFG4,M3,ARMOEA,0.0,True,3.5565709749847226e-21
HV,WFG,WFG5,M3,SPEA2,0.9216666666666666,True,1.6547864611049924e-15
HV,WFG,WFG5,M3,MFOSPEA2,0.9472222222222222,True,2.9713791123825323e-17
HV,WFG,WFG5,M3,SPEA2SDE,0.36333333333333334,True,0.0098884468114639
HV,WFG,WFG5,M3,NSGAII,1.0,True,3.5565709749847226e-21
HV,WFG,WFG5,M3,NSGAIII,0.016666666666666666,True,6.849473201576513e-20
HV,WFG,WFG5,M3,MOEAD,1.0,True,3.5565709749847226e-21
HV,WFG,WFG5,M3,AGEMOEAII,0.5780555555555555,False,0.14095521914437134
HV,WFG,WFG5,M3,ARMOEA,0.017777777777777778,True,8.313507965261691e-20
HV,WFG,WFG6,M3,SPEA2,0.4822222222222222,False,0.7389164706392968
HV,WFG,WFG6,M3,MFOSPEA2,0.5266666666666666,False,0.6161987032863976
HV,WFG,WFG6,M3,SPEA2SDE,0.3761111111111111,True,0.01937331933159285
HV,WFG,WFG6,M3,NSGAII,0.8391666666666666,True,1.4942254593200459e-10
HV,WFG,WFG6,M3,NSGAIII,0.35944444444444446,True,0.007973570218011344
HV,WFG,WFG6,M3,MOEAD,0.5730555555555555,False,0.1682750252890438
HV,WFG,WFG6,M3,AGEMOEAII,0.2941666666666667,True,0.00010165092732626729
HV,WFG,WFG6,M3,ARMOEA,0.3486111111111111,True,0.004264764914030529
HV,WFG,WFG7,M3,SPEA2,0.9755555555555555,True,2.633739797040631e-19
HV,WFG,WFG7,M3,MFOSPEA2,0.9961111111111111,True,7.154648459575404e-21
HV,WFG,WFG7,M3,SPEA2SDE,0.0030555555555555557,True,6.1621990346466696e-21
HV,WFG,WFG7,M3,NSGAII,1.0,True,3.5565709749847226e-21
HV,WFG,WFG7,M3,NSGAIII,0.0,True,3.5565709749847226e-21
HV,WFG,WFG7,M3,MOEAD,1.0,True,3.5565709749847226e-21
HV,WFG,WFG7,M3,AGEMOEAII,0.0011111111111111111,True,4.345089712205195e-21
HV,WFG,WFG7,M3,ARMOEA,0.0,True,3.5565709749847226e-21
HV,WFG,WFG8,M3,SPEA2,0.7788888888888889,True,1.3866437611530045e-07
HV,WFG,WFG8,M3,MFOSPEA2,0.8438888888888889,True,8.292839165043163e-11
HV,WFG,WFG8,M3,SPEA2SDE,0.0,True,3.5565709749847226e-21
HV,WFG,WFG8,M3,NSGAII,0.9994444444444445,True,3.931323565143429e-21
HV,WFG,WFG8,M3,NSGAIII,0.0002777777777777778,True,3.7393064081683805e-21
HV,WFG,WFG8,M3,MOEAD,0.11194444444444444,True,2.3062702812446494e-13
HV,WFG,WFG8,M3,AGEMOEAII,0.11861111111111111,True,5.857581803928769e-13
HV,WFG,WFG8,M3,ARMOEA,0.0,True,3.5565709749847226e-21
HV,WFG,WFG9,M3,SPEA2,0.9419444444444445,True,6.945206936526315e-17
HV,WFG,WFG9,M3,MFOSPEA2,0.9469444444444445,True,3.1079285602553965e-17
HV,WFG,WFG9,M3,SPEA2SDE,0.08666666666666667,True,5.8402812365599386e-15
HV,WFG,WFG9,M3,NSGAII,0.95,True,1.8931234124387105e-17
HV,WFG,WFG9,M3,NSGAIII,0.3411111111111111,True,0.0027033695798386703
HV,WFG,WFG9,M3,MOEAD,0.9508333333333333,True,1.652779364242068e-17
HV,WFG,WFG9,M3,AGEMOEAII,0.18611111111111112,True,3.0601696947198014e-09
HV,WFG,WFG9,M3,ARMOEA,0.35805555555555557,True,0.007374759618325154
HV,MaF,MaF1,M2,SPEA2,0.9086111111111111,True,1.1805490690799198e-14
HV,MaF,MaF1,M2,MFOSPEA2,0.8747222222222222,True,1.4647204967673345e-12
HV,MaF,MaF1,M2,SPEA2SDE,0.92,True,2.1336791171661242e-15
HV,MaF,MaF1,M2,NSGAII,1.0,True,3.5565709749847226e-21
HV,MaF,MaF1,M2,NSGAIII,0.0,True,3.5565709749847226e-21
HV,MaF,MaF1,M2,MOEAD,0.0,True,3.5565709749847226e-21
HV,MaF,MaF1,M2,AGEMOEAII,0.9805555555555555,True,1.110759815161712e-19
HV,MaF,MaF1,M2,ARMOEA,0.0,True,3.5565709749847226e-21
HV,MaF,MaF2,M2,SPEA2,0.9713888888888889,True,5.37163552223973e-19
HV,MaF,MaF2,M2,MFOSPEA2,0.98,True,1.2231249100242607e-19
HV,MaF,MaF2,M2,SPEA2SDE,0.7327777777777778,True,1.1039855101889882e-05
HV,MaF,MaF2,M2,NSGAII,1.0,True,3.5565709749847226e-21
HV,MaF,MaF2,M2,NSGAIII,0.0,True,3.5565709749847226e-21
HV,MaF,MaF2,M2,MOEAD,0.0011111111111111111,True,4.345089712205195e-21
HV,MaF,MaF2,M2,AGEMOEAII,0.985,True,5.11813280634539e-20
HV,MaF,MaF2,M2,ARMOEA,0.0,True,3.5565709749847226e-21
HV,MaF,MaF3,M2,SPEA2,0.9841666666666666,True,5.921579952162413e-20
HV,MaF,MaF3,M2,MFOSPEA2,0.9933333333333333,True,1.1748819175710464e-20
HV,MaF,MaF3,M2,SPEA2SDE,1.0,True,3.5565709749847226e-21
HV,MaF,MaF3,M2,NSGAII,1.0,True,3.5565709749847226e-21
HV,MaF,MaF3,M2,NSGAIII,0.9980555555555556,True,5.0477740034171866e-21
HV,MaF,MaF3,M2,MOEAD,1.0,True,3.5565709749847226e-21
HV,MaF,MaF3,M2,AGEMOEAII,1.0,True,3.5565709749847226e-21
HV,MaF,MaF3,M2,ARMOEA,0.9961111111111111,True,7.154648459575404e-21
HV,MaF,MaF4,M2,SPEA2,0.9402777777777778,True,9.062329648846249e-17
HV,MaF,MaF4,M2,MFOSPEA2,0.9697222222222223,True,7.131404920325001e-19
HV,MaF,MaF4,M2,SPEA2SDE,1.0,True,3.5565709749847226e-21
HV,MaF,MaF4,M2,NSGAII,0.9991666666666666,True,4.133088336365412e-21
HV,MaF,MaF4,M2,NSGAIII,1.0,True,3.5565709749847226e-21
HV,MaF,MaF4,M2,MOEAD,1.0,True,3.5565709749847226e-21
HV,MaF,MaF4,M2,AGEMOEAII,0.9986111111111111,True,4.567840913829236e-21
HV,MaF,MaF4,M2,ARMOEA,1.0,True,3.5565709749847226e-21
HV,MaF,MaF5,M2,SPEA2,0.7030555555555555,True,0.00012600915597431902
HV,MaF,MaF5,M2,MFOSPEA2,0.7275,True,1.73899061706386e-05
HV,MaF,MaF5,M2,SPEA2SDE,0.8158333333333333,True,2.445171952207635e-09
HV,MaF,MaF5,M2,NSGAII,0.8447222222222223,True,7.468374010489938e-11
HV,MaF,MaF5,M2,NSGAIII,0.6852777777777778,True,0.0004683785255229422
HV,MaF,MaF5,M2,MOEAD,0.7905555555555556,True,4.0777305519376684e-08
HV,MaF,MaF5,M2,AGEMOEAII,0.7161111111111111,True,4.487774107042821e-05
HV,MaF,MaF5,M2,ARMOEA,0.785,True,7.346690917823128e-08
HV,MaF,MaF6,M2,SPEA2,0.64,True,0.008225039013768774
HV,MaF,MaF6,M2,MFOSPEA2,0.6616666666666666,True,0.00227258896783426
HV,MaF,MaF6,M2,SPEA2SDE,0.9980555555555556,True,5.0477740034171866e-21
HV,MaF,MaF6,M2,NSGAII,1.0,True,3.5565709749847226e-21
HV,MaF,MaF6,M2,NSGAIII,1.0,True,3.5565709749847226e-21
HV,MaF,MaF6,M2,MOEAD,1.0,True,3.5565709749847226e-21
HV,MaF,MaF6,M2,AGEMOEAII,1.0,True,3.5565709749847226e-21
HV,MaF,MaF6,M2,ARMOEA,1.0,True,3.5565709749847226e-21
HV,MaF,MaF7,M2,SPEA2,0.6905555555555556,True,0.00032074523716966617
HV,MaF,MaF7,M2,MFOSPEA2,0.6777777777777778,True,0.0007893443081475231
HV,MaF,MaF7,M2,SPEA2SDE,1.0,True,3.5565709749847226e-21
HV,MaF,MaF7,M2,NSGAII,1.0,True,3.5565709749847226e-21
HV,MaF,MaF7,M2,NSGAIII,1.0,True,3.5565709749847226e-21
HV,MaF,MaF7,M2,MOEAD,1.0,True,3.5565709749847226e-21
HV,MaF,MaF7,M2,AGEMOEAII,1.0,True,3.5565709749847226e-21
HV,MaF,MaF7,M2,ARMOEA,1.0,True,3.5565709749847226e-21
HV,MaF,MaF1,M3,SPEA2,0.9616666666666667,True,2.7669870737784136e-18
HV,MaF,MaF1,M3,MFOSPEA2,0.9897222222222222,True,2.2297317008629104e-20
HV,MaF,MaF1,M3,SPEA2SDE,0.3486111111111111,True,0.004264764914030529
HV,MaF,MaF1,M3,NSGAII,1.0,True,3.5565709749847226e-21
HV,MaF,MaF1,M3,NSGAIII,1.0,True,3.5565709749847226e-21
HV,MaF,MaF1,M3,MOEAD,1.0,True,3.5565709749847226e-21
HV,MaF,MaF1,M3,AGEMOEAII,0.0,True,3.5565709749847226e-21
HV,MaF,MaF1,M3,ARMOEA,0.9977777777777778,True,5.30611444628077e-21
HV,MaF,MaF2,M3,SPEA2,0.7975,True,1.9243539438520053e-08
HV,MaF,MaF2,M3,MFOSPEA2,0.5719444444444445,False,0.1748533068932926
HV,MaF,MaF2,M3,SPEA2SDE,0.0,True,3.5565709749847226e-21
HV,MaF,MaF2,M3,NSGAII,0.9958333333333333,True,7.51938207869359e-21
HV,MaF,MaF2,M3,NSGAIII,0.9372222222222222,True,1.4722663508276072e-16
HV,MaF,MaF2,M3,MOEAD,0.8613888888888889,True,8.740331525146502e-12
HV,MaF,MaF2,M3,AGEMOEAII,0.0,True,3.5565709749847226e-21
HV,MaF,MaF2,M3,ARMOEA,0.7208333333333333,True,3.0454145685184206e-05
HV,MaF,MaF3,M3,SPEA2,0.9869444444444444,True,3.638619910050849e-20
HV,MaF,MaF3,M3,MFOSPEA2,0.9780555555555556,True,1.7122828692048396e-19
HV,MaF,MaF3,M3,SPEA2SDE,1.0,True,3.5565709749847226e-21
HV,MaF,MaF3,M3,NSGAII,1.0,True,3.5565709749847226e-21
HV,MaF,MaF3,M3,NSGAIII,1.0,True,3.5565709749847226e-21
HV,MaF,MaF3,M3,MOEAD,1.0,True,3.5565709749847226e-21
HV,MaF,MaF3,M3,AGEMOEAII,1.0,True,3.5565709749847226e-21
HV,MaF,MaF3,M3,ARMOEA,1.0,True,3.5565709749847226e-21
HV,MaF,MaF4,M3,SPEA2,0.8772222222222222,True,1.0406014694805809e-12
HV,MaF,MaF4,M3,MFOSPEA2,0.8769444444444444,True,1.0810060968496774e-12
HV,MaF,MaF4,M3,SPEA2SDE,0.9741666666666666,True,3.3423072871068034e-19
HV,MaF,MaF4,M3,NSGAII,0.9991666666666666,True,4.133088336365412e-21
HV,MaF,MaF4,M3,NSGAIII,1.0,True,3.5565709749847226e-21
HV,MaF,MaF4,M3,MOEAD,1.0,True,3.5565709749847226e-21
HV,MaF,MaF4,M3,AGEMOEAII,0.11583333333333333,True,3.979893666429659e-13
HV,MaF,MaF4,M3,ARMOEA,1.0,True,3.5565709749847226e-21
HV,MaF,MaF5,M3,SPEA2,0.5830555555555555,False,0.11718046133079055
HV,MaF,MaF5,M3,MFOSPEA2,0.5569444444444445,False,0.2831156176842259
HV,MaF,MaF5,M3,SPEA2SDE,0.3425,True,0.0029456461505329764
HV,MaF,MaF5,M3,NSGAII,0.58,False,0.13130295902764
HV,MaF,MaF5,M3,NSGAIII,0.3038888888888889,True,0.00021313657662678126
HV,MaF,MaF5,M3,MOEAD,0.6044444444444445,True,0.04873944832615962
HV,MaF,MaF5,M3,AGEMOEAII,0.3061111111111111,True,0.0002513057611729309
HV,MaF,MaF5,M3,ARMOEA,0.355,True,0.006197117536635188
HV,MaF,MaF6,M3,SPEA2,0.5969444444444445,False,0.06737704668693309
HV,MaF,MaF6,M3,MFOSPEA2,0.6438888888888888,True,0.006604188045917827
HV,MaF,MaF6,M3,SPEA2SDE,1.0,True,3.5565709749847226e-21
HV,MaF,MaF6,M3,NSGAII,1.0,True,3.5565709749847226e-21
HV,MaF,MaF6,M3,NSGAIII,1.0,True,3.5565709749847226e-21
HV,MaF,MaF6,M3,MOEAD,1.0,True,3.5565709749847226e-21
HV,MaF,MaF6,M3,AGEMOEAII,0.9955555555555555,True,7.902493913434392e-21
HV,MaF,MaF6,M3,ARMOEA,1.0,True,3.5565709749847226e-21
HV,MaF,MaF7,M3,SPEA2,0.6902777777777778,True,0.00032727775282331465
HV,MaF,MaF7,M3,MFOSPEA2,0.7869444444444444,True,5.985976325536055e-08
HV,MaF,MaF7,M3,SPEA2SDE,0.37,True,0.014137969455911484
HV,MaF,MaF7,M3,NSGAII,0.9833333333333333,True,6.849473201576513e-20
HV,MaF,MaF7,M3,NSGAIII,0.9844444444444445,True,5.640800572904033e-20
HV,MaF,MaF7,M3,MOEAD,0.9836111111111111,True,6.525229783781718e-20
HV,MaF,MaF7,M3,AGEMOEAII,0.1338888888888889,True,4.675940299454226e-12
HV,MaF,MaF7,M3,ARMOEA,0.9630555555555556,True,2.193782417427368e-18
