comparison,ivf_algo,base_algo,metric,tau,M,geometry_group,n_traces_ivf,n_traces_base,auc_ivf,auc_base,delta_auc,final_frac_ivf,final_frac_base
IVFNSGAIII_vs_NSGAIII,IVFNSGAIII,NSGAIII,IGD,0.5,2,irregular,120,120,0.8859090909090909,0.8983333333333333,-0.012424242424242449,1.0,1.0
IVFNSGAIII_vs_NSGAIII,IVFNSGAIII,NSGAIII,IGD,0.5,2,regular,720,720,0.8621590909090909,0.8609911616161615,0.001167929292929415,0.9875,0.9791666666666666
IVFNSGAIII_vs_NSGAIII,IVFNSGAIII,NSGAIII,IGD,0.5,3,irregular,210,210,0.8838095238095238,0.8790909090909091,0.004718614718614678,1.0,0.9904761904761905
IVFNSGAIII_vs_NSGAIII,IVFNSGAIII,NSGAIII,IGD,0.5,3,regular,480,480,0.8582954545454545,0.854251893939394,0.004043560606060481,0.9895833333333334,0.98125
IVFNSGAIII_vs_NSGAIII,IVFNSGAIII,NSGAIII,IGD,0.25,2,irregular,120,120,0.8562121212121212,0.8832954545454546,-0.027083333333333348,1.0,1.0
IVFNSGAIII_vs_NSGAIII,IVFNSGAIII,NSGAIII,IGD,0.25,2,regular,720,720,0.7762058080808081,0.7817739898989897,-0.005568181818181639,0.9222222222222223,0.9152777777777777
IVFNSGAIII_vs_NSGAIII,IVFNSGAIII,NSGAIII,IGD,0.25,3,irregular,210,210,0.748982683982684,0.7954761904761906,-0.04649350649350659,0.9333333333333333,0.9619047619047619
IVFNSGAIII_vs_NSGAIII,IVFNSGAIII,NSGAIII,IGD,0.25,3,regular,480,480,0.7344791666666667,0.7215814393939395,0.0128977272727272,0.90625,0.89375
IVFNSGAIII_vs_NSGAIII,IVFNSGAIII,NSGAIII,IGD,0.1,2,irregular,120,120,0.8325,0.8494696969696969,-0.016969696969696857,1.0,1.0
IVFNSGAIII_vs_NSGAIII,IVFNSGAIII,NSGAIII,IGD,0.1,2,regular,720,720,0.6697537878787879,0.6819760101010102,-0.012222222222222245,0.8486111111111111,0.8625
IVFNSGAIII_vs_NSGAIII,IVFNSGAIII,NSGAIII,IGD,0.1,3,irregular,210,210,0.4977705627705628,0.5593073593073593,-0.0615367965367965,0.6761904761904762,0.7047619047619048
IVFNSGAIII_vs_NSGAIII,IVFNSGAIII,NSGAIII,IGD,0.1,3,regular,480,480,0.6175662878787879,0.6056818181818183,0.011884469696969546,0.8291666666666667,0.7958333333333333
IVFNSGAIII_vs_NSGAIII,IVFNSGAIII,NSGAIII,HV,0.5,2,irregular,120,120,0.8856818181818182,0.8975,-0.011818181818181728,1.0,1.0
IVFNSGAIII_vs_NSGAIII,IVFNSGAIII,NSGAIII,HV,0.5,2,regular,720,720,0.8327209595959596,0.8352525252525252,-0.0025315656565656486,0.9875,0.9777777777777777
IVFNSGAIII_vs_NSGAIII,IVFNSGAIII,NSGAIII,HV,0.5,3,irregular,210,210,0.879090909090909,0.8765367965367965,0.002554112554112531,1.0,0.9904761904761905
IVFNSGAIII_vs_NSGAIII,IVFNSGAIII,NSGAIII,HV,0.5,3,regular,480,480,0.8273674242424244,0.8205587121212122,0.006808712121212146,0.9979166666666667,0.9875
IVFNSGAIII_vs_NSGAIII,IVFNSGAIII,NSGAIII,HV,0.25,2,irregular,120,120,0.8514772727272728,0.8732575757575758,-0.021780303030302983,1.0,1.0
IVFNSGAIII_vs_NSGAIII,IVFNSGAIII,NSGAIII,HV,0.25,2,regular,720,720,0.7321717171717173,0.7394444444444442,-0.0072727272727269865,0.9208333333333333,0.9152777777777777
IVFNSGAIII_vs_NSGAIII,IVFNSGAIII,NSGAIII,HV,0.25,3,irregular,210,210,0.7936796536796538,0.7977705627705628,-0.004090909090909034,0.9857142857142858,0.9857142857142858
IVFNSGAIII_vs_NSGAIII,IVFNSGAIII,NSGAIII,HV,0.25,3,regular,480,480,0.6736363636363635,0.6801988636363638,-0.00656250000000036,0.8979166666666667,0.9
IVFNSGAIII_vs_NSGAIII,IVFNSGAIII,NSGAIII,HV,0.1,2,irregular,120,120,0.8065530303030304,0.8101515151515151,-0.0035984848484846843,1.0,1.0
IVFNSGAIII_vs_NSGAIII,IVFNSGAIII,NSGAIII,HV,0.1,2,regular,720,720,0.631540404040404,0.6407638888888889,-0.009223484848484897,0.8416666666666667,0.8486111111111111
IVFNSGAIII_vs_NSGAIII,IVFNSGAIII,NSGAIII,HV,0.1,3,irregular,210,210,0.5523160173160172,0.5882467532467532,-0.035930735930736035,0.819047619047619,0.8285714285714286
IVFNSGAIII_vs_NSGAIII,IVFNSGAIII,NSGAIII,HV,0.1,3,regular,480,480,0.5382575757575759,0.5454545454545455,-0.007196969696969591,0.825,0.8145833333333333
IVFNSGAII_vs_NSGAII,IVFNSGAII,NSGAII,IGD,0.5,2,irregular,120,120,0.8798106060606059,0.8909469696969696,-0.011136363636363722,0.9916666666666667,1.0
IVFNSGAII_vs_NSGAII,IVFNSGAII,NSGAII,IGD,0.5,2,regular,720,720,0.8545580808080807,0.8511363636363636,0.0034217171717171313,0.9583333333333334,0.9597222222222223
IVFNSGAII_vs_NSGAII,IVFNSGAII,NSGAII,IGD,0.5,3,irregular,210,210,0.8803896103896104,0.8763636363636363,0.004025974025974044,0.9904761904761905,0.9857142857142858
IVFNSGAII_vs_NSGAII,IVFNSGAII,NSGAII,IGD,0.5,3,regular,480,480,0.8697348484848485,0.8612215909090907,0.008513257575757827,0.9895833333333334,0.9916666666666667
IVFNSGAII_vs_NSGAII,IVFNSGAII,NSGAII,IGD,0.25,2,irregular,120,120,0.8682575757575756,0.8818560606060606,-0.013598484848485026,0.9916666666666667,1.0
IVFNSGAII_vs_NSGAII,IVFNSGAII,NSGAII,IGD,0.25,2,regular,720,720,0.793895202020202,0.7707449494949496,0.02315025252525238,0.9430555555555555,0.9416666666666667
IVFNSGAII_vs_NSGAII,IVFNSGAII,NSGAII,IGD,0.25,3,irregular,210,210,0.8333549783549784,0.8191341991341993,0.014220779220779134,0.9857142857142858,0.9857142857142858
IVFNSGAII_vs_NSGAII,IVFNSGAII,NSGAII,IGD,0.25,3,regular,480,480,0.720028409090909,0.7091003787878789,0.010928030303030134,0.9354166666666667,0.9145833333333333
IVFNSGAII_vs_NSGAII,IVFNSGAII,NSGAII,IGD,0.1,2,irregular,120,120,0.8476893939393937,0.8617045454545456,-0.014015151515151869,0.9916666666666667,1.0
IVFNSGAII_vs_NSGAII,IVFNSGAII,NSGAII,IGD,0.1,2,regular,720,720,0.6318623737373739,0.5941729797979799,0.03768939393939397,0.8097222222222222,0.7805555555555556
IVFNSGAII_vs_NSGAII,IVFNSGAII,NSGAII,IGD,0.1,3,irregular,210,210,0.6444805194805197,0.6445887445887447,-0.00010822510822505738,0.8523809523809524,0.8523809523809524
IVFNSGAII_vs_NSGAII,IVFNSGAII,NSGAII,IGD,0.1,3,regular,480,480,0.5139299242424241,0.49935606060606064,0.014573863636363482,0.7125,0.6895833333333333
IVFNSGAII_vs_NSGAII,IVFNSGAII,NSGAII,HV,0.5,2,irregular,120,120,0.8861363636363635,0.8975,-0.011363636363636465,0.9916666666666667,1.0
IVFNSGAII_vs_NSGAII,IVFNSGAII,NSGAII,HV,0.5,2,regular,720,720,0.8361363636363636,0.827739898989899,0.008396464646464596,0.9583333333333334,0.9597222222222223
IVFNSGAII_vs_NSGAII,IVFNSGAII,NSGAII,HV,0.5,3,irregular,210,210,0.8744372294372295,0.8705844155844156,0.0038528138528138856,0.9904761904761905,0.9857142857142858
IVFNSGAII_vs_NSGAII,IVFNSGAII,NSGAII,HV,0.5,3,regular,480,480,0.8233049242424242,0.8074810606060606,0.015823863636363567,0.9770833333333333,0.9854166666666667
IVFNSGAII_vs_NSGAII,IVFNSGAII,NSGAII,HV,0.25,2,irregular,120,120,0.8662878787878786,0.8803409090909091,-0.014053030303030511,0.9916666666666667,1.0
IVFNSGAII_vs_NSGAII,IVFNSGAII,NSGAII,HV,0.25,2,regular,720,720,0.7525820707070708,0.7049368686868687,0.04764520202020217,0.9236111111111112,0.9097222222222222
IVFNSGAII_vs_NSGAII,IVFNSGAII,NSGAII,HV,0.25,3,irregular,210,210,0.8156926406926407,0.8073809523809524,0.00831168831168827,0.9904761904761905,0.9857142857142858
IVFNSGAII_vs_NSGAII,IVFNSGAII,NSGAII,HV,0.25,3,regular,480,480,0.7045928030303028,0.6422632575757575,0.062329545454545277,0.9520833333333333,0.9354166666666667
IVFNSGAII_vs_NSGAII,IVFNSGAII,NSGAII,HV,0.1,2,irregular,120,120,0.8204545454545453,0.8433333333333333,-0.022878787878787943,0.9916666666666667,1.0
IVFNSGAII_vs_NSGAII,IVFNSGAII,NSGAII,HV,0.1,2,regular,720,720,0.6102651515151515,0.5538699494949495,0.056395202020201984,0.8027777777777778,0.7430555555555556
IVFNSGAII_vs_NSGAII,IVFNSGAII,NSGAII,HV,0.1,3,irregular,210,210,0.671060606060606,0.6313852813852814,0.03967532467532464,0.9095238095238095,0.8904761904761904
IVFNSGAII_vs_NSGAII,IVFNSGAII,NSGAII,HV,0.1,3,regular,480,480,0.4549431818181819,0.39996212121212116,0.05498106060606073,0.73125,0.5979166666666667
IVFSPEA2_vs_SPEA2,IVFSPEA2,SPEA2,IGD,0.5,2,irregular,120,120,0.8746969696969696,0.8878030303030302,-0.013106060606060566,0.9833333333333333,1.0
IVFSPEA2_vs_SPEA2,IVFSPEA2,SPEA2,IGD,0.5,2,regular,720,720,0.8643813131313132,0.8472727272727273,0.01710858585858588,0.9638888888888889,0.9583333333333334
IVFSPEA2_vs_SPEA2,IVFSPEA2,SPEA2,IGD,0.5,3,irregular,210,210,0.8865151515151516,0.8836363636363638,0.002878787878787814,0.9904761904761905,0.9952380952380953
IVFSPEA2_vs_SPEA2,IVFSPEA2,SPEA2,IGD,0.5,3,regular,480,480,0.8449431818181817,0.8081344696969696,0.03680871212121217,0.9520833333333333,0.9645833333333333
IVFSPEA2_vs_SPEA2,IVFSPEA2,SPEA2,IGD,0.25,2,irregular,120,120,0.8672727272727273,0.8761742424242424,-0.00890151515151505,0.9833333333333333,1.0
IVFSPEA2_vs_SPEA2,IVFSPEA2,SPEA2,IGD,0.25,2,regular,720,720,0.8348800505050504,0.7484406565656565,0.08643939393939393,0.9527777777777777,0.9111111111111111
IVFSPEA2_vs_SPEA2,IVFSPEA2,SPEA2,IGD,0.25,3,irregular,210,210,0.8641774891774893,0.8207142857142857,0.04346320346320354,0.9904761904761905,0.9952380952380953
IVFSPEA2_vs_SPEA2,IVFSPEA2,SPEA2,IGD,0.25,3,regular,480,480,0.7124053030303031,0.534251893939394,0.17815340909090915,0.8895833333333333,0.7291666666666666
IVFSPEA2_vs_SPEA2,IVFSPEA2,SPEA2,IGD,0.1,2,irregular,120,120,0.8388257575757576,0.8537121212121211,-0.014886363636363531,0.9833333333333333,1.0
IVFSPEA2_vs_SPEA2,IVFSPEA2,SPEA2,IGD,0.1,2,regular,720,720,0.7070896464646463,0.5848421717171717,0.12224747474747466,0.8777777777777778,0.7375
IVFSPEA2_vs_SPEA2,IVFSPEA2,SPEA2,IGD,0.1,3,irregular,210,210,0.7862337662337662,0.6965800865800865,0.08965367965367965,0.9619047619047619,0.8428571428571429
IVFSPEA2_vs_SPEA2,IVFSPEA2,SPEA2,IGD,0.1,3,regular,480,480,0.48653409090909094,0.39738636363636365,0.0891477272727273,0.6604166666666667,0.5083333333333333
IVFSPEA2_vs_SPEA2,IVFSPEA2,SPEA2,HV,0.5,2,irregular,120,120,0.6959848484848484,0.6923484848484849,0.0036363636363635488,0.775,0.775
IVFSPEA2_vs_SPEA2,IVFSPEA2,SPEA2,HV,0.5,2,regular,720,720,0.8469823232323231,0.8224116161616161,0.024570707070707076,0.9638888888888889,0.9569444444444445
IVFSPEA2_vs_SPEA2,IVFSPEA2,SPEA2,HV,0.5,3,irregular,210,210,0.8845238095238097,0.8762987012987014,0.008225108225108357,0.9904761904761905,0.9952380952380953
IVFSPEA2_vs_SPEA2,IVFSPEA2,SPEA2,HV,0.5,3,regular,480,480,0.8040056818181818,0.7676231060606061,0.03638257575757564,0.9395833333333333,0.95625
IVFSPEA2_vs_SPEA2,IVFSPEA2,SPEA2,HV,0.25,2,irregular,120,120,0.6871212121212121,0.6814772727272728,0.005643939393939368,0.775,0.775
IVFSPEA2_vs_SPEA2,IVFSPEA2,SPEA2,HV,0.25,2,regular,720,720,0.799810606060606,0.7076325757575757,0.0921780303030304,0.9486111111111111,0.9055555555555556
IVFSPEA2_vs_SPEA2,IVFSPEA2,SPEA2,HV,0.25,3,irregular,210,210,0.8482034632034632,0.7914285714285713,0.05677489177489192,0.9904761904761905,0.9904761904761905
IVFSPEA2_vs_SPEA2,IVFSPEA2,SPEA2,HV,0.25,3,regular,480,480,0.7033522727272727,0.4788825757575758,0.22446969696969693,0.88125,0.7125
IVFSPEA2_vs_SPEA2,IVFSPEA2,SPEA2,HV,0.1,2,irregular,120,120,0.645,0.6602651515151515,-0.01526515151515151,0.775,0.775
IVFSPEA2_vs_SPEA2,IVFSPEA2,SPEA2,HV,0.1,2,regular,720,720,0.6819696969696969,0.5468560606060605,0.13511363636363638,0.8888888888888888,0.7194444444444444
IVFSPEA2_vs_SPEA2,IVFSPEA2,SPEA2,HV,0.1,3,irregular,210,210,0.7607575757575757,0.6485064935064934,0.11225108225108238,0.9809523809523809,0.8428571428571429
IVFSPEA2_vs_SPEA2,IVFSPEA2,SPEA2,HV,0.1,3,regular,480,480,0.5125284090909091,0.29746212121212123,0.2150662878787879,0.7770833333333333,0.3958333333333333
