case_id,problem,m,d,family,early_frac,label_binary,n_runs,ivf_turnover_early,spea2_turnover_early,label_binary_eval
zdt1_m2,ZDT1,2,30,ZDT,0.05,HELPS,30,0.5696938775510205,0.5274489795918367,HELPS
zdt1_m2,ZDT1,2,30,ZDT,0.1,HELPS,30,0.4553030303030303,0.44055555555555553,HELPS
zdt1_m2,ZDT1,2,30,ZDT,0.15,HELPS,30,0.38248322147651004,0.37661073825503355,HELPS
zdt1_m2,ZDT1,2,30,ZDT,0.2,HELPS,30,0.34236180904522606,0.3388190954773869,HELPS
zdt1_m2,ZDT1,2,30,ZDT,0.25,HELPS,30,0.316285140562249,0.31618473895582333,HELPS
zdt1_m2,ZDT1,2,30,ZDT,0.3,HELPS,30,0.2989632107023411,0.30000000000000004,HELPS
zdt2_m2,ZDT2,2,30,ZDT,0.05,HELPS,30,0.6260204081632652,0.5554081632653061,HELPS
zdt2_m2,ZDT2,2,30,ZDT,0.1,HELPS,30,0.4981818181818181,0.4714646464646464,HELPS
zdt2_m2,ZDT2,2,30,ZDT,0.15,HELPS,30,0.4129530201342282,0.3956040268456376,HELPS
zdt2_m2,ZDT2,2,30,ZDT,0.2,HELPS,30,0.3644974874371859,0.3512814070351759,HELPS
zdt2_m2,ZDT2,2,30,ZDT,0.25,HELPS,30,0.33363453815261046,0.32421686746987954,HELPS
zdt2_m2,ZDT2,2,30,ZDT,0.3,HELPS,30,0.31128762541806015,0.3065551839464883,HELPS
zdt3_m2,ZDT3,2,30,ZDT,0.05,HELPS,30,0.5262244897959184,0.49806122448979595,HELPS
zdt3_m2,ZDT3,2,30,ZDT,0.1,HELPS,30,0.43353535353535355,0.41095959595959597,HELPS
zdt3_m2,ZDT3,2,30,ZDT,0.15,HELPS,30,0.36838926174496645,0.3578859060402685,HELPS
zdt3_m2,ZDT3,2,30,ZDT,0.2,HELPS,30,0.3288693467336683,0.32298994974874373,HELPS
zdt3_m2,ZDT3,2,30,ZDT,0.25,HELPS,30,0.30373493975903615,0.3007028112449799,HELPS
zdt3_m2,ZDT3,2,30,ZDT,0.3,HELPS,30,0.2862541806020067,0.2868394648829431,HELPS
zdt4_m2,ZDT4,2,10,ZDT,0.05,HELPS,30,0.45173469387755105,0.3570408163265306,HELPS
zdt4_m2,ZDT4,2,10,ZDT,0.1,HELPS,30,0.3802020202020202,0.31919191919191925,HELPS
zdt4_m2,ZDT4,2,10,ZDT,0.15,HELPS,30,0.314261744966443,0.27959731543624156,HELPS
zdt4_m2,ZDT4,2,10,ZDT,0.2,HELPS,30,0.27258793969849243,0.24487437185929647,HELPS
zdt4_m2,ZDT4,2,10,ZDT,0.25,HELPS,30,0.24369477911646586,0.22184738955823297,HELPS
zdt4_m2,ZDT4,2,10,ZDT,0.3,HELPS,30,0.2245317725752508,0.20543478260869563,HELPS
zdt6_m2,ZDT6,2,10,ZDT,0.05,HELPS,30,0.5389795918367346,0.47183673469387755,HELPS
zdt6_m2,ZDT6,2,10,ZDT,0.1,HELPS,30,0.46904040404040404,0.4323232323232324,HELPS
zdt6_m2,ZDT6,2,10,ZDT,0.15,HELPS,30,0.39298657718120805,0.38224832214765103,HELPS
zdt6_m2,ZDT6,2,10,ZDT,0.2,HELPS,30,0.34404522613065325,0.34248743718592967,HELPS
zdt6_m2,ZDT6,2,10,ZDT,0.25,HELPS,30,0.3096385542168675,0.31391566265060233,HELPS
zdt6_m2,ZDT6,2,10,ZDT,0.3,HELPS,30,0.28453177257525086,0.29357859531772573,HELPS
dtlz1_m2,DTLZ1,2,6,DTLZ,0.05,HELPS,30,0.39632653061224493,0.3311224489795918,HELPS
dtlz1_m2,DTLZ1,2,6,DTLZ,0.1,HELPS,30,0.3302525252525253,0.29696969696969694,HELPS
dtlz1_m2,DTLZ1,2,6,DTLZ,0.15,HELPS,30,0.27268456375838923,0.2580201342281879,HELPS
dtlz1_m2,DTLZ1,2,6,DTLZ,0.2,HELPS,30,0.23793969849246233,0.22824120603015075,HELPS
dtlz1_m2,DTLZ1,2,6,DTLZ,0.25,HELPS,30,0.21506024096385543,0.20819277108433734,HELPS
dtlz1_m2,DTLZ1,2,6,DTLZ,0.3,HELPS,30,0.20055183946488292,0.19369565217391305,HELPS
dtlz2_m2,DTLZ2,2,11,DTLZ,0.05,HELPS,30,0.36244897959183675,0.36959183673469387,HELPS
dtlz2_m2,DTLZ2,2,11,DTLZ,0.1,HELPS,30,0.2745454545454546,0.28040404040404043,HELPS
dtlz2_m2,DTLZ2,2,11,DTLZ,0.15,HELPS,30,0.23976510067114093,0.24651006711409396,HELPS
dtlz2_m2,DTLZ2,2,11,DTLZ,0.2,HELPS,30,0.2240201005025126,0.22771356783919602,HELPS
dtlz2_m2,DTLZ2,2,11,DTLZ,0.25,HELPS,30,0.21357429718875504,0.21696787148594376,HELPS
dtlz2_m2,DTLZ2,2,11,DTLZ,0.3,HELPS,30,0.20563545150501672,0.2095819397993311,HELPS
dtlz3_m2,DTLZ3,2,11,DTLZ,0.05,HELPS,30,0.4118367346938776,0.36295918367346935,HELPS
dtlz3_m2,DTLZ3,2,11,DTLZ,0.1,HELPS,30,0.3902020202020202,0.32671717171717163,HELPS
dtlz3_m2,DTLZ3,2,11,DTLZ,0.15,HELPS,30,0.363255033557047,0.30963087248322146,HELPS
dtlz3_m2,DTLZ3,2,11,DTLZ,0.2,HELPS,30,0.33618090452261307,0.2969597989949749,HELPS
dtlz3_m2,DTLZ3,2,11,DTLZ,0.25,HELPS,30,0.3126506024096386,0.2845180722891566,HELPS
dtlz3_m2,DTLZ3,2,11,DTLZ,0.3,HELPS,30,0.2915719063545151,0.2661036789297659,HELPS
dtlz4_m2,DTLZ4,2,11,DTLZ,0.05,HELPS,30,0.36744897959183676,0.381326530612245,HELPS
dtlz4_m2,DTLZ4,2,11,DTLZ,0.1,HELPS,30,0.2752525252525253,0.2845959595959596,HELPS
dtlz4_m2,DTLZ4,2,11,DTLZ,0.15,HELPS,30,0.24087248322147653,0.2469463087248322,HELPS
dtlz4_m2,DTLZ4,2,11,DTLZ,0.2,HELPS,30,0.22376884422110552,0.2276381909547739,HELPS
dtlz4_m2,DTLZ4,2,11,DTLZ,0.25,HELPS,30,0.2125301204819277,0.21510040160642568,HELPS
dtlz4_m2,DTLZ4,2,11,DTLZ,0.3,HELPS,30,0.20486622073578595,0.20702341137123742,HELPS
dtlz5_m2,DTLZ5,2,11,DTLZ,0.05,HELPS,30,0.3601020408163266,0.36642857142857144,HELPS
dtlz5_m2,DTLZ5,2,11,DTLZ,0.1,HELPS,30,0.2738888888888889,0.2782323232323233,HELPS
dtlz5_m2,DTLZ5,2,11,DTLZ,0.15,HELPS,30,0.241006711409396,0.24436241610738255,HELPS
dtlz5_m2,DTLZ5,2,11,DTLZ,0.2,HELPS,30,0.2242211055276382,0.22653266331658295,HELPS
dtlz5_m2,DTLZ5,2,11,DTLZ,0.25,HELPS,30,0.21329317269076303,0.21598393574297192,HELPS
dtlz5_m2,DTLZ5,2,11,DTLZ,0.3,HELPS,30,0.2064715719063545,0.2088963210702341,HELPS
dtlz6_m2,DTLZ6,2,11,DTLZ,0.05,HELPS,30,0.4671428571428571,0.4140816326530612,HELPS
dtlz6_m2,DTLZ6,2,11,DTLZ,0.1,HELPS,30,0.27616161616161605,0.2671212121212121,HELPS
dtlz6_m2,DTLZ6,2,11,DTLZ,0.15,HELPS,30,0.20681208053691275,0.20419463087248324,HELPS
dtlz6_m2,DTLZ6,2,11,DTLZ,0.2,HELPS,30,0.17256281407035173,0.17394472361809046,HELPS
dtlz6_m2,DTLZ6,2,11,DTLZ,0.25,HELPS,30,0.1511847389558233,0.1554417670682731,HELPS
dtlz6_m2,DTLZ6,2,11,DTLZ,0.3,HELPS,30,0.1381939799331104,0.1431103678929766,HELPS
dtlz7_m2,DTLZ7,2,21,DTLZ,0.05,HELPS,30,0.5706122448979591,0.5255102040816326,HELPS
dtlz7_m2,DTLZ7,2,21,DTLZ,0.1,HELPS,30,0.4271717171717172,0.41202020202020206,HELPS
dtlz7_m2,DTLZ7,2,21,DTLZ,0.15,HELPS,30,0.3594295302013423,0.35144295302013423,HELPS
dtlz7_m2,DTLZ7,2,21,DTLZ,0.2,HELPS,30,0.32130653266331655,0.3156532663316583,HELPS
dtlz7_m2,DTLZ7,2,21,DTLZ,0.25,HELPS,30,0.2976104417670683,0.2952008032128514,HELPS
dtlz7_m2,DTLZ7,2,21,DTLZ,0.3,HELPS,30,0.28188963210702345,0.2814046822742475,HELPS
wfg1_m2,WFG1,2,11,WFG,0.05,HELPS,30,0.44479591836734694,0.44336734693877544,HELPS
wfg1_m2,WFG1,2,11,WFG,0.1,HELPS,30,0.33989898989898987,0.3655555555555555,HELPS
wfg1_m2,WFG1,2,11,WFG,0.15,HELPS,30,0.2694295302013423,0.304496644295302,HELPS
wfg1_m2,WFG1,2,11,WFG,0.2,HELPS,30,0.21979899497487437,0.2544723618090452,HELPS
wfg1_m2,WFG1,2,11,WFG,0.25,HELPS,30,0.18648594377510042,0.21682730923694776,HELPS
wfg1_m2,WFG1,2,11,WFG,0.3,HELPS,30,0.1631772575250836,0.19035117056856188,HELPS
wfg2_m2,WFG2,2,11,WFG,0.05,NOT_HELPS,30,0.3766326530612245,0.38091836734693874,NOT_HELPS
wfg2_m2,WFG2,2,11,WFG,0.1,NOT_HELPS,30,0.28505050505050505,0.27636363636363637,NOT_HELPS
wfg2_m2,WFG2,2,11,WFG,0.15,NOT_HELPS,30,0.24154362416107383,0.22640939597315435,NOT_HELPS
wfg2_m2,WFG2,2,11,WFG,0.2,NOT_HELPS,30,0.2114572864321608,0.197713567839196,NOT_HELPS
wfg2_m2,WFG2,2,11,WFG,0.25,NOT_HELPS,30,0.19232931726907632,0.18030120481927714,NOT_HELPS
wfg2_m2,WFG2,2,11,WFG,0.3,NOT_HELPS,30,0.17943143812709034,0.16648829431438128,NOT_HELPS
wfg3_m2,WFG3,2,11,WFG,0.05,NOT_HELPS,30,0.3309183673469388,0.33908163265306124,NOT_HELPS
wfg3_m2,WFG3,2,11,WFG,0.1,NOT_HELPS,30,0.25702020202020204,0.2544949494949495,NOT_HELPS
wfg3_m2,WFG3,2,11,WFG,0.15,NOT_HELPS,30,0.2213758389261745,0.21828859060402683,NOT_HELPS
wfg3_m2,WFG3,2,11,WFG,0.2,NOT_HELPS,30,0.20173366834170853,0.197713567839196,NOT_HELPS
wfg3_m2,WFG3,2,11,WFG,0.25,NOT_HELPS,30,0.18823293172690764,0.18516064257028111,NOT_HELPS
wfg3_m2,WFG3,2,11,WFG,0.3,NOT_HELPS,30,0.17971571906354517,0.17648829431438126,NOT_HELPS
wfg4_m2,WFG4,2,11,WFG,0.05,HELPS,30,0.2986734693877551,0.2939795918367347,HELPS
wfg4_m2,WFG4,2,11,WFG,0.1,HELPS,30,0.22691919191919194,0.20974747474747474,HELPS
wfg4_m2,WFG4,2,11,WFG,0.15,HELPS,30,0.1976510067114094,0.17946308724832216,HELPS
wfg4_m2,WFG4,2,11,WFG,0.2,HELPS,30,0.18185929648241206,0.1629145728643216,HELPS
wfg4_m2,WFG4,2,11,WFG,0.25,HELPS,30,0.17208835341365464,0.15379518072289156,HELPS
wfg4_m2,WFG4,2,11,WFG,0.3,HELPS,30,0.16573578595317726,0.14663879598662205,HELPS
wfg5_m2,WFG5,2,11,WFG,0.05,HELPS,30,0.3546938775510204,0.3515306122448979,HELPS
wfg5_m2,WFG5,2,11,WFG,0.1,HELPS,30,0.27772727272727277,0.26348484848484854,HELPS
wfg5_m2,WFG5,2,11,WFG,0.15,HELPS,30,0.2524161073825503,0.2356711409395973,HELPS
wfg5_m2,WFG5,2,11,WFG,0.2,HELPS,30,0.23645728643216082,0.22253768844221106,HELPS
wfg5_m2,WFG5,2,11,WFG,0.25,HELPS,30,0.2178112449799197,0.21461847389558236,HELPS
wfg5_m2,WFG5,2,11,WFG,0.3,HELPS,30,0.20021739130434782,0.21237458193979936,HELPS
wfg6_m2,WFG6,2,11,WFG,0.05,NOT_HELPS,30,0.33377551020408164,0.32448979591836735,NOT_HELPS
wfg6_m2,WFG6,2,11,WFG,0.1,NOT_HELPS,30,0.25080808080808087,0.23161616161616164,NOT_HELPS
wfg6_m2,WFG6,2,11,WFG,0.15,NOT_HELPS,30,0.21577181208053692,0.19681208053691274,NOT_HELPS
wfg6_m2,WFG6,2,11,WFG,0.2,NOT_HELPS,30,0.19804020100502515,0.17796482412060302,NOT_HELPS
wfg6_m2,WFG6,2,11,WFG,0.25,NOT_HELPS,30,0.1873293172690763,0.1665863453815261,NOT_HELPS
wfg6_m2,WFG6,2,11,WFG,0.3,NOT_HELPS,30,0.18025083612040133,0.15881270903010036,NOT_HELPS
wfg7_m2,WFG7,2,11,WFG,0.05,HELPS,30,0.3377551020408163,0.3423469387755102,HELPS
wfg7_m2,WFG7,2,11,WFG,0.1,HELPS,30,0.26161616161616164,0.26641414141414144,HELPS
wfg7_m2,WFG7,2,11,WFG,0.15,HELPS,30,0.23191275167785236,0.2357718120805369,HELPS
wfg7_m2,WFG7,2,11,WFG,0.2,HELPS,30,0.216356783919598,0.21999999999999997,HELPS
wfg7_m2,WFG7,2,11,WFG,0.25,HELPS,30,0.2063253012048193,0.2097389558232932,HELPS
wfg7_m2,WFG7,2,11,WFG,0.3,HELPS,30,0.19956521739130434,0.20284280936454852,HELPS
wfg8_m2,WFG8,2,11,WFG,0.05,NOT_HELPS,30,0.30673469387755103,0.3157142857142857,NOT_HELPS
wfg8_m2,WFG8,2,11,WFG,0.1,NOT_HELPS,30,0.21464646464646467,0.22080808080808081,NOT_HELPS
wfg8_m2,WFG8,2,11,WFG,0.15,NOT_HELPS,30,0.1743959731543624,0.17771812080536914,NOT_HELPS
wfg8_m2,WFG8,2,11,WFG,0.2,NOT_HELPS,30,0.15173366834170854,0.1528643216080402,NOT_HELPS
wfg8_m2,WFG8,2,11,WFG,0.25,NOT_HELPS,30,0.13572289156626505,0.136285140562249,NOT_HELPS
wfg8_m2,WFG8,2,11,WFG,0.3,NOT_HELPS,30,0.12491638795986623,0.12548494983277592,NOT_HELPS
wfg9_m2,WFG9,2,11,WFG,0.05,NOT_HELPS,30,0.2879591836734694,0.29795918367346935,NOT_HELPS
wfg9_m2,WFG9,2,11,WFG,0.1,NOT_HELPS,30,0.2131818181818182,0.2169191919191919,NOT_HELPS
wfg9_m2,WFG9,2,11,WFG,0.15,NOT_HELPS,30,0.18030201342281882,0.18838926174496645,NOT_HELPS
wfg9_m2,WFG9,2,11,WFG,0.2,NOT_HELPS,30,0.16188442211055276,0.17399497487437188,NOT_HELPS
wfg9_m2,WFG9,2,11,WFG,0.25,NOT_HELPS,30,0.15048192771084337,0.16660642570281126,NOT_HELPS
wfg9_m2,WFG9,2,11,WFG,0.3,NOT_HELPS,30,0.14319397993311037,0.16118729096989967,NOT_HELPS
maf1_m2,MaF1,2,11,MaF,0.05,HELPS,30,0.3509183673469388,0.35316326530612246,HELPS
maf1_m2,MaF1,2,11,MaF,0.1,HELPS,30,0.2771212121212122,0.28060606060606064,HELPS
maf1_m2,MaF1,2,11,MaF,0.15,HELPS,30,0.24778523489932885,0.25171140939597314,HELPS
maf1_m2,MaF1,2,11,MaF,0.2,HELPS,30,0.2327386934673367,0.23630653266331658,HELPS
maf1_m2,MaF1,2,11,MaF,0.25,HELPS,30,0.22317269076305224,0.22718875502008035,HELPS
maf1_m2,MaF1,2,11,MaF,0.3,HELPS,30,0.21638795986622075,0.21994983277591973,HELPS
maf2_m2,MaF2,2,11,MaF,0.05,HELPS,30,0.32775510204081637,0.33795918367346944,HELPS
maf2_m2,MaF2,2,11,MaF,0.1,HELPS,30,0.28191919191919196,0.2926262626262627,HELPS
maf2_m2,MaF2,2,11,MaF,0.15,HELPS,30,0.26161073825503356,0.27724832214765105,HELPS
maf2_m2,MaF2,2,11,MaF,0.2,HELPS,30,0.25190954773869345,0.2678391959798995,HELPS
maf2_m2,MaF2,2,11,MaF,0.25,HELPS,30,0.24618473895582332,0.26242971887550204,HELPS
maf2_m2,MaF2,2,11,MaF,0.3,HELPS,30,0.24086956521739133,0.2587123745819398,HELPS
maf3_m2,MaF3,2,11,MaF,0.05,HELPS,30,0.42112244897959183,0.3706122448979592,HELPS
maf3_m2,MaF3,2,11,MaF,0.1,HELPS,30,0.3911111111111111,0.333030303030303,HELPS
maf3_m2,MaF3,2,11,MaF,0.15,HELPS,30,0.3653020134228188,0.3119463087248322,HELPS
maf3_m2,MaF3,2,11,MaF,0.2,HELPS,30,0.3402763819095478,0.2972110552763819,HELPS
maf3_m2,MaF3,2,11,MaF,0.25,HELPS,30,0.3147389558232932,0.2797991967871486,HELPS
maf3_m2,MaF3,2,11,MaF,0.3,HELPS,30,0.2919063545150502,0.2661036789297659,HELPS
maf4_m2,MaF4,2,11,MaF,0.05,HELPS,30,0.38928571428571435,0.3158163265306122,HELPS
maf4_m2,MaF4,2,11,MaF,0.1,HELPS,30,0.34434343434343434,0.28520202020202023,HELPS
maf4_m2,MaF4,2,11,MaF,0.15,HELPS,30,0.3199664429530201,0.27248322147651005,HELPS
maf4_m2,MaF4,2,11,MaF,0.2,HELPS,30,0.29962311557788945,0.26087939698492457,HELPS
maf4_m2,MaF4,2,11,MaF,0.25,HELPS,30,0.2777911646586345,0.2479518072289157,HELPS
maf4_m2,MaF4,2,11,MaF,0.3,HELPS,30,0.2585953177257525,0.23295986622073578,HELPS
maf5_m2,MaF5,2,11,MaF,0.05,HELPS,30,0.37693877551020405,0.3856122448979592,HELPS
maf5_m2,MaF5,2,11,MaF,0.1,HELPS,30,0.28131313131313135,0.2877272727272728,HELPS
maf5_m2,MaF5,2,11,MaF,0.15,HELPS,30,0.2452684563758389,0.2508053691275168,HELPS
maf5_m2,MaF5,2,11,MaF,0.2,HELPS,30,0.22512562814070353,0.23133165829145733,HELPS
maf5_m2,MaF5,2,11,MaF,0.25,HELPS,30,0.21393574297188755,0.21847389558232932,HELPS
maf5_m2,MaF5,2,11,MaF,0.3,HELPS,30,0.206371237458194,0.20979933110367893,HELPS
maf6_m2,MaF6,2,11,MaF,0.05,HELPS,30,0.47602040816326535,0.4487755102040817,HELPS
maf6_m2,MaF6,2,11,MaF,0.1,HELPS,30,0.3242929292929293,0.3188383838383839,HELPS
maf6_m2,MaF6,2,11,MaF,0.15,HELPS,30,0.2644630872483221,0.25882550335570476,HELPS
maf6_m2,MaF6,2,11,MaF,0.2,HELPS,30,0.23273869346733667,0.2270603015075377,HELPS
maf6_m2,MaF6,2,11,MaF,0.25,HELPS,30,0.21349397590361444,0.20690763052208838,HELPS
maf6_m2,MaF6,2,11,MaF,0.3,HELPS,30,0.20145484949832776,0.1935953177257525,HELPS
maf7_m2,MaF7,2,21,MaF,0.05,HELPS,30,0.5731632653061225,0.5252040816326531,HELPS
maf7_m2,MaF7,2,21,MaF,0.1,HELPS,30,0.43146464646464644,0.4138383838383838,HELPS
maf7_m2,MaF7,2,21,MaF,0.15,HELPS,30,0.36053691275167776,0.35140939597315435,HELPS
maf7_m2,MaF7,2,21,MaF,0.2,HELPS,30,0.32170854271356786,0.3170100502512563,HELPS
maf7_m2,MaF7,2,21,MaF,0.25,HELPS,30,0.2977911646586346,0.2956224899598393,HELPS
maf7_m2,MaF7,2,21,MaF,0.3,HELPS,30,0.28202341137123743,0.28175585284280935,HELPS
dtlz1_m3,DTLZ1,3,7,DTLZ,0.05,NOT_HELPS,30,0.36428571428571427,0.32683673469387753,NOT_HELPS
dtlz1_m3,DTLZ1,3,7,DTLZ,0.1,NOT_HELPS,30,0.30808080808080807,0.27782828282828287,NOT_HELPS
dtlz1_m3,DTLZ1,3,7,DTLZ,0.15,NOT_HELPS,30,0.26241610738255033,0.23973154362416105,NOT_HELPS
dtlz1_m3,DTLZ1,3,7,DTLZ,0.2,NOT_HELPS,30,0.2321356783919598,0.2148743718592965,NOT_HELPS
dtlz1_m3,DTLZ1,3,7,DTLZ,0.25,NOT_HELPS,30,0.2142168674698795,0.19933734939759035,NOT_HELPS
dtlz1_m3,DTLZ1,3,7,DTLZ,0.3,NOT_HELPS,30,0.20198996655518395,0.18819397993311038,NOT_HELPS
dtlz2_m3,DTLZ2,3,12,DTLZ,0.05,HELPS,30,0.34224489795918367,0.3494897959183674,HELPS
dtlz2_m3,DTLZ2,3,12,DTLZ,0.1,HELPS,30,0.28666666666666674,0.30484848484848487,HELPS
dtlz2_m3,DTLZ2,3,12,DTLZ,0.15,HELPS,30,0.26697986577181204,0.28802013422818795,HELPS
dtlz2_m3,DTLZ2,3,12,DTLZ,0.2,HELPS,30,0.2575376884422111,0.27977386934673365,HELPS
dtlz2_m3,DTLZ2,3,12,DTLZ,0.25,HELPS,30,0.25068273092369475,0.27491967871485945,HELPS
dtlz2_m3,DTLZ2,3,12,DTLZ,0.3,HELPS,30,0.24707357859531773,0.2713545150501672,HELPS
dtlz3_m3,DTLZ3,3,12,DTLZ,0.05,HELPS,30,0.38755102040816325,0.33479591836734696,HELPS
dtlz3_m3,DTLZ3,3,12,DTLZ,0.1,HELPS,30,0.3422727272727273,0.3053030303030303,HELPS
dtlz3_m3,DTLZ3,3,12,DTLZ,0.15,HELPS,30,0.3220469798657718,0.28359060402684566,HELPS
dtlz3_m3,DTLZ3,3,12,DTLZ,0.2,HELPS,30,0.3000753768844221,0.2662814070351759,HELPS
dtlz3_m3,DTLZ3,3,12,DTLZ,0.25,HELPS,30,0.285,0.25485943775100406,HELPS
dtlz3_m3,DTLZ3,3,12,DTLZ,0.3,HELPS,30,0.2641973244147158,0.2394314381270903,HELPS
dtlz4_m3,DTLZ4,3,12,DTLZ,0.05,HELPS,30,0.343265306122449,0.36132653061224496,HELPS
dtlz4_m3,DTLZ4,3,12,DTLZ,0.1,HELPS,30,0.28434343434343434,0.3055555555555556,HELPS
dtlz4_m3,DTLZ4,3,12,DTLZ,0.15,HELPS,30,0.26117449664429526,0.2847986577181208,HELPS
dtlz4_m3,DTLZ4,3,12,DTLZ,0.2,HELPS,30,0.25040201005025126,0.2762562814070352,HELPS
dtlz4_m3,DTLZ4,3,12,DTLZ,0.25,HELPS,30,0.24365461847389558,0.2707429718875502,HELPS
dtlz4_m3,DTLZ4,3,12,DTLZ,0.3,HELPS,30,0.23872909698996658,0.2669230769230769,HELPS
dtlz5_m3,DTLZ5,3,12,DTLZ,0.05,HELPS,30,0.3587755102040816,0.3648979591836735,HELPS
dtlz5_m3,DTLZ5,3,12,DTLZ,0.1,HELPS,30,0.29383838383838384,0.3056060606060606,HELPS
dtlz5_m3,DTLZ5,3,12,DTLZ,0.15,HELPS,30,0.2665771812080536,0.27744966442953023,HELPS
dtlz5_m3,DTLZ5,3,12,DTLZ,0.2,HELPS,30,0.25118090452261305,0.26213567839195984,HELPS
dtlz5_m3,DTLZ5,3,12,DTLZ,0.25,HELPS,30,0.2413453815261044,0.2519277108433735,HELPS
dtlz5_m3,DTLZ5,3,12,DTLZ,0.3,HELPS,30,0.23309364548494982,0.24401337792642144,HELPS
dtlz6_m3,DTLZ6,3,12,DTLZ,0.05,HELPS,30,0.39397959183673464,0.388469387755102,HELPS
dtlz6_m3,DTLZ6,3,12,DTLZ,0.1,HELPS,30,0.25398989898989893,0.2466666666666667,HELPS
dtlz6_m3,DTLZ6,3,12,DTLZ,0.15,HELPS,30,0.19281879194630874,0.1936241610738255,HELPS
dtlz6_m3,DTLZ6,3,12,DTLZ,0.2,HELPS,30,0.1615075376884422,0.1670603015075377,HELPS
dtlz6_m3,DTLZ6,3,12,DTLZ,0.25,HELPS,30,0.14353413654618474,0.1500803212851406,HELPS
dtlz6_m3,DTLZ6,3,12,DTLZ,0.3,HELPS,30,0.1317224080267559,0.13941471571906355,HELPS
dtlz7_m3,DTLZ7,3,22,DTLZ,0.05,HELPS,30,0.466734693877551,0.45693877551020406,HELPS
dtlz7_m3,DTLZ7,3,22,DTLZ,0.1,HELPS,30,0.3802525252525253,0.37656565656565655,HELPS
dtlz7_m3,DTLZ7,3,22,DTLZ,0.15,HELPS,30,0.3366778523489933,0.33986577181208055,HELPS
dtlz7_m3,DTLZ7,3,22,DTLZ,0.2,HELPS,30,0.31027638190954776,0.3170100502512563,HELPS
dtlz7_m3,DTLZ7,3,22,DTLZ,0.25,HELPS,30,0.293433734939759,0.30301204819277106,HELPS
dtlz7_m3,DTLZ7,3,22,DTLZ,0.3,HELPS,30,0.2820903010033444,0.29336120401337795,HELPS
wfg1_m3,WFG1,3,12,WFG,0.05,NOT_HELPS,30,0.3633673469387755,0.36867346938775514,NOT_HELPS
wfg1_m3,WFG1,3,12,WFG,0.1,NOT_HELPS,30,0.283939393939394,0.30393939393939395,NOT_HELPS
wfg1_m3,WFG1,3,12,WFG,0.15,NOT_HELPS,30,0.2411744966442953,0.26036912751677854,NOT_HELPS
wfg1_m3,WFG1,3,12,WFG,0.2,NOT_HELPS,30,0.2063316582914573,0.23304020100502515,NOT_HELPS
wfg1_m3,WFG1,3,12,WFG,0.25,NOT_HELPS,30,0.18202811244979922,0.21138554216867472,NOT_HELPS
wfg1_m3,WFG1,3,12,WFG,0.3,NOT_HELPS,30,0.16563545150501674,0.19369565217391302,NOT_HELPS
wfg2_m3,WFG2,3,12,WFG,0.05,NOT_HELPS,30,0.3103061224489796,0.32142857142857145,NOT_HELPS
wfg2_m3,WFG2,3,12,WFG,0.1,NOT_HELPS,30,0.2576767676767677,0.2692424242424243,NOT_HELPS
wfg2_m3,WFG2,3,12,WFG,0.15,NOT_HELPS,30,0.23526845637583893,0.24567114093959733,NOT_HELPS
wfg2_m3,WFG2,3,12,WFG,0.2,NOT_HELPS,30,0.2218844221105528,0.23155778894472365,NOT_HELPS
wfg2_m3,WFG2,3,12,WFG,0.25,NOT_HELPS,30,0.211285140562249,0.22253012048192772,NOT_HELPS
wfg2_m3,WFG2,3,12,WFG,0.3,NOT_HELPS,30,0.20550167224080265,0.2167725752508361,NOT_HELPS
wfg3_m3,WFG3,3,12,WFG,0.05,HELPS,30,0.2606122448979592,0.27418367346938777,HELPS
wfg3_m3,WFG3,3,12,WFG,0.1,HELPS,30,0.2320707070707071,0.25095959595959594,HELPS
wfg3_m3,WFG3,3,12,WFG,0.15,HELPS,30,0.22053691275167786,0.2405704697986577,HELPS
wfg3_m3,WFG3,3,12,WFG,0.2,HELPS,30,0.21402010050251252,0.2347989949748744,HELPS
wfg3_m3,WFG3,3,12,WFG,0.25,HELPS,30,0.20937751004016064,0.23178714859437752,HELPS
wfg3_m3,WFG3,3,12,WFG,0.3,HELPS,30,0.20608695652173914,0.23043478260869565,HELPS
wfg4_m3,WFG4,3,12,WFG,0.05,HELPS,30,0.2702040816326531,0.2916326530612245,HELPS
wfg4_m3,WFG4,3,12,WFG,0.1,HELPS,30,0.2391919191919192,0.2608080808080808,HELPS
wfg4_m3,WFG4,3,12,WFG,0.15,HELPS,30,0.22624161073825505,0.2493959731543624,HELPS
wfg4_m3,WFG4,3,12,WFG,0.2,HELPS,30,0.22045226130653267,0.2431155778894472,HELPS
wfg4_m3,WFG4,3,12,WFG,0.25,HELPS,30,0.216004016064257,0.2388955823293173,HELPS
wfg4_m3,WFG4,3,12,WFG,0.3,HELPS,30,0.21339464882943143,0.2356521739130435,HELPS
wfg5_m3,WFG5,3,12,WFG,0.05,HELPS,30,0.30744897959183676,0.32234693877551024,HELPS
wfg5_m3,WFG5,3,12,WFG,0.1,HELPS,30,0.2687373737373738,0.287979797979798,HELPS
wfg5_m3,WFG5,3,12,WFG,0.15,HELPS,30,0.25281879194630874,0.27526845637583897,HELPS
wfg5_m3,WFG5,3,12,WFG,0.2,HELPS,30,0.24685929648241212,0.2700753768844222,HELPS
wfg5_m3,WFG5,3,12,WFG,0.25,HELPS,30,0.2434136546184739,0.26654618473895586,HELPS
wfg5_m3,WFG5,3,12,WFG,0.3,HELPS,30,0.24168896321070235,0.26426421404682277,HELPS
wfg6_m3,WFG6,3,12,WFG,0.05,NOT_HELPS,30,0.2843877551020408,0.2860204081632653,NOT_HELPS
wfg6_m3,WFG6,3,12,WFG,0.1,NOT_HELPS,30,0.2401010101010101,0.2454040404040404,NOT_HELPS
wfg6_m3,WFG6,3,12,WFG,0.15,NOT_HELPS,30,0.2232214765100671,0.2299664429530201,NOT_HELPS
wfg6_m3,WFG6,3,12,WFG,0.2,NOT_HELPS,30,0.21525125628140704,0.221105527638191,NOT_HELPS
wfg6_m3,WFG6,3,12,WFG,0.25,NOT_HELPS,30,0.20967871485943773,0.2173895582329317,NOT_HELPS
wfg6_m3,WFG6,3,12,WFG,0.3,NOT_HELPS,30,0.20548494983277588,0.2147826086956522,NOT_HELPS
wfg7_m3,WFG7,3,12,WFG,0.05,HELPS,30,0.296734693877551,0.31,HELPS
wfg7_m3,WFG7,3,12,WFG,0.1,HELPS,30,0.2668686868686869,0.28500000000000003,HELPS
wfg7_m3,WFG7,3,12,WFG,0.15,HELPS,30,0.2542281879194631,0.27493288590604026,HELPS
wfg7_m3,WFG7,3,12,WFG,0.2,HELPS,30,0.2471859296482412,0.27017587939698495,HELPS
wfg7_m3,WFG7,3,12,WFG,0.25,HELPS,30,0.2426305220883534,0.2666465863453816,HELPS
wfg7_m3,WFG7,3,12,WFG,0.3,HELPS,30,0.23989966555183947,0.26438127090301006,HELPS
wfg8_m3,WFG8,3,12,WFG,0.05,HELPS,30,0.2609183673469388,0.28224489795918367,HELPS
wfg8_m3,WFG8,3,12,WFG,0.1,HELPS,30,0.21489898989898987,0.2398989898989899,HELPS
wfg8_m3,WFG8,3,12,WFG,0.15,HELPS,30,0.19157718120805367,0.2189261744966443,HELPS
wfg8_m3,WFG8,3,12,WFG,0.2,HELPS,30,0.17821608040201004,0.20718592964824117,HELPS
wfg8_m3,WFG8,3,12,WFG,0.25,HELPS,30,0.17052208835341365,0.20012048192771084,HELPS
wfg8_m3,WFG8,3,12,WFG,0.3,HELPS,30,0.1638628762541806,0.19391304347826083,HELPS
wfg9_m3,WFG9,3,12,WFG,0.05,HELPS,30,0.2624489795918367,0.2811224489795918,HELPS
wfg9_m3,WFG9,3,12,WFG,0.1,HELPS,30,0.23424242424242425,0.26262626262626265,HELPS
wfg9_m3,WFG9,3,12,WFG,0.15,HELPS,30,0.2247986577181208,0.25791946308724834,HELPS
wfg9_m3,WFG9,3,12,WFG,0.2,HELPS,30,0.2185175879396985,0.25407035175879394,HELPS
wfg9_m3,WFG9,3,12,WFG,0.25,HELPS,30,0.2151606425702811,0.25297188755020084,HELPS
wfg9_m3,WFG9,3,12,WFG,0.3,HELPS,30,0.2120066889632107,0.2518060200668896,HELPS
maf1_m3,MaF1,3,12,MaF,0.05,HELPS,30,0.3304081632653061,0.346734693877551,HELPS
maf1_m3,MaF1,3,12,MaF,0.1,HELPS,30,0.28030303030303033,0.3018181818181819,HELPS
maf1_m3,MaF1,3,12,MaF,0.15,HELPS,30,0.26093959731543626,0.28560402684563757,HELPS
maf1_m3,MaF1,3,12,MaF,0.2,HELPS,30,0.251356783919598,0.27680904522613065,HELPS
maf1_m3,MaF1,3,12,MaF,0.25,HELPS,30,0.24520080321285143,0.27120481927710843,HELPS
maf1_m3,MaF1,3,12,MaF,0.3,HELPS,30,0.24073578595317727,0.26744147157190634,HELPS
maf2_m3,MaF2,3,12,MaF,0.05,HELPS,30,0.2846938775510204,0.308469387755102,HELPS
maf2_m3,MaF2,3,12,MaF,0.1,HELPS,30,0.27075757575757575,0.2965151515151515,HELPS
maf2_m3,MaF2,3,12,MaF,0.15,HELPS,30,0.26536912751677855,0.2926174496644295,HELPS
maf2_m3,MaF2,3,12,MaF,0.2,HELPS,30,0.2635427135678392,0.28964824120603017,HELPS
maf2_m3,MaF2,3,12,MaF,0.25,HELPS,30,0.2616666666666667,0.2890963855421687,HELPS
maf2_m3,MaF2,3,12,MaF,0.3,HELPS,30,0.2606521739130435,0.2882775919732442,HELPS
maf3_m3,MaF3,3,12,MaF,0.05,HELPS,30,0.4094897959183673,0.3310204081632653,HELPS
maf3_m3,MaF3,3,12,MaF,0.1,HELPS,30,0.3537878787878789,0.30252525252525253,HELPS
maf3_m3,MaF3,3,12,MaF,0.15,HELPS,30,0.322751677852349,0.28134228187919463,HELPS
maf3_m3,MaF3,3,12,MaF,0.2,HELPS,30,0.29974874371859295,0.26520100502512567,HELPS
maf3_m3,MaF3,3,12,MaF,0.25,HELPS,30,0.2847590361445783,0.253293172690763,HELPS
maf3_m3,MaF3,3,12,MaF,0.3,HELPS,30,0.26795986622073575,0.24006688963210704,HELPS
maf4_m3,MaF4,3,12,MaF,0.05,HELPS,30,0.35255102040816333,0.30397959183673473,HELPS
maf4_m3,MaF4,3,12,MaF,0.1,HELPS,30,0.29045454545454547,0.26616161616161615,HELPS
maf4_m3,MaF4,3,12,MaF,0.15,HELPS,30,0.26724832214765104,0.24419463087248322,HELPS
maf4_m3,MaF4,3,12,MaF,0.2,HELPS,30,0.25120603015075377,0.23409547738693468,HELPS
maf4_m3,MaF4,3,12,MaF,0.25,HELPS,30,0.2427309236947791,0.22377510040160642,HELPS
maf4_m3,MaF4,3,12,MaF,0.3,HELPS,30,0.2318896321070234,0.2125083612040134,HELPS
maf5_m3,MaF5,3,12,MaF,0.05,NOT_HELPS,30,0.3513265306122449,0.3594897959183674,NOT_HELPS
maf5_m3,MaF5,3,12,MaF,0.1,NOT_HELPS,30,0.2825252525252525,0.3015656565656566,NOT_HELPS
maf5_m3,MaF5,3,12,MaF,0.15,NOT_HELPS,30,0.25714765100671144,0.2828859060402685,NOT_HELPS
maf5_m3,MaF5,3,12,MaF,0.2,NOT_HELPS,30,0.24537688442211059,0.27266331658291465,NOT_HELPS
maf5_m3,MaF5,3,12,MaF,0.25,NOT_HELPS,30,0.23821285140562248,0.26576305220883534,NOT_HELPS
maf5_m3,MaF5,3,12,MaF,0.3,NOT_HELPS,30,0.23299331103678933,0.2613545150501672,NOT_HELPS
maf6_m3,MaF6,3,12,MaF,0.05,HELPS,30,0.4791836734693877,0.45173469387755105,HELPS
maf6_m3,MaF6,3,12,MaF,0.1,HELPS,30,0.33202020202020205,0.32272727272727275,HELPS
maf6_m3,MaF6,3,12,MaF,0.15,HELPS,30,0.271510067114094,0.26372483221476506,HELPS
maf6_m3,MaF6,3,12,MaF,0.2,HELPS,30,0.24095477386934674,0.23409547738693468,HELPS
maf6_m3,MaF6,3,12,MaF,0.25,HELPS,30,0.22265060240963858,0.21586345381526104,HELPS
maf6_m3,MaF6,3,12,MaF,0.3,HELPS,30,0.20994983277591975,0.20264214046822743,HELPS
maf7_m3,MaF7,3,22,MaF,0.05,HELPS,30,0.466734693877551,0.45693877551020406,HELPS
maf7_m3,MaF7,3,22,MaF,0.1,HELPS,30,0.3802525252525253,0.37656565656565655,HELPS
maf7_m3,MaF7,3,22,MaF,0.15,HELPS,30,0.3366778523489933,0.33986577181208055,HELPS
maf7_m3,MaF7,3,22,MaF,0.2,HELPS,30,0.31027638190954776,0.3170100502512563,HELPS
maf7_m3,MaF7,3,22,MaF,0.25,HELPS,30,0.293433734939759,0.30301204819277106,HELPS
maf7_m3,MaF7,3,22,MaF,0.3,HELPS,30,0.2820903010033444,0.29336120401337795,HELPS
rwmop9_m2,RWMOP9,2,4,Other,0.05,,30,0.2160204081632653,0.23959183673469386,
rwmop9_m2,RWMOP9,2,4,Other,0.1,,30,0.16954545454545455,0.19484848484848483,
rwmop9_m2,RWMOP9,2,4,Other,0.15,,30,0.15221476510067114,0.17906040268456375,
rwmop9_m2,RWMOP9,2,4,Other,0.2,,30,0.1424371859296482,0.17115577889447237,
rwmop9_m2,RWMOP9,2,4,Other,0.25,,30,0.1370883534136546,0.16586345381526102,
rwmop9_m2,RWMOP9,2,4,Other,0.3,,30,0.13317725752508364,0.16255852842809365,
