analysis_mode,comparison,ivf_algo,base_algo,problem,M,group,metric,test,n_ivf,n_base,n_pairs,p_value,a12_raw,a12_ivf,median_ivf,median_base,p_adj,significant,sign
primary_paired,IVFNSGAIII_vs_NSGAIII,IVFNSGAIII,NSGAIII,DTLZ1,2,DTLZ,HV,wilcoxon,30,30,30,0.022098854184150696,0.7266666666666667,0.7266666666666667,0.5825978368064713,0.5825539803608724,0.04900180710398633,True,+
primary_paired,IVFNSGAIII_vs_NSGAIII,IVFNSGAIII,NSGAIII,DTLZ2,2,DTLZ,HV,wilcoxon,30,30,30,1.6391277313232422e-07,0.91,0.91,0.3472151609066939,0.34721512214504147,2.7865171432495117e-06,True,+
primary_paired,IVFNSGAIII_vs_NSGAIII,IVFNSGAIII,NSGAIII,DTLZ3,2,DTLZ,HV,wilcoxon,30,30,30,0.0061949919909238815,0.7855555555555556,0.7855555555555556,0.3469028087493429,0.3458261364180312,0.021062972769141198,True,+
primary_paired,IVFNSGAIII_vs_NSGAIII,IVFNSGAIII,NSGAIII,DTLZ4,2,DTLZ,HV,wilcoxon,30,30,30,0.052263347432017326,0.7322222222222222,0.7322222222222222,0.34721512854530867,0.34721504692718613,0.09519395425117441,False,=
primary_paired,IVFNSGAIII_vs_NSGAIII,IVFNSGAIII,NSGAIII,DTLZ5,2,DTLZ,HV,wilcoxon,30,30,30,4.6566128730773926e-08,0.9466666666666667,0.9466666666666667,0.34721516265874225,0.34721511004695144,1.1874362826347351e-06,True,+
primary_paired,IVFNSGAIII_vs_NSGAIII,IVFNSGAIII,NSGAIII,DTLZ6,2,DTLZ,HV,wilcoxon,30,30,30,0.6701805889606476,0.5622222222222222,0.5622222222222222,0.34721516468515234,0.3472151579376018,0.7433489518676033,False,=
primary_paired,IVFNSGAIII_vs_NSGAIII,IVFNSGAIII,NSGAIII,DTLZ7,2,DTLZ,HV,wilcoxon,30,30,30,0.022098854184150696,0.6766666666666666,0.6766666666666666,0.24281188004633258,0.2428062095304348,0.04900180710398633,True,+
primary_paired,IVFNSGAIII_vs_NSGAIII,IVFNSGAIII,NSGAIII,MaF1,2,MaF,HV,wilcoxon,30,30,30,5.587935447692871e-09,0.99,0.99,0.5826020504464389,0.5826020289337592,2.849847078323364e-07,True,+
primary_paired,IVFNSGAIII_vs_NSGAIII,IVFNSGAIII,NSGAIII,MaF2,2,MaF,HV,wilcoxon,30,30,30,9.90256667137146e-05,0.9355555555555556,0.9355555555555556,0.20756504160064565,0.20755925120627466,0.0005611454447110493,True,+
primary_paired,IVFNSGAIII_vs_NSGAIII,IVFNSGAIII,NSGAIII,MaF3,2,MaF,HV,wilcoxon,30,30,30,1.0609626770019531e-05,0.8411111111111111,0.8411111111111111,0.7198232240445563,0.7184319186490038,9.018182754516602e-05,True,+
primary_paired,IVFNSGAIII_vs_NSGAIII,IVFNSGAIII,NSGAIII,MaF4,2,MaF,HV,wilcoxon,30,30,30,0.0002562887966632843,0.8,0.8,0.8181862664320283,0.8178338156221818,0.0011882480572570453,True,+
primary_paired,IVFNSGAIII_vs_NSGAIII,IVFNSGAIII,NSGAIII,MaF5,2,MaF,HV,wilcoxon,30,30,30,0.03841841779649258,0.7655555555555555,0.7655555555555555,0.34721514867462616,0.34721506410880976,0.07837357230484486,False,=
primary_paired,IVFNSGAIII_vs_NSGAIII,IVFNSGAIII,NSGAIII,MaF6,2,MaF,HV,wilcoxon,30,30,30,3.453157842159271e-05,0.8733333333333333,0.8733333333333333,0.34721508885451746,0.3472144578757774,0.00022013881243765354,True,+
primary_paired,IVFNSGAIII_vs_NSGAIII,IVFNSGAIII,NSGAIII,MaF7,2,MaF,HV,wilcoxon,30,30,30,0.00993151031434536,0.6822222222222222,0.6822222222222222,0.24281809774020935,0.2428082812641091,0.031656689126975834,True,+
primary_paired,IVFNSGAIII_vs_NSGAIII,IVFNSGAIII,NSGAIII,WFG1,2,WFG,HV,wilcoxon,30,30,30,0.15794767439365387,0.41333333333333333,0.41333333333333333,0.668511012902681,0.6711042087835369,0.24410095133564688,False,=
primary_paired,IVFNSGAIII_vs_NSGAIII,IVFNSGAIII,NSGAIII,WFG2,2,WFG,HV,wilcoxon,30,30,30,3.1478703022003174e-07,0.8922222222222222,0.8922222222222222,0.6326755177724677,0.6322853062873091,4.013534635305405e-06,True,+
primary_paired,IVFNSGAIII_vs_NSGAIII,IVFNSGAIII,NSGAIII,WFG3,2,WFG,HV,wilcoxon,30,30,30,0.01453801617026329,0.6833333333333333,0.6833333333333333,0.5823501329220049,0.5822540313857585,0.03707194123417139,True,+
primary_paired,IVFNSGAIII_vs_NSGAIII,IVFNSGAIII,NSGAIII,WFG4,2,WFG,HV,wilcoxon,30,30,30,0.011303061619400978,0.2777777777777778,0.2777777777777778,0.3472073285507975,0.34721352099766256,0.033909184858202934,True,-
primary_paired,IVFNSGAIII_vs_NSGAIII,IVFNSGAIII,NSGAIII,WFG5,2,WFG,HV,wilcoxon,30,30,30,0.7000329215079546,0.43,0.43,0.3133736311166976,0.31337735246057363,0.7437849791022018,False,=
primary_paired,IVFNSGAIII_vs_NSGAIII,IVFNSGAIII,NSGAIII,WFG6,2,WFG,HV,wilcoxon,30,30,30,0.004338232800364494,0.6877777777777778,0.6877777777777778,0.30873409666013163,0.30017169248964864,0.017019220986045323,True,+
primary_paired,IVFNSGAIII_vs_NSGAIII,IVFNSGAIII,NSGAIII,WFG7,2,WFG,HV,wilcoxon,30,30,30,0.049710121005773544,0.35,0.35,0.347171516140177,0.34717852470784183,0.0938968952331278,False,=
primary_paired,IVFNSGAIII_vs_NSGAIII,IVFNSGAIII,NSGAIII,WFG8,2,WFG,HV,wilcoxon,30,30,30,0.049710121005773544,0.35555555555555557,0.35555555555555557,0.29033939686100707,0.2907156034283732,0.0938968952331278,False,=
primary_paired,IVFNSGAIII_vs_NSGAIII,IVFNSGAIII,NSGAIII,WFG9,2,WFG,HV,wilcoxon,30,30,30,0.09194962680339813,0.38333333333333336,0.38333333333333336,0.3434266984844626,0.3435935545864371,0.15127196667655823,False,=
primary_paired,IVFNSGAIII_vs_NSGAIII,IVFNSGAIII,NSGAIII,ZDT1,2,ZDT,HV,wilcoxon,30,30,30,0.3598779272288084,0.49444444444444446,0.49444444444444446,0.7203052690849581,0.7203053020813104,0.4706095971453649,False,=
primary_paired,IVFNSGAIII_vs_NSGAIII,IVFNSGAIII,NSGAIII,ZDT2,2,ZDT,HV,wilcoxon,30,30,30,0.00018860027194023132,0.8422222222222222,0.8422222222222222,0.4450337815902556,0.4450337483016913,0.0009618613868951798,True,+
primary_paired,IVFNSGAIII_vs_NSGAIII,IVFNSGAIII,NSGAIII,ZDT3,2,ZDT,HV,wilcoxon,30,30,30,0.5561132747679949,0.4677777777777778,0.4677777777777778,0.5987946727571245,0.5988029262461949,0.659576209608552,False,=
primary_paired,IVFNSGAIII_vs_NSGAIII,IVFNSGAIII,NSGAIII,ZDT4,2,ZDT,HV,wilcoxon,30,30,30,0.12413446232676506,0.6877777777777778,0.6877777777777778,0.7202474577521819,0.7201357290845001,0.19783929933328182,False,=
primary_paired,IVFNSGAIII_vs_NSGAIII,IVFNSGAIII,NSGAIII,ZDT6,2,ZDT,HV,wilcoxon,30,30,30,0.03272089920938015,0.3522222222222222,0.3522222222222222,0.3889558328131574,0.38895584845053877,0.06953191081993282,False,=
primary_paired,IVFNSGAIII_vs_NSGAIII,IVFNSGAIII,NSGAIII,DTLZ1,3,DTLZ,HV,wilcoxon,30,30,30,0.21293285302817822,0.6077777777777778,0.6077777777777778,0.8416944493697881,0.8416605960761334,0.3193992795422673,False,=
primary_paired,IVFNSGAIII_vs_NSGAIII,IVFNSGAIII,NSGAIII,DTLZ2,3,DTLZ,HV,wilcoxon,30,30,30,0.01283373311161995,0.6688888888888889,0.6688888888888889,0.5596174752916512,0.5596163119758173,0.03636224381625652,True,+
primary_paired,IVFNSGAIII_vs_NSGAIII,IVFNSGAIII,NSGAIII,DTLZ3,3,DTLZ,HV,wilcoxon,30,30,30,0.004031794145703316,0.7177777777777777,0.7177777777777777,0.5585349415255345,0.5564411100450095,0.017019220986045323,True,+
primary_paired,IVFNSGAIII_vs_NSGAIII,IVFNSGAIII,NSGAIII,DTLZ4,3,DTLZ,HV,wilcoxon,30,30,30,0.07324407435953617,0.6133333333333333,0.6133333333333333,0.5595843020953473,0.5595440676141654,0.12880854456332225,False,=
primary_paired,IVFNSGAIII_vs_NSGAIII,IVFNSGAIII,NSGAIII,DTLZ5,3,DTLZ,HV,wilcoxon,30,30,30,0.9032264724373817,0.5011111111111111,0.5011111111111111,0.193935815895589,0.19375424082389026,0.9032264724373817,False,=
primary_paired,IVFNSGAIII_vs_NSGAIII,IVFNSGAIII,NSGAIII,DTLZ6,3,DTLZ,HV,wilcoxon,30,30,30,0.685047073289752,0.5144444444444445,0.5144444444444445,0.19117154951378104,0.19120780002120574,0.7433489518676033,False,=
primary_paired,IVFNSGAIII_vs_NSGAIII,IVFNSGAIII,NSGAIII,DTLZ7,3,DTLZ,HV,wilcoxon,30,30,30,0.8871948085725307,0.4988888888888889,0.4988888888888889,0.2685312912923976,0.268631099818202,0.9032264724373817,False,=
primary_paired,IVFNSGAIII_vs_NSGAIII,IVFNSGAIII,NSGAIII,MaF1,3,MaF,HV,wilcoxon,30,30,30,0.23665234446525574,0.39111111111111113,0.39111111111111113,0.20553657259759106,0.2061166416772425,0.34483627336365835,False,=
primary_paired,IVFNSGAIII_vs_NSGAIII,IVFNSGAIII,NSGAIII,MaF2,3,MaF,HV,wilcoxon,30,30,30,0.8871948085725307,0.5122222222222222,0.5122222222222222,0.23766449266645864,0.2378329103043074,0.9032264724373817,False,=
primary_paired,IVFNSGAIII_vs_NSGAIII,IVFNSGAIII,NSGAIII,MaF3,3,MaF,HV,wilcoxon,30,30,30,1.3966113328933716e-05,0.8366666666666667,0.8366666666666667,0.9581228679193102,0.9574562117510261,0.00010175311139651706,True,+
primary_paired,IVFNSGAIII_vs_NSGAIII,IVFNSGAIII,NSGAIII,MaF4,3,MaF,HV,wilcoxon,30,30,30,0.005382779985666275,0.7344444444444445,0.7344444444444445,0.5181857165715358,0.5144105932914036,0.019608698519212858,True,+
primary_paired,IVFNSGAIII_vs_NSGAIII,IVFNSGAIII,NSGAIII,MaF5,3,MaF,HV,wilcoxon,30,30,30,0.2621222734451294,0.4388888888888889,0.4388888888888889,0.5595956297651419,0.5596037264296225,0.36130367420815135,False,=
primary_paired,IVFNSGAIII_vs_NSGAIII,IVFNSGAIII,NSGAIII,MaF6,3,MaF,HV,wilcoxon,30,30,30,0.6263462882488966,0.5522222222222222,0.5522222222222222,0.19274410990183635,0.19257299972161265,0.7259922886521301,False,=
primary_paired,IVFNSGAIII_vs_NSGAIII,IVFNSGAIII,NSGAIII,MaF7,3,MaF,HV,wilcoxon,30,30,30,0.5425279382616282,0.4444444444444444,0.4444444444444444,0.2685845299319771,0.26902508341316234,0.659576209608552,False,=
primary_paired,IVFNSGAIII_vs_NSGAIII,IVFNSGAIII,NSGAIII,WFG1,3,WFG,HV,wilcoxon,30,30,30,0.01453801617026329,0.31555555555555553,0.31555555555555553,0.9429145978030158,0.9434269145742704,0.03707194123417139,True,-
primary_paired,IVFNSGAIII_vs_NSGAIII,IVFNSGAIII,NSGAIII,WFG2,3,WFG,HV,wilcoxon,30,30,30,0.24494642950594425,0.43777777777777777,0.43777777777777777,0.9312861772616066,0.9313651804750902,0.3470074418000877,False,=
primary_paired,IVFNSGAIII_vs_NSGAIII,IVFNSGAIII,NSGAIII,WFG3,3,WFG,HV,wilcoxon,30,30,30,0.3492113798856735,0.4533333333333333,0.4533333333333333,0.387030040461538,0.386887071799089,0.4686784308991934,False,=
primary_paired,IVFNSGAIII_vs_NSGAIII,IVFNSGAIII,NSGAIII,WFG4,3,WFG,HV,wilcoxon,30,30,30,0.07672121562063694,0.3111111111111111,0.3111111111111111,0.5589054395850545,0.5589971317610377,0.1304260665550828,False,=
primary_paired,IVFNSGAIII_vs_NSGAIII,IVFNSGAIII,NSGAIII,WFG5,3,WFG,HV,wilcoxon,30,30,30,0.685047073289752,0.44,0.44,0.5184351902797271,0.5184368267165629,0.7433489518676033,False,=
primary_paired,IVFNSGAIII_vs_NSGAIII,IVFNSGAIII,NSGAIII,WFG6,3,WFG,HV,wilcoxon,30,30,30,1.6838312149047852e-06,0.7933333333333333,0.7933333333333333,0.5151779524770288,0.5054230308341574,1.7175078392028807e-05,True,+
primary_paired,IVFNSGAIII_vs_NSGAIII,IVFNSGAIII,NSGAIII,WFG7,3,WFG,HV,wilcoxon,30,30,30,0.5561132747679949,0.44222222222222224,0.44222222222222224,0.5585400499589875,0.5585790315842232,0.659576209608552,False,=
primary_paired,IVFNSGAIII_vs_NSGAIII,IVFNSGAIII,NSGAIII,WFG8,3,WFG,HV,wilcoxon,30,30,30,0.40449450351297855,0.5344444444444445,0.5344444444444445,0.47369777673148994,0.47342609003187053,0.5157304919790476,False,=
primary_paired,IVFNSGAIII_vs_NSGAIII,IVFNSGAIII,NSGAIII,WFG9,3,WFG,HV,wilcoxon,30,30,30,0.017453668639063835,0.69,0.69,0.5388331757732249,0.5371137060956107,0.0423874809805836,True,+
primary_paired,IVFNSGAIII_vs_NSGAIII,IVFNSGAIII,NSGAIII,DTLZ1,2,DTLZ,IGD,wilcoxon,30,30,30,0.0021877754479646683,0.20333333333333334,0.7966666666666666,0.0017853263971455,0.0017860342030849,0.00929804565384984,True,+
primary_paired,IVFNSGAIII_vs_NSGAIII,IVFNSGAIII,NSGAIII,DTLZ2,2,DTLZ,IGD,wilcoxon,30,30,30,1.862645149230957e-09,0.0,1.0,0.0039658782972563505,0.003966037678771,1.899898052215576e-08,True,+
primary_paired,IVFNSGAIII_vs_NSGAIII,IVFNSGAIII,NSGAIII,DTLZ3,2,DTLZ,IGD,wilcoxon,30,30,30,0.013663241639733315,0.24,0.76,0.003992677891399,0.004221532596863999,0.04355158272664994,True,+
primary_paired,IVFNSGAIII_vs_NSGAIII,IVFNSGAIII,NSGAIII,DTLZ4,2,DTLZ,IGD,wilcoxon,30,30,30,0.02084985189139843,0.17444444444444446,0.8255555555555556,0.00396587800767795,0.00396614944577285,0.048333747566423634,True,+
primary_paired,IVFNSGAIII_vs_NSGAIII,IVFNSGAIII,NSGAIII,DTLZ5,2,DTLZ,IGD,wilcoxon,30,30,30,1.862645149230957e-09,0.0,1.0,0.0039658783353843,0.0039660358374029,1.899898052215576e-08,True,+
primary_paired,IVFNSGAIII_vs_NSGAIII,IVFNSGAIII,NSGAIII,DTLZ6,2,DTLZ,IGD,wilcoxon,30,30,30,1.862645149230957e-09,0.0,1.0,0.00396587390878545,0.0039659708133419,1.899898052215576e-08,True,+
primary_paired,IVFNSGAIII_vs_NSGAIII,IVFNSGAIII,NSGAIII,DTLZ7,2,DTLZ,IGD,wilcoxon,30,30,30,0.017453668639063835,0.33444444444444443,0.6655555555555556,0.0050737431736110495,0.005099293316237,0.04450685502961278,True,+
primary_paired,IVFNSGAIII_vs_NSGAIII,IVFNSGAIII,NSGAIII,MaF1,2,MaF,IGD,wilcoxon,30,30,30,1.862645149230957e-09,0.0,1.0,0.0035705739461352,0.0035707083461242,1.899898052215576e-08,True,+
primary_paired,IVFNSGAIII_vs_NSGAIII,IVFNSGAIII,NSGAIII,MaF2,2,MaF,IGD,wilcoxon,30,30,30,9.90256667137146e-05,0.07666666666666666,0.9233333333333333,0.00200625605064425,0.0020068601352535497,0.0005050309002399445,True,+
primary_paired,IVFNSGAIII_vs_NSGAIII,IVFNSGAIII,NSGAIII,MaF3,2,MaF,IGD,wilcoxon,30,30,30,7.994472980499268e-06,0.15,0.85,0.0059987980298251,0.0065322656606685,4.5302013556162514e-05,True,+
primary_paired,IVFNSGAIII_vs_NSGAIII,IVFNSGAIII,NSGAIII,MaF4,2,MaF,IGD,wilcoxon,30,30,30,0.01453801617026329,0.2966666666666667,0.7033333333333334,0.0349873963936281,0.0351683950047435,0.04361404851078987,True,+
primary_paired,IVFNSGAIII_vs_NSGAIII,IVFNSGAIII,NSGAIII,MaF5,2,MaF,IGD,wilcoxon,30,30,30,0.0007296018302440643,0.09777777777777778,0.9022222222222223,0.0122304875256289,0.01223102565867675,0.0033826993947679343,True,+
primary_paired,IVFNSGAIII_vs_NSGAIII,IVFNSGAIII,NSGAIII,MaF6,2,MaF,IGD,wilcoxon,30,30,30,1.862645149230957e-09,0.0,1.0,0.0039658814126353,0.0039660811795808,1.899898052215576e-08,True,+
primary_paired,IVFNSGAIII_vs_NSGAIII,IVFNSGAIII,NSGAIII,MaF7,2,MaF,IGD,wilcoxon,30,30,30,0.018529480323195457,0.33555555555555555,0.6644444444444444,0.0050405620910281505,0.0050737700936544505,0.04500016649918897,True,+
primary_paired,IVFNSGAIII_vs_NSGAIII,IVFNSGAIII,NSGAIII,WFG1,2,WFG,IGD,wilcoxon,30,30,30,0.10943205840885639,0.5822222222222222,0.4177777777777778,0.09725139722017184,0.08997286189720895,0.19244948202936815,False,=
primary_paired,IVFNSGAIII_vs_NSGAIII,IVFNSGAIII,NSGAIII,WFG2,2,WFG,IGD,wilcoxon,30,30,30,0.5698575973510742,0.48444444444444446,0.5155555555555555,0.01393081316440385,0.01391687131393945,0.6919699396405902,False,=
primary_paired,IVFNSGAIII_vs_NSGAIII,IVFNSGAIII,NSGAIII,WFG3,2,WFG,IGD,wilcoxon,30,30,30,0.016431212425231934,0.31222222222222223,0.6877777777777778,0.01132071761216705,0.0113425980134316,0.04450685502961278,True,+
primary_paired,IVFNSGAIII_vs_NSGAIII,IVFNSGAIII,NSGAIII,WFG4,2,WFG,IGD,wilcoxon,30,30,30,0.935398668050766,0.41444444444444445,0.5855555555555556,0.012232473607895401,0.012232616422874851,0.9870270489156246,False,=
primary_paired,IVFNSGAIII_vs_NSGAIII,IVFNSGAIII,NSGAIII,WFG5,2,WFG,IGD,wilcoxon,30,30,30,1.0,0.58,0.42000000000000004,0.06337149012799184,0.06336994243206026,1.0,False,=
primary_paired,IVFNSGAIII_vs_NSGAIII,IVFNSGAIII,NSGAIII,WFG6,2,WFG,IGD,wilcoxon,30,30,30,0.00466480478644371,0.31222222222222223,0.6877777777777778,0.0717330776791116,0.0872921317759421,0.01826023230595248,True,+
primary_paired,IVFNSGAIII_vs_NSGAIII,IVFNSGAIII,NSGAIII,WFG7,2,WFG,IGD,wilcoxon,30,30,30,0.22855282202363014,0.4011111111111111,0.5988888888888889,0.01223346317574075,0.012233981319114299,0.3428292330354452,False,=
primary_paired,IVFNSGAIII_vs_NSGAIII,IVFNSGAIII,NSGAIII,WFG8,2,WFG,IGD,wilcoxon,30,30,30,0.07672121562063694,0.63,0.37,0.10638752069867895,0.10562551497033901,0.15651127986609936,False,=
primary_paired,IVFNSGAIII_vs_NSGAIII,IVFNSGAIII,NSGAIII,WFG9,2,WFG,IGD,wilcoxon,30,30,30,0.10943205840885639,0.6077777777777778,0.39222222222222225,0.014734404807654849,0.01455692861661975,0.19244948202936815,False,=
primary_paired,IVFNSGAIII_vs_NSGAIII,IVFNSGAIII,NSGAIII,ZDT1,2,ZDT,IGD,wilcoxon,30,30,30,0.20540969260036945,0.5488888888888889,0.45111111111111113,0.0038879370449822,0.00388791589295775,0.3379320749231885,False,=
primary_paired,IVFNSGAIII_vs_NSGAIII,IVFNSGAIII,NSGAIII,ZDT2,2,ZDT,IGD,wilcoxon,30,30,30,5.587935447692871e-09,0.03,0.97,0.00380696262440505,0.00380699219437345,4.7497451305389404e-08,True,+
primary_paired,IVFNSGAIII_vs_NSGAIII,IVFNSGAIII,NSGAIII,ZDT3,2,ZDT,IGD,wilcoxon,30,30,30,0.8871948085725307,0.4633333333333333,0.5366666666666666,0.00608562632899685,0.0061160709122258,0.9836290268956319,False,=
primary_paired,IVFNSGAIII_vs_NSGAIII,IVFNSGAIII,NSGAIII,ZDT4,2,ZDT,IGD,wilcoxon,30,30,30,0.25343610532581806,0.31333333333333335,0.6866666666666666,0.003888827440609,0.0038943355057410997,0.3692926106176206,False,=
primary_paired,IVFNSGAIII_vs_NSGAIII,IVFNSGAIII,NSGAIII,ZDT6,2,ZDT,IGD,wilcoxon,30,30,30,0.00577649287879467,0.3277777777777778,0.6722222222222223,0.0030012615661216997,0.0030012735898631,0.01964007578790188,True,+
primary_paired,IVFNSGAIII_vs_NSGAIII,IVFNSGAIII,NSGAIII,DTLZ1,3,DTLZ,IGD,wilcoxon,30,30,30,0.2621222734451294,0.4077777777777778,0.5922222222222222,0.020558964174140652,0.02056161520981165,0.3713398873806,False,=
primary_paired,IVFNSGAIII_vs_NSGAIII,IVFNSGAIII,NSGAIII,DTLZ2,3,DTLZ,IGD,wilcoxon,30,30,30,0.034536734223365784,0.35444444444444445,0.6455555555555555,0.0544639709058104,0.0544641503995398,0.07658145414746326,False,=
primary_paired,IVFNSGAIII_vs_NSGAIII,IVFNSGAIII,NSGAIII,DTLZ3,3,DTLZ,IGD,wilcoxon,30,30,30,0.0050126127898693085,0.2833333333333333,0.7166666666666667,0.05449525248344895,0.0546063861307204,0.01826023230595248,True,+
primary_paired,IVFNSGAIII_vs_NSGAIII,IVFNSGAIII,NSGAIII,DTLZ4,3,DTLZ,IGD,wilcoxon,30,30,30,0.017453668639063835,0.3022222222222222,0.6977777777777778,0.054465152393706195,0.0544712174846049,0.04450685502961278,True,+
primary_paired,IVFNSGAIII_vs_NSGAIII,IVFNSGAIII,NSGAIII,DTLZ5,3,DTLZ,IGD,wilcoxon,30,30,30,0.370740607380867,0.5344444444444445,0.4655555555555555,0.0128576074283162,0.0126101550199901,0.49757292043221624,False,=
primary_paired,IVFNSGAIII_vs_NSGAIII,IVFNSGAIII,NSGAIII,DTLZ6,3,DTLZ,IGD,wilcoxon,30,30,30,0.9515264742076397,0.4855555555555556,0.5144444444444445,0.019015649242571,0.019477480179245547,0.9870270489156246,False,=
primary_paired,IVFNSGAIII_vs_NSGAIII,IVFNSGAIII,NSGAIII,DTLZ7,3,DTLZ,IGD,wilcoxon,30,30,30,0.17059839516878128,0.4122222222222222,0.5877777777777777,0.0757161091490364,0.07738583436072495,0.29001727178692815,False,=
primary_paired,IVFNSGAIII_vs_NSGAIII,IVFNSGAIII,NSGAIII,MaF1,3,MaF,IGD,wilcoxon,30,30,30,0.08793856762349606,0.6222222222222222,0.37777777777777777,0.060966349801351155,0.05983711376662865,0.16610618328882587,False,=
primary_paired,IVFNSGAIII_vs_NSGAIII,IVFNSGAIII,NSGAIII,MaF2,3,MaF,IGD,wilcoxon,30,30,30,0.6120056137442589,0.4766666666666667,0.5233333333333333,0.0359745333030978,0.0359815653190223,0.7258671232780745,False,=
primary_paired,IVFNSGAIII_vs_NSGAIII,IVFNSGAIII,NSGAIII,MaF3,3,MaF,IGD,wilcoxon,30,30,30,2.7623027563095093e-06,0.15666666666666668,0.8433333333333333,0.046315730596277596,0.04696051502703415,1.760968007147312e-05,True,+
primary_paired,IVFNSGAIII_vs_NSGAIII,IVFNSGAIII,NSGAIII,MaF4,3,MaF,IGD,wilcoxon,30,30,30,0.5291051845997572,0.4533333333333333,0.5466666666666666,0.33746818038370974,0.33960477844927983,0.6581552296240882,False,=
primary_paired,IVFNSGAIII_vs_NSGAIII,IVFNSGAIII,NSGAIII,MaF5,3,MaF,IGD,wilcoxon,30,30,30,0.2710056286305189,0.5455555555555556,0.45444444444444443,0.2597580896988205,0.2597744172277292,0.3735482989231477,False,=
primary_paired,IVFNSGAIII_vs_NSGAIII,IVFNSGAIII,NSGAIII,MaF6,3,MaF,IGD,wilcoxon,30,30,30,0.6554384250193834,0.48444444444444446,0.5155555555555555,0.0150425254671798,0.01568062430432985,0.7597127199088307,False,=
primary_paired,IVFNSGAIII_vs_NSGAIII,IVFNSGAIII,NSGAIII,MaF7,3,MaF,IGD,wilcoxon,30,30,30,0.5158484429121017,0.43444444444444447,0.5655555555555556,0.07707450227892679,0.07715833975814146,0.6581552296240882,False,=
primary_paired,IVFNSGAIII_vs_NSGAIII,IVFNSGAIII,NSGAIII,WFG1,3,WFG,IGD,wilcoxon,30,30,30,0.06666470877826214,0.6022222222222222,0.3977777777777778,0.14822488957280328,0.14807084432823736,0.14166250615380704,False,=
primary_paired,IVFNSGAIII_vs_NSGAIII,IVFNSGAIII,NSGAIII,WFG2,3,WFG,IGD,wilcoxon,30,30,30,0.8078304156661034,0.4711111111111111,0.528888888888889,0.1644808222367961,0.16475953705354796,0.9155411377549172,False,=
primary_paired,IVFNSGAIII_vs_NSGAIII,IVFNSGAIII,NSGAIII,WFG3,3,WFG,IGD,wilcoxon,30,30,30,0.9676735773682594,0.48,0.52,0.10569325791138605,0.1058570678914655,0.9870270489156246,False,=
primary_paired,IVFNSGAIII_vs_NSGAIII,IVFNSGAIII,NSGAIII,WFG4,3,WFG,IGD,wilcoxon,30,30,30,0.9676735773682594,0.5022222222222222,0.49777777777777776,0.22093086410299467,0.22092809884264908,0.9870270489156246,False,=
primary_paired,IVFNSGAIII_vs_NSGAIII,IVFNSGAIII,NSGAIII,WFG5,3,WFG,IGD,wilcoxon,30,30,30,0.21293285302817822,0.44333333333333336,0.5566666666666666,0.2298827573733389,0.2298838637100314,0.33936173451365903,False,=
primary_paired,IVFNSGAIII_vs_NSGAIII,IVFNSGAIII,NSGAIII,WFG6,3,WFG,IGD,wilcoxon,30,30,30,1.4193356037139893e-06,0.20777777777777778,0.7922222222222222,0.23178447808096309,0.23805717679337518,1.0340873684201921e-05,True,+
primary_paired,IVFNSGAIII_vs_NSGAIII,IVFNSGAIII,NSGAIII,WFG7,3,WFG,IGD,wilcoxon,30,30,30,0.5291051845997572,0.45444444444444443,0.5455555555555556,0.22107502970860216,0.22108237909414624,0.6581552296240882,False,=
primary_paired,IVFNSGAIII_vs_NSGAIII,IVFNSGAIII,NSGAIII,WFG8,3,WFG,IGD,wilcoxon,30,30,30,0.0803273618221283,0.3088888888888889,0.6911111111111111,0.27893233661051864,0.28007919676757664,0.1575652097280209,False,=
primary_paired,IVFNSGAIII_vs_NSGAIII,IVFNSGAIII,NSGAIII,WFG9,3,WFG,IGD,wilcoxon,30,30,30,0.22064675763249397,0.41333333333333333,0.5866666666666667,0.22107751747572205,0.2214139661894858,0.34099953452294524,False,=
primary_paired,IVFNSGAII_vs_NSGAII,IVFNSGAII,NSGAII,DTLZ1,2,DTLZ,HV,wilcoxon,30,30,30,0.7000329215079546,0.5344444444444445,0.5344444444444445,0.5814773247412564,0.5814449342774568,0.8277209299306075,False,=
primary_paired,IVFNSGAII_vs_NSGAII,IVFNSGAII,NSGAII,DTLZ2,2,DTLZ,HV,wilcoxon,30,30,30,0.24494642950594425,0.6022222222222222,0.6022222222222222,0.3465827137061309,0.34650945029598784,0.4626765890667836,False,=
primary_paired,IVFNSGAII_vs_NSGAII,IVFNSGAII,NSGAII,DTLZ3,2,DTLZ,HV,wilcoxon,30,30,30,0.7921590935438871,0.5388888888888889,0.5388888888888889,0.3457084104387934,0.34565181408578033,0.8571923294161655,False,=
primary_paired,IVFNSGAII_vs_NSGAII,IVFNSGAII,NSGAII,DTLZ4,2,DTLZ,HV,wilcoxon,30,30,30,0.21293285302817822,0.5811111111111111,0.5811111111111111,0.3465858658878024,0.3464929320895054,0.43280710150989204,False,=
primary_paired,IVFNSGAII_vs_NSGAII,IVFNSGAII,NSGAII,DTLZ5,2,DTLZ,HV,wilcoxon,30,30,30,0.5561132747679949,0.4666666666666667,0.4666666666666667,0.3465766311257402,0.3466251778427251,0.7648088806553891,False,=
primary_paired,IVFNSGAII_vs_NSGAII,IVFNSGAII,NSGAII,DTLZ6,2,DTLZ,HV,wilcoxon,30,30,30,0.871207794174552,0.5177777777777778,0.5177777777777778,0.3464637536554893,0.34643802349006647,0.8886319500580431,False,=
primary_paired,IVFNSGAII_vs_NSGAII,IVFNSGAII,NSGAII,DTLZ7,2,DTLZ,HV,wilcoxon,30,30,30,0.036434996873140335,0.3233333333333333,0.3233333333333333,0.24266665579794225,0.24269399757250154,0.15484873671084642,False,=
primary_paired,IVFNSGAII_vs_NSGAII,IVFNSGAII,NSGAII,MaF1,2,MaF,HV,wilcoxon,30,30,30,0.9032264724373817,0.4911111111111111,0.4911111111111111,0.5809211803164189,0.5809406010588687,0.9032264724373817,False,=
primary_paired,IVFNSGAII_vs_NSGAII,IVFNSGAII,NSGAII,MaF2,2,MaF,HV,wilcoxon,30,30,30,0.001038169488310814,0.7411111111111112,0.7411111111111112,0.20685605426627457,0.20676634674054356,0.00897676045341151,True,+
primary_paired,IVFNSGAII_vs_NSGAII,IVFNSGAII,NSGAII,MaF3,2,MaF,HV,wilcoxon,30,30,30,0.0635564886033535,0.6655555555555556,0.6655555555555556,0.7185950331214033,0.7179657828190689,0.20258630742318928,False,=
primary_paired,IVFNSGAII_vs_NSGAII,IVFNSGAII,NSGAII,MaF4,2,MaF,HV,wilcoxon,30,30,30,0.1459994912147522,0.4022222222222222,0.4022222222222222,0.8180702208777572,0.8181463875101916,0.3384533659978346,False,=
primary_paired,IVFNSGAII_vs_NSGAII,IVFNSGAII,NSGAII,MaF5,2,MaF,HV,wilcoxon,30,30,30,0.13473508320748806,0.6255555555555555,0.6255555555555555,0.34659850452062313,0.3464344351888292,0.3272137735038996,False,=
primary_paired,IVFNSGAII_vs_NSGAII,IVFNSGAII,NSGAII,MaF6,2,MaF,HV,wilcoxon,30,30,30,0.5698575973510742,0.5633333333333334,0.5633333333333334,0.3470559556972094,0.34705148302035954,0.7648088806553891,False,=
primary_paired,IVFNSGAII_vs_NSGAII,IVFNSGAII,NSGAII,MaF7,2,MaF,HV,wilcoxon,30,30,30,0.17719271034002304,0.4011111111111111,0.4011111111111111,0.24267756526266404,0.24269793345756874,0.3929055751017902,False,=
primary_paired,IVFNSGAII_vs_NSGAII,IVFNSGAII,NSGAII,WFG1,2,WFG,HV,wilcoxon,30,30,30,1.30385160446167e-08,0.9533333333333334,0.9533333333333334,0.6947265363732968,0.693084621396634,6.649643182754517e-07,True,+
primary_paired,IVFNSGAII_vs_NSGAII,IVFNSGAII,NSGAII,WFG2,2,WFG,HV,wilcoxon,30,30,30,4.4075772166252136e-05,0.2,0.2,0.6323764281560327,0.6328904298540571,0.0007492881268262863,True,-
primary_paired,IVFNSGAII_vs_NSGAII,IVFNSGAII,NSGAII,WFG3,2,WFG,HV,wilcoxon,30,30,30,0.017453668639063835,0.2866666666666667,0.2866666666666667,0.5802299198489738,0.5805362570796954,0.09890412228802839,False,=
primary_paired,IVFNSGAII_vs_NSGAII,IVFNSGAII,NSGAII,WFG4,2,WFG,HV,wilcoxon,30,30,30,0.0032229889184236526,0.7466666666666667,0.7466666666666667,0.34668116381381286,0.3465080388509651,0.020546554354950786,True,+
primary_paired,IVFNSGAII_vs_NSGAII,IVFNSGAII,NSGAII,WFG5,2,WFG,HV,wilcoxon,30,30,30,0.4771064817905426,0.5355555555555556,0.5355555555555556,0.3128198670321404,0.31280026150008644,0.7156597226858139,False,=
primary_paired,IVFNSGAII_vs_NSGAII,IVFNSGAII,NSGAII,WFG6,2,WFG,HV,wilcoxon,30,30,30,0.46454504504799843,0.4477777777777778,0.4477777777777778,0.29787763186294147,0.30152734188470276,0.7156597226858139,False,=
primary_paired,IVFNSGAII_vs_NSGAII,IVFNSGAII,NSGAII,WFG7,2,WFG,HV,wilcoxon,30,30,30,0.0012321043759584427,0.7288888888888889,0.7288888888888889,0.3454380670836672,0.3452031941490533,0.00897676045341151,True,+
primary_paired,IVFNSGAII_vs_NSGAII,IVFNSGAII,NSGAII,WFG8,2,WFG,HV,wilcoxon,30,30,30,0.7765688337385654,0.5533333333333333,0.5533333333333333,0.2889393042720053,0.28869690717100516,0.8571923294161655,False,=
primary_paired,IVFNSGAII_vs_NSGAII,IVFNSGAII,NSGAII,WFG9,2,WFG,HV,wilcoxon,30,30,30,0.0003449581563472748,0.23666666666666666,0.23666666666666666,0.3414417450853091,0.3429019140129448,0.0043982164934277534,True,-
primary_paired,IVFNSGAII_vs_NSGAII,IVFNSGAII,NSGAII,ZDT1,2,ZDT,HV,wilcoxon,30,30,30,0.22064675763249397,0.6055555555555555,0.6055555555555555,0.7192906982699823,0.7191927958575854,0.43280710150989204,False,=
primary_paired,IVFNSGAII_vs_NSGAII,IVFNSGAII,NSGAII,ZDT2,2,ZDT,HV,wilcoxon,30,30,30,0.06056523136794567,0.64,0.64,0.44409501839807297,0.4439891177137394,0.20258630742318928,False,=
primary_paired,IVFNSGAII_vs_NSGAII,IVFNSGAII,NSGAII,ZDT3,2,ZDT,HV,wilcoxon,30,30,30,0.19092952087521553,0.40555555555555556,0.40555555555555556,0.5993716881548994,0.5994089928791264,0.405725231859833,False,=
primary_paired,IVFNSGAII_vs_NSGAII,IVFNSGAII,NSGAII,ZDT4,2,ZDT,HV,wilcoxon,30,30,30,0.2710056286305189,0.43222222222222223,0.43222222222222223,0.7195292904035914,0.7196348037014116,0.493617395005588,False,=
primary_paired,IVFNSGAII_vs_NSGAII,IVFNSGAII,NSGAII,ZDT6,2,ZDT,HV,wilcoxon,30,30,30,1.0244548320770264e-07,0.07777777777777778,0.07777777777777778,0.3880773626410836,0.3883784656156411,2.6123598217964172e-06,True,-
primary_paired,IVFNSGAII_vs_NSGAII,IVFNSGAII,NSGAII,DTLZ1,3,DTLZ,HV,wilcoxon,30,30,30,0.6701805889606476,0.51,0.51,0.8253207176914206,0.8258250083460922,0.8137907151665007,False,=
primary_paired,IVFNSGAII_vs_NSGAII,IVFNSGAII,NSGAII,DTLZ2,3,DTLZ,HV,wilcoxon,30,30,30,0.10943205840885639,0.6344444444444445,0.6344444444444445,0.5329769553814051,0.5323494994806837,0.2790517489425838,False,=
primary_paired,IVFNSGAII_vs_NSGAII,IVFNSGAII,NSGAII,DTLZ3,3,DTLZ,HV,wilcoxon,30,30,30,0.7151329666376114,0.53,0.53,0.5320722183585078,0.5317493781125406,0.8277209299306075,False,=
primary_paired,IVFNSGAII_vs_NSGAII,IVFNSGAII,NSGAII,DTLZ4,3,DTLZ,HV,wilcoxon,30,30,30,0.8078304156661034,0.5144444444444445,0.5144444444444445,0.5358680613392822,0.5349263536620641,0.8571923294161655,False,=
primary_paired,IVFNSGAII_vs_NSGAII,IVFNSGAII,NSGAII,DTLZ5,3,DTLZ,HV,wilcoxon,30,30,30,0.338741784915328,0.5366666666666666,0.5366666666666666,0.19914026040279065,0.19913948408828214,0.5957183114028183,False,=
primary_paired,IVFNSGAII_vs_NSGAII,IVFNSGAII,NSGAII,DTLZ6,3,DTLZ,HV,wilcoxon,30,30,30,0.5698575973510742,0.5166666666666667,0.5166666666666667,0.19940479182491835,0.19939348603668083,0.7648088806553891,False,=
primary_paired,IVFNSGAII_vs_NSGAII,IVFNSGAII,NSGAII,DTLZ7,3,DTLZ,HV,wilcoxon,30,30,30,0.42795460671186447,0.5888888888888889,0.5888888888888889,0.26974987108420057,0.26876440851687156,0.682052654447034,False,=
primary_paired,IVFNSGAII_vs_NSGAII,IVFNSGAII,NSGAII,MaF1,3,MaF,HV,wilcoxon,30,30,30,0.3817984350025654,0.5566666666666666,0.5566666666666666,0.20441724318792748,0.20399704334723157,0.6281200059719625,False,=
primary_paired,IVFNSGAII_vs_NSGAII,IVFNSGAII,NSGAII,MaF2,3,MaF,HV,wilcoxon,30,30,30,0.02084985189139843,0.6866666666666666,0.6866666666666666,0.2358466212715043,0.23492234580271865,0.10633424464613199,False,=
primary_paired,IVFNSGAII_vs_NSGAII,IVFNSGAII,NSGAII,MaF3,3,MaF,HV,wilcoxon,30,30,30,0.5027610473334789,0.5877777777777777,0.5877777777777777,0.9521888178942552,0.9510339023944834,0.7325946689716407,False,=
primary_paired,IVFNSGAII_vs_NSGAII,IVFNSGAII,NSGAII,MaF4,3,MaF,HV,wilcoxon,30,30,30,0.370740607380867,0.5655555555555556,0.5655555555555556,0.5230934388241613,0.5218228511491729,0.6281200059719625,False,=
primary_paired,IVFNSGAII_vs_NSGAII,IVFNSGAII,NSGAII,MaF5,3,MaF,HV,wilcoxon,30,30,30,0.6701805889606476,0.5677777777777778,0.5677777777777778,0.5354742221137279,0.5348262493063194,0.8137907151665007,False,=
primary_paired,IVFNSGAII_vs_NSGAII,IVFNSGAII,NSGAII,MaF6,3,MaF,HV,wilcoxon,30,30,30,0.09610157273709774,0.6544444444444445,0.6544444444444445,0.19979191639866228,0.1997450132057397,0.25795685313642025,False,=
primary_paired,IVFNSGAII_vs_NSGAII,IVFNSGAII,NSGAII,MaF7,3,MaF,HV,wilcoxon,30,30,30,0.8235769439488649,0.5433333333333333,0.5433333333333333,0.26835139873324476,0.26782726435617976,0.8571923294161655,False,=
primary_paired,IVFNSGAII_vs_NSGAII,IVFNSGAII,NSGAII,WFG1,3,WFG,HV,wilcoxon,30,30,30,0.7303419969975948,0.47444444444444445,0.47444444444444445,0.9299170021257968,0.930376878469388,0.8277209299306075,False,=
primary_paired,IVFNSGAII_vs_NSGAII,IVFNSGAII,NSGAII,WFG2,3,WFG,HV,wilcoxon,30,30,30,0.07324407435953617,0.38333333333333336,0.38333333333333336,0.9195194425330139,0.9205143255137553,0.2197322230786085,False,=
primary_paired,IVFNSGAII_vs_NSGAII,IVFNSGAII,NSGAII,WFG3,3,WFG,HV,wilcoxon,30,30,30,0.6263462882488966,0.5511111111111111,0.5511111111111111,0.40162944515566973,0.4008388807832378,0.8137907151665007,False,=
primary_paired,IVFNSGAII_vs_NSGAII,IVFNSGAII,NSGAII,WFG4,3,WFG,HV,wilcoxon,30,30,30,0.04048972204327583,0.6844444444444444,0.6844444444444444,0.5270303792764531,0.5238097635571852,0.15884429416977444,False,=
primary_paired,IVFNSGAII_vs_NSGAII,IVFNSGAII,NSGAII,WFG5,3,WFG,HV,wilcoxon,30,30,30,0.09194962680339813,0.64,0.64,0.4953898141096894,0.49269309818349455,0.25795685313642025,False,=
primary_paired,IVFNSGAII_vs_NSGAII,IVFNSGAII,NSGAII,WFG6,3,WFG,HV,wilcoxon,30,30,30,0.6554384250193834,0.47333333333333333,0.47333333333333333,0.47217482663102384,0.47767242643705915,0.8137907151665007,False,=
primary_paired,IVFNSGAII_vs_NSGAII,IVFNSGAII,NSGAII,WFG7,3,WFG,HV,wilcoxon,30,30,30,0.026228994131088257,0.6533333333333333,0.6533333333333333,0.5240907005515445,0.5202037785283407,0.12160715460777283,False,=
primary_paired,IVFNSGAII_vs_NSGAII,IVFNSGAII,NSGAII,WFG8,3,WFG,HV,wilcoxon,30,30,30,0.0011314544826745987,0.6888888888888889,0.6888888888888889,0.44482794625027544,0.443058405359983,0.00897676045341151,True,+
primary_paired,IVFNSGAII_vs_NSGAII,IVFNSGAII,NSGAII,WFG9,3,WFG,HV,wilcoxon,30,30,30,0.06056523136794567,0.6788888888888889,0.6788888888888889,0.5090467779935797,0.5010597664541295,0.20258630742318928,False,=
primary_paired,IVFNSGAII_vs_NSGAII,IVFNSGAII,NSGAII,DTLZ1,2,DTLZ,IGD,wilcoxon,30,30,30,0.9032264724373817,0.5188888888888888,0.48111111111111116,0.0022352825686534,0.0022238075249268,0.9212910018861294,False,=
primary_paired,IVFNSGAII_vs_NSGAII,IVFNSGAII,NSGAII,DTLZ2,2,DTLZ,IGD,wilcoxon,30,30,30,0.46454504504799843,0.42777777777777776,0.5722222222222222,0.0051180607396139,0.00516822718336565,0.6751932564216692,False,=
primary_paired,IVFNSGAII_vs_NSGAII,IVFNSGAII,NSGAII,DTLZ3,2,DTLZ,IGD,wilcoxon,30,30,30,0.6408254038542509,0.4488888888888889,0.5511111111111111,0.00523553957247465,0.005257913348330451,0.7427748999219727,False,=
primary_paired,IVFNSGAII_vs_NSGAII,IVFNSGAII,NSGAII,DTLZ4,2,DTLZ,IGD,wilcoxon,30,30,30,0.5698575973510742,0.48,0.52,0.00517018917191145,0.00514155180241185,0.6758776154629019,False,=
primary_paired,IVFNSGAII_vs_NSGAII,IVFNSGAII,NSGAII,DTLZ5,2,DTLZ,IGD,wilcoxon,30,30,30,0.40449450351297855,0.5655555555555556,0.4344444444444444,0.00514398641207065,0.0051231971566383,0.6654586993278034,False,=
primary_paired,IVFNSGAII_vs_NSGAII,IVFNSGAII,NSGAII,DTLZ6,2,DTLZ,IGD,wilcoxon,30,30,30,0.18396909348666668,0.5877777777777777,0.41222222222222227,0.00568286809664615,0.00563582980244875,0.46912118839100003,False,=
primary_paired,IVFNSGAII_vs_NSGAII,IVFNSGAII,NSGAII,DTLZ7,2,DTLZ,IGD,wilcoxon,30,30,30,0.11417667381465435,0.6666666666666666,0.33333333333333337,0.0054793273384937,0.0054129006344733,0.41592931175338366,False,=
primary_paired,IVFNSGAII_vs_NSGAII,IVFNSGAII,NSGAII,MaF1,2,MaF,IGD,wilcoxon,30,30,30,0.46454504504799843,0.5666666666666667,0.43333333333333335,0.0046074682749539,0.0045702973458293505,0.6751932564216692,False,=
primary_paired,IVFNSGAII_vs_NSGAII,IVFNSGAII,NSGAII,MaF2,2,MaF,IGD,wilcoxon,30,30,30,0.06056523136794567,0.37666666666666665,0.6233333333333333,0.0027166137320572504,0.00277200468656315,0.41592931175338366,False,=
primary_paired,IVFNSGAII_vs_NSGAII,IVFNSGAII,NSGAII,MaF3,2,MaF,IGD,wilcoxon,30,30,30,0.10943205840885639,0.34,0.6599999999999999,0.00487931608340225,0.0051799120257029,0.41592931175338366,False,=
primary_paired,IVFNSGAII_vs_NSGAII,IVFNSGAII,NSGAII,MaF4,2,MaF,IGD,wilcoxon,30,30,30,0.8078304156661034,0.4855555555555556,0.5144444444444445,0.0157218027203202,0.0156517614520965,0.8583198166452348,False,=
primary_paired,IVFNSGAII_vs_NSGAII,IVFNSGAII,NSGAII,MaF5,2,MaF,IGD,wilcoxon,30,30,30,0.3598779272288084,0.6122222222222222,0.3877777777777778,0.0160231494856799,0.01563039830337845,0.6117924762889743,False,=
primary_paired,IVFNSGAII_vs_NSGAII,IVFNSGAII,NSGAII,MaF6,2,MaF,IGD,wilcoxon,30,30,30,0.7000329215079546,0.5244444444444445,0.4755555555555555,0.0050293843795893994,0.005023817073885099,0.7761234564544713,False,=
primary_paired,IVFNSGAII_vs_NSGAII,IVFNSGAII,NSGAII,MaF7,2,MaF,IGD,wilcoxon,30,30,30,0.0635564886033535,0.6366666666666667,0.3633333333333333,0.00546102582834145,0.00533510323564745,0.41592931175338366,False,=
primary_paired,IVFNSGAII_vs_NSGAII,IVFNSGAII,NSGAII,WFG1,2,WFG,IGD,wilcoxon,30,30,30,4.7124922275543213e-07,0.09888888888888889,0.9011111111111111,0.01813387653282325,0.02050772414470865,1.201685518026352e-05,True,+
primary_paired,IVFNSGAII_vs_NSGAII,IVFNSGAII,NSGAII,WFG2,2,WFG,IGD,wilcoxon,30,30,30,0.007111456245183945,0.7,0.30000000000000004,0.01323741406521075,0.0128952762255467,0.0906710671260953,False,=
primary_paired,IVFNSGAII_vs_NSGAII,IVFNSGAII,NSGAII,WFG3,2,WFG,IGD,wilcoxon,30,30,30,0.46454504504799843,0.5777777777777777,0.4222222222222223,0.0145799749386997,0.01443967532459825,0.6751932564216692,False,=
primary_paired,IVFNSGAII_vs_NSGAII,IVFNSGAII,NSGAII,WFG4,2,WFG,IGD,wilcoxon,30,30,30,0.3492113798856735,0.4388888888888889,0.5611111111111111,0.01517210290981985,0.015232928469814451,0.6117924762889743,False,=
primary_paired,IVFNSGAII_vs_NSGAII,IVFNSGAII,NSGAII,WFG5,2,WFG,IGD,wilcoxon,30,30,30,0.13473508320748806,0.4122222222222222,0.5877777777777777,0.06526074474515385,0.06540536546023659,0.44715219223871827,False,=
primary_paired,IVFNSGAII_vs_NSGAII,IVFNSGAII,NSGAII,WFG6,2,WFG,IGD,wilcoxon,30,30,30,0.46454504504799843,0.5511111111111111,0.4488888888888889,0.09173679389398176,0.08552090327270004,0.6751932564216692,False,=
primary_paired,IVFNSGAII_vs_NSGAII,IVFNSGAII,NSGAII,WFG7,2,WFG,IGD,wilcoxon,30,30,30,0.19807579927146435,0.38666666666666666,0.6133333333333333,0.0167291921134494,0.017264724053412152,0.4761770146644928,False,=
primary_paired,IVFNSGAII_vs_NSGAII,IVFNSGAII,NSGAII,WFG8,2,WFG,IGD,wilcoxon,30,30,30,0.8871948085725307,0.4633333333333333,0.5366666666666666,0.1094443444705969,0.1095067985972716,0.9212910018861294,False,=
primary_paired,IVFNSGAII_vs_NSGAII,IVFNSGAII,NSGAII,WFG9,2,WFG,IGD,wilcoxon,30,30,30,0.0006665531545877457,0.7611111111111111,0.23888888888888893,0.01995040241926855,0.0181877656010348,0.011331403627991676,True,-
primary_paired,IVFNSGAII_vs_NSGAII,IVFNSGAII,NSGAII,ZDT1,2,ZDT,IGD,wilcoxon,30,30,30,0.308520769700408,0.3977777777777778,0.6022222222222222,0.00479916915894525,0.00486155328261725,0.5827614538785484,False,=
primary_paired,IVFNSGAII_vs_NSGAII,IVFNSGAII,NSGAII,ZDT2,2,ZDT,IGD,wilcoxon,30,30,30,0.17719271034002304,0.37555555555555553,0.6244444444444445,0.00480006558558555,0.0048852924751951,0.46912118839100003,False,=
primary_paired,IVFNSGAII_vs_NSGAII,IVFNSGAII,NSGAII,ZDT3,2,ZDT,IGD,wilcoxon,30,30,30,0.140283040702343,0.63,0.37,0.0054970578725809,0.00543680233857415,0.44715219223871827,False,=
primary_paired,IVFNSGAII_vs_NSGAII,IVFNSGAII,NSGAII,ZDT4,2,ZDT,IGD,wilcoxon,30,30,30,0.09610157273709774,0.6322222222222222,0.36777777777777776,0.0045731050135855,0.0045132987300185,0.41592931175338366,False,=
primary_paired,IVFNSGAII_vs_NSGAII,IVFNSGAII,NSGAII,ZDT6,2,ZDT,IGD,wilcoxon,30,30,30,6.146728992462158e-08,0.9211111111111111,0.0788888888888889,0.00389741106531325,0.0036205404382279,3.1348317861557007e-06,True,-
primary_paired,IVFNSGAII_vs_NSGAII,IVFNSGAII,NSGAII,DTLZ1,3,DTLZ,IGD,wilcoxon,30,30,30,0.17719271034002304,0.6233333333333333,0.3766666666666667,0.0267887526276709,0.0262598515356135,0.46912118839100003,False,=
primary_paired,IVFNSGAII_vs_NSGAII,IVFNSGAII,NSGAII,DTLZ2,3,DTLZ,IGD,wilcoxon,30,30,30,0.10943205840885639,0.37555555555555553,0.6244444444444445,0.06913979310062104,0.06999864965719016,0.41592931175338366,False,=
primary_paired,IVFNSGAII_vs_NSGAII,IVFNSGAII,NSGAII,DTLZ3,3,DTLZ,IGD,wilcoxon,30,30,30,0.17719271034002304,0.41,0.5900000000000001,0.06839486324762264,0.06868937540747405,0.46912118839100003,False,=
primary_paired,IVFNSGAII_vs_NSGAII,IVFNSGAII,NSGAII,DTLZ4,3,DTLZ,IGD,wilcoxon,30,30,30,0.3598779272288084,0.4033333333333333,0.5966666666666667,0.06709818277935375,0.0680349959424827,0.6117924762889743,False,=
primary_paired,IVFNSGAII_vs_NSGAII,IVFNSGAII,NSGAII,DTLZ5,3,DTLZ,IGD,wilcoxon,30,30,30,0.6554384250193834,0.5677777777777778,0.4322222222222222,0.00596916234060795,0.0058265363712605,0.7428302150219679,False,=
primary_paired,IVFNSGAII_vs_NSGAII,IVFNSGAII,NSGAII,DTLZ6,3,DTLZ,IGD,wilcoxon,30,30,30,0.2710056286305189,0.5733333333333334,0.42666666666666664,0.0059198443743177,0.0057859272376214,0.5676029428409842,False,=
primary_paired,IVFNSGAII_vs_NSGAII,IVFNSGAII,NSGAII,DTLZ7,3,DTLZ,IGD,wilcoxon,30,30,30,0.5425279382616282,0.47444444444444445,0.5255555555555556,0.0766654386511594,0.07517569636170379,0.6758776154629019,False,=
primary_paired,IVFNSGAII_vs_NSGAII,IVFNSGAII,NSGAII,MaF1,3,MaF,IGD,wilcoxon,30,30,30,0.4898460879921913,0.46555555555555556,0.5344444444444445,0.0577080077186577,0.0578637514145051,0.6751932564216692,False,=
primary_paired,IVFNSGAII_vs_NSGAII,IVFNSGAII,NSGAII,MaF2,3,MaF,IGD,wilcoxon,30,30,30,0.5561132747679949,0.45666666666666667,0.5433333333333333,0.04556443099379995,0.0461371148365588,0.6758776154629019,False,=
primary_paired,IVFNSGAII_vs_NSGAII,IVFNSGAII,NSGAII,MaF3,3,MaF,IGD,wilcoxon,30,30,30,0.28936620615422726,0.4477777777777778,0.5522222222222222,0.0510387833806675,0.050901937581287,0.5676029428409842,False,=
primary_paired,IVFNSGAII_vs_NSGAII,IVFNSGAII,NSGAII,MaF4,3,MaF,IGD,wilcoxon,30,30,30,0.935398668050766,0.48,0.52,0.2962187764549937,0.29607261227607373,0.935398668050766,False,=
primary_paired,IVFNSGAII_vs_NSGAII,IVFNSGAII,NSGAII,MaF5,3,MaF,IGD,wilcoxon,30,30,30,0.11417667381465435,0.6666666666666666,0.33333333333333337,0.30320095715181294,0.29692998002350557,0.41592931175338366,False,=
primary_paired,IVFNSGAII_vs_NSGAII,IVFNSGAII,NSGAII,MaF6,3,MaF,IGD,wilcoxon,30,30,30,0.5698575973510742,0.4311111111111111,0.5688888888888889,0.00531270764937255,0.0053202254529363,0.6758776154629019,False,=
primary_paired,IVFNSGAII_vs_NSGAII,IVFNSGAII,NSGAII,MaF7,3,MaF,IGD,wilcoxon,30,30,30,0.7456546742469072,0.4922222222222222,0.5077777777777778,0.0774746754515051,0.07823286347664014,0.8091146465232398,False,=
primary_paired,IVFNSGAII_vs_NSGAII,IVFNSGAII,NSGAII,WFG1,3,WFG,IGD,wilcoxon,30,30,30,0.009301122277975082,0.7033333333333334,0.29666666666666663,0.23350882398122097,0.22184410540312194,0.09487144723534584,False,=
primary_paired,IVFNSGAII_vs_NSGAII,IVFNSGAII,NSGAII,WFG2,3,WFG,IGD,wilcoxon,30,30,30,0.09610157273709774,0.6433333333333333,0.3566666666666667,0.2253121406132788,0.21843652924085005,0.41592931175338366,False,=
primary_paired,IVFNSGAII_vs_NSGAII,IVFNSGAII,NSGAII,WFG3,3,WFG,IGD,wilcoxon,30,30,30,0.5158484429121017,0.5444444444444444,0.4555555555555556,0.0942328537858651,0.09221778834449065,0.6758776154629019,False,=
primary_paired,IVFNSGAII_vs_NSGAII,IVFNSGAII,NSGAII,WFG4,3,WFG,IGD,wilcoxon,30,30,30,0.5698575973510742,0.4311111111111111,0.5688888888888889,0.2640004242075247,0.2652504431163756,0.6758776154629019,False,=
primary_paired,IVFNSGAII_vs_NSGAII,IVFNSGAII,NSGAII,WFG5,3,WFG,IGD,wilcoxon,30,30,30,0.28936620615422726,0.4077777777777778,0.5922222222222222,0.2784208076921092,0.2815513089861012,0.5676029428409842,False,=
primary_paired,IVFNSGAII_vs_NSGAII,IVFNSGAII,NSGAII,WFG6,3,WFG,IGD,wilcoxon,30,30,30,0.20540969260036945,0.6122222222222222,0.3877777777777778,0.308034519680709,0.2975196905029453,0.4761770146644928,False,=
primary_paired,IVFNSGAII_vs_NSGAII,IVFNSGAII,NSGAII,WFG7,3,WFG,IGD,wilcoxon,30,30,30,0.23665234446525574,0.45666666666666667,0.5433333333333333,0.27828097187607315,0.2795535451647546,0.5247508507707844,False,=
primary_paired,IVFNSGAII_vs_NSGAII,IVFNSGAII,NSGAII,WFG8,3,WFG,IGD,wilcoxon,30,30,30,0.08406547829508781,0.39444444444444443,0.6055555555555556,0.37100140851177243,0.3746654494185811,0.41592931175338366,False,=
primary_paired,IVFNSGAII_vs_NSGAII,IVFNSGAII,NSGAII,WFG9,3,WFG,IGD,wilcoxon,30,30,30,0.4898460879921913,0.5466666666666666,0.45333333333333337,0.27404038209938925,0.2731402719646237,0.6751932564216692,False,=
primary_unpaired,IVFSPEA2_vs_SPEA2,IVFSPEA2,SPEA2,DTLZ1,2,DTLZ,HV,mannwhitneyu,30,30,0,8.993406027014868e-11,0.9877777777777778,0.9877777777777778,0.5825075279287365,0.5824332770902345,9.173274147555166e-10,True,+
primary_unpaired,IVFSPEA2_vs_SPEA2,IVFSPEA2,SPEA2,DTLZ2,2,DTLZ,HV,mannwhitneyu,30,30,0,1.8681677770528113e-05,0.8222222222222222,0.8222222222222222,0.3473731143598648,0.3472869233341278,3.4027341653461915e-05,True,+
primary_unpaired,IVFSPEA2_vs_SPEA2,IVFSPEA2,SPEA2,DTLZ3,2,DTLZ,HV,mannwhitneyu,30,30,0,8.993406027014868e-11,0.9877777777777778,0.9877777777777778,0.3475271014637228,0.3464088377360188,9.173274147555166e-10,True,+
primary_unpaired,IVFSPEA2_vs_SPEA2,IVFSPEA2,SPEA2,DTLZ4,2,DTLZ,HV,mannwhitneyu,30,30,0,1.4298355871314211e-05,0.8266666666666667,0.8266666666666667,0.34741705597440153,0.3472937181025247,2.700800553470462e-05,True,+
primary_unpaired,IVFSPEA2_vs_SPEA2,IVFSPEA2,SPEA2,DTLZ5,2,DTLZ,HV,mannwhitneyu,30,30,0,3.0102616021326514e-07,0.8855555555555555,0.8855555555555555,0.3473985609267851,0.34726420887570475,7.310635319465011e-07,True,+
primary_unpaired,IVFSPEA2_vs_SPEA2,IVFSPEA2,SPEA2,DTLZ6,2,DTLZ,HV,mannwhitneyu,30,30,0,0.01988307641391072,0.6755555555555556,0.6755555555555556,0.34758608157441545,0.34756078173439964,0.026000946079729408,True,+
primary_unpaired,IVFSPEA2_vs_SPEA2,IVFSPEA2,SPEA2,DTLZ7,2,DTLZ,HV,mannwhitneyu,30,30,0,4.638965975341988e-05,0.8066666666666666,0.8066666666666666,0.24290800197562215,0.24288223949056786,7.886242158081379e-05,True,+
primary_unpaired,IVFSPEA2_vs_SPEA2,IVFSPEA2,SPEA2,MaF1,2,MaF,HV,mannwhitneyu,30,30,0,5.532862121764326e-08,0.9088888888888889,0.9088888888888889,0.5822475419930699,0.5820955075661011,1.5676442678332257e-07,True,+
primary_unpaired,IVFSPEA2_vs_SPEA2,IVFSPEA2,SPEA2,MaF2,2,MaF,HV,mannwhitneyu,30,30,0,3.4741966068317727e-10,0.9722222222222222,0.9722222222222222,0.20737474981017334,0.20724713342134826,2.214800336855255e-09,True,+
primary_unpaired,IVFSPEA2_vs_SPEA2,IVFSPEA2,SPEA2,MaF3,2,MaF,HV,mannwhitneyu,30,30,0,3.6897258539809896e-11,0.9977777777777778,0.9977777777777778,0.7204791814116209,0.7189580214454192,9.173274147555166e-10,True,+
primary_unpaired,IVFSPEA2_vs_SPEA2,IVFSPEA2,SPEA2,MaF4,2,MaF,HV,mannwhitneyu,30,30,0,4.6159103691111474e-10,0.9688888888888889,0.9688888888888889,0.8191124153181568,0.8186682386074745,2.615682542496317e-09,True,+
primary_unpaired,IVFSPEA2_vs_SPEA2,IVFSPEA2,SPEA2,MaF5,2,MaF,HV,mannwhitneyu,30,30,0,0.07978164712498097,0.6322222222222222,0.6322222222222222,0.3473019842221761,0.34721443164964383,0.09462474426451231,False,=
primary_unpaired,IVFSPEA2_vs_SPEA2,IVFSPEA2,SPEA2,MaF6,2,MaF,HV,mannwhitneyu,30,30,0,0.08771037748098136,0.6288888888888889,0.6288888888888889,0.3475585109751653,0.34752241097393904,0.10166430117113748,False,=
primary_unpaired,IVFSPEA2_vs_SPEA2,IVFSPEA2,SPEA2,MaF7,2,MaF,HV,mannwhitneyu,30,30,0,0.00728836046503409,0.7022222222222222,0.7022222222222222,0.24290970125746358,0.2428900709311953,0.009781746939914173,True,+
primary_unpaired,IVFSPEA2_vs_SPEA2,IVFSPEA2,SPEA2,WFG1,2,WFG,HV,mannwhitneyu,30,30,0,0.026077477308078682,0.6677777777777778,0.6677777777777778,0.6871443417526542,0.6839562408006028,0.03324878356780032,True,+
primary_unpaired,IVFSPEA2_vs_SPEA2,IVFSPEA2,SPEA2,WFG2,2,WFG,HV,mannwhitneyu,30,30,0,9.513937913202741e-06,0.16666666666666666,0.16666666666666666,0.6325347073740426,0.6331872825373951,1.9408433342933593e-05,True,-
primary_unpaired,IVFSPEA2_vs_SPEA2,IVFSPEA2,SPEA2,WFG3,2,WFG,HV,mannwhitneyu,30,30,0,0.0010035319761388477,0.25222222222222224,0.25222222222222224,0.5811474567513373,0.5816116157810803,0.0015052979642082717,True,-
primary_unpaired,IVFSPEA2_vs_SPEA2,IVFSPEA2,SPEA2,WFG4,2,WFG,HV,mannwhitneyu,30,30,0,5.091173485363367e-06,0.8433333333333334,0.8433333333333334,0.34731204703467516,0.34714048977059064,1.0818743656397155e-05,True,+
primary_unpaired,IVFSPEA2_vs_SPEA2,IVFSPEA2,SPEA2,WFG5,2,WFG,HV,mannwhitneyu,30,30,0,2.028294855539196e-07,0.8911111111111111,0.8911111111111111,0.31359496397786535,0.313415293123565,5.17215188162495e-07,True,+
primary_unpaired,IVFSPEA2_vs_SPEA2,IVFSPEA2,SPEA2,WFG6,2,WFG,HV,mannwhitneyu,30,30,0,0.21156123692597317,0.40555555555555556,0.40555555555555556,0.30115093366629686,0.3081489338328667,0.2295664485792475,False,=
primary_unpaired,IVFSPEA2_vs_SPEA2,IVFSPEA2,SPEA2,WFG7,2,WFG,HV,mannwhitneyu,30,30,0,1.849994079491288e-08,0.9233333333333333,0.9233333333333333,0.3466643180236312,0.34622375630614266,6.28997987027038e-08,True,+
primary_unpaired,IVFSPEA2_vs_SPEA2,IVFSPEA2,SPEA2,WFG8,2,WFG,HV,mannwhitneyu,30,30,0,0.795845542466455,0.48,0.48,0.2899918240250343,0.29006855506987345,0.795845542466455,False,=
primary_unpaired,IVFSPEA2_vs_SPEA2,IVFSPEA2,SPEA2,WFG9,2,WFG,HV,mannwhitneyu,30,30,0,0.00728836046503409,0.29777777777777775,0.29777777777777775,0.3416265372179221,0.3430127204025538,0.009781746939914173,True,-
primary_unpaired,IVFSPEA2_vs_SPEA2,IVFSPEA2,SPEA2,ZDT1,2,ZDT,HV,mannwhitneyu,30,30,0,0.0002838866568788881,0.7733333333333333,0.7733333333333333,0.7204180977013257,0.7203203294557918,0.0004387339242673725,True,+
primary_unpaired,IVFSPEA2_vs_SPEA2,IVFSPEA2,SPEA2,ZDT2,2,ZDT,HV,mannwhitneyu,30,30,0,0.00025305784556082746,0.7755555555555556,0.7755555555555556,0.44505235994077963,0.444958129934405,0.0004033109413625688,True,+
primary_unpaired,IVFSPEA2_vs_SPEA2,IVFSPEA2,SPEA2,ZDT3,2,ZDT,HV,mannwhitneyu,30,30,0,0.0014423282031954528,0.74,0.74,0.5996815797381578,0.5996298778056369,0.0021016782389419453,True,+
primary_unpaired,IVFSPEA2_vs_SPEA2,IVFSPEA2,SPEA2,ZDT4,2,ZDT,HV,mannwhitneyu,30,30,0,6.69551896550012e-11,0.9911111111111112,0.9911111111111112,0.7205914222141478,0.7203946858734835,9.173274147555166e-10,True,+
primary_unpaired,IVFSPEA2_vs_SPEA2,IVFSPEA2,SPEA2,ZDT6,2,ZDT,HV,mannwhitneyu,30,30,0,2.15403414258883e-06,0.8566666666666667,0.8566666666666667,0.3889293014243099,0.3889069078890602,4.993442785092287e-06,True,+
primary_unpaired,IVFSPEA2_vs_SPEA2,IVFSPEA2,SPEA2,DTLZ1,3,DTLZ,HV,mannwhitneyu,30,30,0,1.0906865251349971e-05,0.8311111111111111,0.8311111111111111,0.8427441203335799,0.8424701443492565,2.139423568534033e-05,True,+
primary_unpaired,IVFSPEA2_vs_SPEA2,IVFSPEA2,SPEA2,DTLZ2,3,DTLZ,HV,mannwhitneyu,30,30,0,2.6694713877402857e-09,0.9477777777777778,0.9477777777777778,0.5583050866403325,0.5554332104770725,1.1345253397896215e-08,True,+
primary_unpaired,IVFSPEA2_vs_SPEA2,IVFSPEA2,SPEA2,DTLZ3,3,DTLZ,HV,mannwhitneyu,30,30,0,6.5182731281236696e-09,0.9366666666666666,0.9366666666666666,0.5613848950904463,0.558411571069751,2.5571686887254398e-08,True,+
primary_unpaired,IVFSPEA2_vs_SPEA2,IVFSPEA2,SPEA2,DTLZ4,3,DTLZ,HV,mannwhitneyu,30,30,0,0.03916706803882588,0.6555555555555556,0.6555555555555556,0.5564208036739557,0.5529109393820024,0.04756001119000285,True,+
primary_unpaired,IVFSPEA2_vs_SPEA2,IVFSPEA2,SPEA2,DTLZ5,3,DTLZ,HV,mannwhitneyu,30,30,0,5.092196223484032e-08,0.91,0.91,0.19980310837817025,0.199595588771706,1.5276588670452097e-07,True,+
primary_unpaired,IVFSPEA2_vs_SPEA2,IVFSPEA2,SPEA2,DTLZ6,3,DTLZ,HV,mannwhitneyu,30,30,0,0.03146563257725609,0.6622222222222223,0.6622222222222223,0.2000763022319873,0.2000485683235445,0.03914017710829416,True,+
primary_unpaired,IVFSPEA2_vs_SPEA2,IVFSPEA2,SPEA2,DTLZ7,3,DTLZ,HV,mannwhitneyu,30,30,0,0.005569938587360544,0.7088888888888889,0.7088888888888889,0.27749799033492306,0.27658300894883103,0.007890746332094103,True,+
primary_unpaired,IVFSPEA2_vs_SPEA2,IVFSPEA2,SPEA2,MaF1,3,MaF,HV,mannwhitneyu,30,30,0,1.173735436185757e-09,0.9577777777777777,0.9577777777777777,0.22022860643244285,0.2187005347870355,5.441864295043055e-09,True,+
primary_unpaired,IVFSPEA2_vs_SPEA2,IVFSPEA2,SPEA2,MaF2,3,MaF,HV,mannwhitneyu,30,30,0,3.368139881244577e-05,0.8122222222222222,0.8122222222222222,0.2404244692534172,0.2389949648073375,5.9232804808094284e-05,True,+
primary_unpaired,IVFSPEA2_vs_SPEA2,IVFSPEA2,SPEA2,MaF3,3,MaF,HV,mannwhitneyu,30,30,0,1.9567799598061055e-10,0.9788888888888889,0.9788888888888889,0.9632759952754634,0.9623775716663661,1.6632629658351898e-09,True,+
primary_unpaired,IVFSPEA2_vs_SPEA2,IVFSPEA2,SPEA2,MaF4,3,MaF,HV,mannwhitneyu,30,30,0,2.1947383543751097e-08,0.9211111111111111,0.9211111111111111,0.5328393675295648,0.5303745234205695,6.995728504570662e-08,True,+
primary_unpaired,IVFSPEA2_vs_SPEA2,IVFSPEA2,SPEA2,MaF5,3,MaF,HV,mannwhitneyu,30,30,0,0.10868977321444741,0.6211111111111111,0.6211111111111111,0.5558734180796133,0.5536935930558845,0.12318174297637373,False,=
primary_unpaired,IVFSPEA2_vs_SPEA2,IVFSPEA2,SPEA2,MaF6,3,MaF,HV,mannwhitneyu,30,30,0,0.27718918977304785,0.5822222222222222,0.5822222222222222,0.2000816113263194,0.200064555545178,0.29451351413386334,False,=
primary_unpaired,IVFSPEA2_vs_SPEA2,IVFSPEA2,SPEA2,MaF7,3,MaF,HV,mannwhitneyu,30,30,0,0.14531912724086543,0.61,0.61,0.2776242121129491,0.277294884537411,0.16111468454965516,False,=
primary_unpaired,IVFSPEA2_vs_SPEA2,IVFSPEA2,SPEA2,WFG1,3,WFG,HV,mannwhitneyu,30,30,0,0.2972716890893069,0.5788888888888889,0.5788888888888889,0.9445405066261443,0.944408356852847,0.3094052274194827,False,=
primary_unpaired,IVFSPEA2_vs_SPEA2,IVFSPEA2,SPEA2,WFG2,3,WFG,HV,mannwhitneyu,30,30,0,4.744496840420642e-06,0.15555555555555556,0.15555555555555556,0.9287250143370014,0.930846539377834,1.0520406037454467e-05,True,-
primary_unpaired,IVFSPEA2_vs_SPEA2,IVFSPEA2,SPEA2,WFG3,3,WFG,HV,mannwhitneyu,30,30,0,8.48477290014798e-09,0.9333333333333333,0.9333333333333333,0.39625754994098583,0.38982385147693754,3.0908815564824776e-08,True,+
primary_unpaired,IVFSPEA2_vs_SPEA2,IVFSPEA2,SPEA2,WFG4,3,WFG,HV,mannwhitneyu,30,30,0,3.3383888204288e-11,0.9988888888888889,0.9988888888888889,0.5509758345332918,0.542980986812706,9.173274147555166e-10,True,+
primary_unpaired,IVFSPEA2_vs_SPEA2,IVFSPEA2,SPEA2,WFG5,3,WFG,HV,mannwhitneyu,30,30,0,1.0665677738596446e-07,0.9,0.9,0.5167862493168263,0.51389640910171,2.8628924456232565e-07,True,+
primary_unpaired,IVFSPEA2_vs_SPEA2,IVFSPEA2,SPEA2,WFG6,3,WFG,HV,mannwhitneyu,30,30,0,0.46427291062161524,0.4444444444444444,0.4444444444444444,0.49694573045578283,0.500967942653259,0.47355836883404756,False,=
primary_unpaired,IVFSPEA2_vs_SPEA2,IVFSPEA2,SPEA2,WFG7,3,WFG,HV,mannwhitneyu,30,30,0,3.158889488129529e-10,0.9733333333333334,0.9733333333333334,0.5489948250571519,0.5428954565262295,2.214800336855255e-09,True,+
primary_unpaired,IVFSPEA2_vs_SPEA2,IVFSPEA2,SPEA2,WFG8,3,WFG,HV,mannwhitneyu,30,30,0,6.356042543170036e-05,0.8011111111111111,0.8011111111111111,0.4625957604359324,0.459225882422519,0.00010456715151666834,True,+
primary_unpaired,IVFSPEA2_vs_SPEA2,IVFSPEA2,SPEA2,WFG9,3,WFG,HV,mannwhitneyu,30,30,0,1.0701785878647307e-09,0.9588888888888889,0.9588888888888889,0.5350352986286353,0.5139209920377226,5.441864295043055e-09,True,+
primary_unpaired,IVFSPEA2_vs_SPEA2,IVFSPEA2,SPEA2,DTLZ1,2,DTLZ,IGD,mannwhitneyu,30,30,0,0.0024993923272276816,0.2722222222222222,0.7277777777777779,0.0018254769990161,0.0018341394130401,0.004248966956287059,True,+
primary_unpaired,IVFSPEA2_vs_SPEA2,IVFSPEA2,SPEA2,DTLZ2,2,DTLZ,IGD,mannwhitneyu,30,30,0,3.1572704799734615e-05,0.18666666666666668,0.8133333333333334,0.004120473202951299,0.0041829988861775,8.94559969325814e-05,True,+
primary_unpaired,IVFSPEA2_vs_SPEA2,IVFSPEA2,SPEA2,DTLZ3,2,DTLZ,IGD,mannwhitneyu,30,30,0,8.890991323298936e-10,0.03888888888888889,0.9611111111111111,0.0040556137085074,0.00427552751026795,2.1879651088511445e-08,True,+
primary_unpaired,IVFSPEA2_vs_SPEA2,IVFSPEA2,SPEA2,DTLZ4,2,DTLZ,IGD,mannwhitneyu,30,30,0,0.0006548646168546143,0.24333333333333335,0.7566666666666666,0.0041117571637087,0.00416314209905075,0.0012369664985031603,True,+
primary_unpaired,IVFSPEA2_vs_SPEA2,IVFSPEA2,SPEA2,DTLZ5,2,DTLZ,IGD,mannwhitneyu,30,30,0,1.860848389843697e-06,0.1411111111111111,0.8588888888888889,0.0041219535836446,0.0041768697390951,8.62756980745714e-06,True,+
primary_unpaired,IVFSPEA2_vs_SPEA2,IVFSPEA2,SPEA2,DTLZ6,2,DTLZ,IGD,mannwhitneyu,30,30,0,0.00011057725968083765,0.2088888888888889,0.7911111111111111,0.00405428253714855,0.0040860951603893005,0.00025633819289648725,True,+
primary_unpaired,IVFSPEA2_vs_SPEA2,IVFSPEA2,SPEA2,DTLZ7,2,DTLZ,IGD,mannwhitneyu,30,30,0,0.0015177961906131159,0.2611111111111111,0.7388888888888889,0.0046966946645048,0.004803956468306151,0.0026692277834920314,True,+
primary_unpaired,IVFSPEA2_vs_SPEA2,IVFSPEA2,SPEA2,MaF1,2,MaF,IGD,mannwhitneyu,30,30,0,3.0102616021326514e-07,0.11444444444444445,0.8855555555555555,0.0037341794620296496,0.0038020916751931,1.5352334170876522e-06,True,+
primary_unpaired,IVFSPEA2_vs_SPEA2,IVFSPEA2,SPEA2,MaF2,2,MaF,IGD,mannwhitneyu,30,30,0,1.2870382993242025e-09,0.043333333333333335,0.9566666666666667,0.0021138160183303,0.00218707513936605,2.1879651088511445e-08,True,+
primary_unpaired,IVFSPEA2_vs_SPEA2,IVFSPEA2,SPEA2,MaF3,2,MaF,IGD,mannwhitneyu,30,30,0,5.494052450965186e-11,0.006666666666666667,0.9933333333333333,0.00376268190561935,0.0042542116415806505,2.801966749992245e-09,True,+
primary_unpaired,IVFSPEA2_vs_SPEA2,IVFSPEA2,SPEA2,MaF4,2,MaF,IGD,mannwhitneyu,30,30,0,3.3241530490778984e-06,0.15,0.85,0.012463901403492749,0.0126860976393511,1.3040908115613295e-05,True,+
primary_unpaired,IVFSPEA2_vs_SPEA2,IVFSPEA2,SPEA2,MaF5,2,MaF,IGD,mannwhitneyu,30,30,0,0.08771037748098136,0.3711111111111111,0.6288888888888888,0.012673778650650901,0.0128406836768417,0.11771655925079076,False,=
primary_unpaired,IVFSPEA2_vs_SPEA2,IVFSPEA2,SPEA2,MaF6,2,MaF,IGD,mannwhitneyu,30,30,0,7.19878817481734e-05,0.2011111111111111,0.7988888888888889,0.00405346876945575,0.0040861027979633,0.00017482771281699256,True,+
primary_unpaired,IVFSPEA2_vs_SPEA2,IVFSPEA2,SPEA2,MaF7,2,MaF,IGD,mannwhitneyu,30,30,0,0.09626283103615173,0.37444444444444447,0.6255555555555555,0.00471488821041755,0.004769238737345201,0.12588216366265997,False,=
primary_unpaired,IVFSPEA2_vs_SPEA2,IVFSPEA2,SPEA2,WFG1,2,WFG,IGD,mannwhitneyu,30,30,0,0.02415688464281263,0.33,0.6699999999999999,0.0219188224986393,0.0336688824301746,0.03733336717525588,True,+
primary_unpaired,IVFSPEA2_vs_SPEA2,IVFSPEA2,SPEA2,WFG2,2,WFG,IGD,mannwhitneyu,30,30,0,0.0009520740392726185,0.7488888888888889,0.25111111111111106,0.01133241178016195,0.0110770246152068,0.001734134857246555,True,-
primary_unpaired,IVFSPEA2_vs_SPEA2,IVFSPEA2,SPEA2,WFG3,2,WFG,IGD,mannwhitneyu,30,30,0,0.2170168245486217,0.5933333333333334,0.4066666666666666,0.0121383985270128,0.01208377631367365,0.2459524011551046,False,=
primary_unpaired,IVFSPEA2_vs_SPEA2,IVFSPEA2,SPEA2,WFG4,2,WFG,IGD,mannwhitneyu,30,30,0,2.1947383543751097e-08,0.07888888888888888,0.9211111111111111,0.012604425067995001,0.01289719788212665,1.8655276012188433e-07,True,+
primary_unpaired,IVFSPEA2_vs_SPEA2,IVFSPEA2,SPEA2,WFG5,2,WFG,IGD,mannwhitneyu,30,30,0,2.6694713877402857e-09,0.052222222222222225,0.9477777777777778,0.06344167115938185,0.0636784192588356,3.4035760193688646e-08,True,+
primary_unpaired,IVFSPEA2_vs_SPEA2,IVFSPEA2,SPEA2,WFG6,2,WFG,IGD,mannwhitneyu,30,30,0,0.21156123692597317,0.5944444444444444,0.40555555555555556,0.08586024456147345,0.0732655499478575,0.24521870643692345,False,=
primary_unpaired,IVFSPEA2_vs_SPEA2,IVFSPEA2,SPEA2,WFG7,2,WFG,IGD,mannwhitneyu,30,30,0,2.0152212384295336e-08,0.07777777777777778,0.9222222222222223,0.0131799309043283,0.013774927595936199,1.8655276012188433e-07,True,+
primary_unpaired,IVFSPEA2_vs_SPEA2,IVFSPEA2,SPEA2,WFG8,2,WFG,IGD,mannwhitneyu,30,30,0,0.8302552839111963,0.5166666666666667,0.4833333333333333,0.10745045166493741,0.10736577334626675,0.8468603895894202,False,=
primary_unpaired,IVFSPEA2_vs_SPEA2,IVFSPEA2,SPEA2,WFG9,2,WFG,IGD,mannwhitneyu,30,30,0,0.029205409568445008,0.6644444444444444,0.3355555555555556,0.01743524600781695,0.01584092420332505,0.0425564539425913,True,-
primary_unpaired,IVFSPEA2_vs_SPEA2,IVFSPEA2,SPEA2,ZDT1,2,ZDT,IGD,mannwhitneyu,30,30,0,0.002754848212054646,0.27444444444444444,0.7255555555555555,0.00390163978502325,0.00396019836597625,0.004390539337962092,True,+
primary_unpaired,IVFSPEA2_vs_SPEA2,IVFSPEA2,SPEA2,ZDT2,2,ZDT,IGD,mannwhitneyu,30,30,0,0.030317428813310024,0.33666666666666667,0.6633333333333333,0.00388786119562895,0.0039044513563738503,0.042949690818855864,True,+
primary_unpaired,IVFSPEA2_vs_SPEA2,IVFSPEA2,SPEA2,ZDT3,2,ZDT,IGD,mannwhitneyu,30,30,0,0.02812866989728732,0.33444444444444443,0.6655555555555556,0.00484181907734925,0.0048889868398704,0.042193004845930984,True,+
primary_unpaired,IVFSPEA2_vs_SPEA2,IVFSPEA2,SPEA2,ZDT4,2,ZDT,IGD,mannwhitneyu,30,30,0,4.942599819037003e-05,0.19444444444444445,0.8055555555555556,0.0038111393307552997,0.00385593508970945,0.0001326697846162564,True,+
primary_unpaired,IVFSPEA2_vs_SPEA2,IVFSPEA2,SPEA2,ZDT6,2,ZDT,IGD,mannwhitneyu,30,30,0,1.2493242098147689e-05,0.1711111111111111,0.8288888888888889,0.0030623193129138,0.0030938583282635,4.247702313370214e-05,True,+
primary_unpaired,IVFSPEA2_vs_SPEA2,IVFSPEA2,SPEA2,DTLZ1,3,DTLZ,IGD,mannwhitneyu,30,30,0,0.2707053377245183,0.4166666666666667,0.5833333333333333,0.02010024719712675,0.020105028569030903,0.3001298309554442,False,=
primary_unpaired,IVFSPEA2_vs_SPEA2,IVFSPEA2,SPEA2,DTLZ2,3,DTLZ,IGD,mannwhitneyu,30,30,0,0.002754848212054646,0.27444444444444444,0.7255555555555555,0.05379498603267315,0.0542309083477827,0.004390539337962092,True,+
primary_unpaired,IVFSPEA2_vs_SPEA2,IVFSPEA2,SPEA2,DTLZ3,3,DTLZ,IGD,mannwhitneyu,30,30,0,0.14127750644049156,0.3888888888888889,0.6111111111111112,0.053060627028447105,0.053240292234135095,0.16756169368523416,False,=
primary_unpaired,IVFSPEA2_vs_SPEA2,IVFSPEA2,SPEA2,DTLZ4,3,DTLZ,IGD,mannwhitneyu,30,30,0,0.14127750644049156,0.3888888888888889,0.6111111111111112,0.054834363480064055,0.05530084166652205,0.16756169368523416,False,=
primary_unpaired,IVFSPEA2_vs_SPEA2,IVFSPEA2,SPEA2,DTLZ5,3,DTLZ,IGD,mannwhitneyu,30,30,0,8.291938835502516e-06,0.16444444444444445,0.8355555555555556,0.0042656421852896,0.0044038186260957,3.0206348615044877e-05,True,+
primary_unpaired,IVFSPEA2_vs_SPEA2,IVFSPEA2,SPEA2,DTLZ6,3,DTLZ,IGD,mannwhitneyu,30,30,0,0.0594279151689524,0.35777777777777775,0.6422222222222222,0.0040587931205209,0.004079709150640751,0.08191415334098845,False,=
primary_unpaired,IVFSPEA2_vs_SPEA2,IVFSPEA2,SPEA2,DTLZ7,3,DTLZ,IGD,mannwhitneyu,30,30,0,0.09925760823982568,0.37555555555555553,0.6244444444444445,0.059903089268315446,0.06055492551400765,0.12655345050577774,False,=
primary_unpaired,IVFSPEA2_vs_SPEA2,IVFSPEA2,SPEA2,MaF1,3,MaF,IGD,mannwhitneyu,30,30,0,1.0665677738596446e-07,0.1,0.9,0.04104575465103525,0.041671945721402204,6.799369558355234e-07,True,+
primary_unpaired,IVFSPEA2_vs_SPEA2,IVFSPEA2,SPEA2,MaF2,3,MaF,IGD,mannwhitneyu,30,30,0,0.00022539027899025688,0.2222222222222222,0.7777777777777778,0.0310074924478255,0.03235104573493725,0.00047895434285429587,True,+
primary_unpaired,IVFSPEA2_vs_SPEA2,IVFSPEA2,SPEA2,MaF3,3,MaF,IGD,mannwhitneyu,30,30,0,2.7725719451275823e-05,0.18444444444444444,0.8155555555555556,0.0325309925713462,0.0333739843434229,8.317715835382748e-05,True,+
primary_unpaired,IVFSPEA2_vs_SPEA2,IVFSPEA2,SPEA2,MaF4,3,MaF,IGD,mannwhitneyu,30,30,0,0.0001584609391324261,0.21555555555555556,0.7844444444444445,0.23909898398530705,0.2426029291772718,0.0003513699085110318,True,+
primary_unpaired,IVFSPEA2_vs_SPEA2,IVFSPEA2,SPEA2,MaF5,3,MaF,IGD,mannwhitneyu,30,30,0,0.31830422747222764,0.42444444444444446,0.5755555555555556,0.2464799165373171,0.24717087069803695,0.34539394895922576,False,=
primary_unpaired,IVFSPEA2_vs_SPEA2,IVFSPEA2,SPEA2,MaF6,3,MaF,IGD,mannwhitneyu,30,30,0,0.00035638379914234935,0.2311111111111111,0.768888888888889,0.0040514327306338,0.00408134790718135,0.0007270229502503927,True,+
primary_unpaired,IVFSPEA2_vs_SPEA2,IVFSPEA2,SPEA2,MaF7,3,MaF,IGD,mannwhitneyu,30,30,0,0.6843225867624494,0.4688888888888889,0.5311111111111111,0.0597139683443492,0.0598489276376376,0.7122541209160187,False,=
primary_unpaired,IVFSPEA2_vs_SPEA2,IVFSPEA2,SPEA2,WFG1,3,WFG,IGD,mannwhitneyu,30,30,0,0.4119108371475996,0.43777777777777777,0.5622222222222222,0.15367039613017394,0.1538335386109176,0.43765526446932457,False,=
primary_unpaired,IVFSPEA2_vs_SPEA2,IVFSPEA2,SPEA2,WFG2,3,WFG,IGD,mannwhitneyu,30,30,0,4.310612299972247e-08,0.9122222222222223,0.08777777777777773,0.18258502481226885,0.1729932126028884,3.140588961408351e-07,True,-
primary_unpaired,IVFSPEA2_vs_SPEA2,IVFSPEA2,SPEA2,WFG3,3,WFG,IGD,mannwhitneyu,30,30,0,5.607279613189108e-05,0.19666666666666666,0.8033333333333333,0.0860952342905957,0.09535317494291105,0.00014298563013632226,True,+
primary_unpaired,IVFSPEA2_vs_SPEA2,IVFSPEA2,SPEA2,WFG4,3,WFG,IGD,mannwhitneyu,30,30,0,2.2780239117599316e-05,0.1811111111111111,0.8188888888888889,0.21218095522410185,0.2151413485085322,7.261201218734783e-05,True,+
primary_unpaired,IVFSPEA2_vs_SPEA2,IVFSPEA2,SPEA2,WFG5,3,WFG,IGD,mannwhitneyu,30,30,0,2.3167867652540457e-06,0.14444444444444443,0.8555555555555556,0.22064758087647013,0.22277862221648798,9.846343752329694e-06,True,+
primary_unpaired,IVFSPEA2_vs_SPEA2,IVFSPEA2,SPEA2,WFG6,3,WFG,IGD,mannwhitneyu,30,30,0,0.8883028421533887,0.5111111111111111,0.48888888888888893,0.24017439436368215,0.23814308169084542,0.8883028421533887,False,=
primary_unpaired,IVFSPEA2_vs_SPEA2,IVFSPEA2,SPEA2,WFG7,3,WFG,IGD,mannwhitneyu,30,30,0,0.0006202653652039718,0.24222222222222223,0.7577777777777778,0.2141075331232007,0.21705345999044912,0.001216674370207791,True,+
primary_unpaired,IVFSPEA2_vs_SPEA2,IVFSPEA2,SPEA2,WFG8,3,WFG,IGD,mannwhitneyu,30,30,0,0.11536235969206284,0.3811111111111111,0.6188888888888888,0.2934937899751331,0.29472982090855143,0.14349952059256596,False,=
primary_unpaired,IVFSPEA2_vs_SPEA2,IVFSPEA2,SPEA2,WFG9,3,WFG,IGD,mannwhitneyu,30,30,0,2.1958855325221202e-07,0.11,0.89,0.21016766984276392,0.21715441438013305,1.244335135095868e-06,True,+
sensitivity_order_aligned,IVFSPEA2_vs_SPEA2,IVFSPEA2,SPEA2,DTLZ1,2,DTLZ,HV,wilcoxon,30,30,30,1.862645149230957e-09,0.9877777777777778,0.9877777777777778,0.5825075279287365,0.5824332770902345,1.899898052215576e-08,True,+
sensitivity_order_aligned,IVFSPEA2_vs_SPEA2,IVFSPEA2,SPEA2,DTLZ2,2,DTLZ,HV,wilcoxon,30,30,30,1.218356192111969e-05,0.8222222222222222,0.8222222222222222,0.3473731143598648,0.3472869233341278,2.589006908237934e-05,True,+
sensitivity_order_aligned,IVFSPEA2_vs_SPEA2,IVFSPEA2,SPEA2,DTLZ3,2,DTLZ,HV,wilcoxon,30,30,30,3.725290298461914e-09,0.9877777777777778,0.9877777777777778,0.3475271014637228,0.3464088377360188,2.71414007459368e-08,True,+
sensitivity_order_aligned,IVFSPEA2_vs_SPEA2,IVFSPEA2,SPEA2,DTLZ4,2,DTLZ,HV,wilcoxon,30,30,30,0.0023674946278333664,0.8266666666666667,0.8266666666666667,0.34741705597440153,0.3472937181025247,0.0034497778862714766,True,+
sensitivity_order_aligned,IVFSPEA2_vs_SPEA2,IVFSPEA2,SPEA2,DTLZ5,2,DTLZ,HV,wilcoxon,30,30,30,1.0244548320770264e-07,0.8855555555555555,0.8855555555555555,0.3473985609267851,0.34726420887570475,3.73194260256631e-07,True,+
sensitivity_order_aligned,IVFSPEA2_vs_SPEA2,IVFSPEA2,SPEA2,DTLZ6,2,DTLZ,HV,wilcoxon,30,30,30,0.018529480323195457,0.6755555555555556,0.6755555555555556,0.34758608157441545,0.34756078173439964,0.023625087412074208,True,+
sensitivity_order_aligned,IVFSPEA2_vs_SPEA2,IVFSPEA2,SPEA2,DTLZ7,2,DTLZ,HV,wilcoxon,30,30,30,4.4075772166252136e-05,0.8066666666666666,0.8066666666666666,0.24290800197562215,0.24288223949056786,7.751256484409859e-05,True,+
sensitivity_order_aligned,IVFSPEA2_vs_SPEA2,IVFSPEA2,SPEA2,MaF1,2,MaF,HV,wilcoxon,30,30,30,2.348795533180237e-06,0.9088888888888889,0.9088888888888889,0.5822475419930699,0.5820955075661011,5.704217723437718e-06,True,+
sensitivity_order_aligned,IVFSPEA2_vs_SPEA2,IVFSPEA2,SPEA2,MaF2,2,MaF,HV,wilcoxon,30,30,30,1.862645149230957e-08,0.9722222222222222,0.9722222222222222,0.20737474981017334,0.20724713342134826,8.635900237343527e-08,True,+
sensitivity_order_aligned,IVFSPEA2_vs_SPEA2,IVFSPEA2,SPEA2,MaF3,2,MaF,HV,wilcoxon,30,30,30,1.862645149230957e-09,0.9977777777777778,0.9977777777777778,0.7204791814116209,0.7189580214454192,1.899898052215576e-08,True,+
sensitivity_order_aligned,IVFSPEA2_vs_SPEA2,IVFSPEA2,SPEA2,MaF4,2,MaF,HV,wilcoxon,30,30,30,1.862645149230957e-09,0.9688888888888889,0.9688888888888889,0.8191124153181568,0.8186682386074745,1.899898052215576e-08,True,+
sensitivity_order_aligned,IVFSPEA2_vs_SPEA2,IVFSPEA2,SPEA2,MaF5,2,MaF,HV,wilcoxon,30,30,30,0.46454504504799843,0.6322222222222222,0.6322222222222222,0.3473019842221761,0.34721443164964383,0.4835060672948555,False,=
sensitivity_order_aligned,IVFSPEA2_vs_SPEA2,IVFSPEA2,SPEA2,MaF6,2,MaF,HV,wilcoxon,30,30,30,0.2988441474735737,0.6288888888888889,0.6288888888888889,0.3475585109751653,0.34752241097393904,0.3313272069815708,False,=
sensitivity_order_aligned,IVFSPEA2_vs_SPEA2,IVFSPEA2,SPEA2,MaF7,2,MaF,HV,wilcoxon,30,30,30,0.01453801617026329,0.7022222222222222,0.7022222222222222,0.24290970125746358,0.2428900709311953,0.019511548017984943,True,+
sensitivity_order_aligned,IVFSPEA2_vs_SPEA2,IVFSPEA2,SPEA2,WFG1,2,WFG,HV,wilcoxon,30,30,30,0.012047622352838516,0.6677777777777778,0.6677777777777778,0.6871443417526542,0.6839562408006028,0.016606182162020658,True,+
sensitivity_order_aligned,IVFSPEA2_vs_SPEA2,IVFSPEA2,SPEA2,WFG2,2,WFG,HV,wilcoxon,30,30,30,3.904104232788086e-05,0.16666666666666666,0.16666666666666666,0.6325347073740426,0.6331872825373951,7.111046995435442e-05,True,-
sensitivity_order_aligned,IVFSPEA2_vs_SPEA2,IVFSPEA2,SPEA2,WFG3,2,WFG,HV,wilcoxon,30,30,30,0.0007296018302440643,0.25222222222222224,0.25222222222222224,0.5811474567513373,0.5816116157810803,0.0010944027453660965,True,-
sensitivity_order_aligned,IVFSPEA2_vs_SPEA2,IVFSPEA2,SPEA2,WFG4,2,WFG,HV,wilcoxon,30,30,30,3.049522638320923e-05,0.8433333333333334,0.8433333333333334,0.34731204703467516,0.34714048977059064,6.221026182174683e-05,True,+
sensitivity_order_aligned,IVFSPEA2_vs_SPEA2,IVFSPEA2,SPEA2,WFG5,2,WFG,HV,wilcoxon,30,30,30,4.6566128730773926e-08,0.8911111111111111,0.8911111111111111,0.31359496397786535,0.313415293123565,1.8268250502072848e-07,True,+
sensitivity_order_aligned,IVFSPEA2_vs_SPEA2,IVFSPEA2,SPEA2,WFG6,2,WFG,HV,wilcoxon,30,30,30,0.22064675763249397,0.40555555555555556,0.40555555555555556,0.30115093366629686,0.3081489338328667,0.2616973171920277,False,=
sensitivity_order_aligned,IVFSPEA2_vs_SPEA2,IVFSPEA2,SPEA2,WFG7,2,WFG,HV,wilcoxon,30,30,30,1.1920928955078125e-06,0.9233333333333333,0.9233333333333333,0.3466643180236312,0.34622375630614266,3.1998282984683387e-06,True,+
sensitivity_order_aligned,IVFSPEA2_vs_SPEA2,IVFSPEA2,SPEA2,WFG8,2,WFG,HV,wilcoxon,30,30,30,0.7151329666376114,0.48,0.48,0.2899918240250343,0.29006855506987345,0.7151329666376114,False,=
sensitivity_order_aligned,IVFSPEA2_vs_SPEA2,IVFSPEA2,SPEA2,WFG9,2,WFG,HV,wilcoxon,30,30,30,0.0032229889184236526,0.29777777777777775,0.29777777777777775,0.3416265372179221,0.3430127204025538,0.004565900967766841,True,-
sensitivity_order_aligned,IVFSPEA2_vs_SPEA2,IVFSPEA2,SPEA2,ZDT1,2,ZDT,HV,wilcoxon,30,30,30,0.00011058151721954346,0.7733333333333333,0.7733333333333333,0.7204180977013257,0.7203203294557918,0.00018798857927322386,True,+
sensitivity_order_aligned,IVFSPEA2_vs_SPEA2,IVFSPEA2,SPEA2,ZDT2,2,ZDT,HV,wilcoxon,30,30,30,3.904104232788086e-05,0.7755555555555556,0.7755555555555556,0.44505235994077963,0.444958129934405,7.111046995435442e-05,True,+
sensitivity_order_aligned,IVFSPEA2_vs_SPEA2,IVFSPEA2,SPEA2,ZDT3,2,ZDT,HV,wilcoxon,30,30,30,0.0001528710126876831,0.74,0.74,0.5996815797381578,0.5996298778056369,0.00025149747248618835,True,+
sensitivity_order_aligned,IVFSPEA2_vs_SPEA2,IVFSPEA2,SPEA2,ZDT4,2,ZDT,HV,wilcoxon,30,30,30,3.725290298461914e-09,0.9911111111111112,0.9911111111111112,0.7205914222141478,0.7203946858734835,2.71414007459368e-08,True,+
sensitivity_order_aligned,IVFSPEA2_vs_SPEA2,IVFSPEA2,SPEA2,ZDT6,2,ZDT,HV,wilcoxon,30,30,30,8.326023817062378e-07,0.8566666666666667,0.8566666666666667,0.3889293014243099,0.3889069078890602,2.359040081501007e-06,True,+
sensitivity_order_aligned,IVFSPEA2_vs_SPEA2,IVFSPEA2,SPEA2,DTLZ1,3,DTLZ,HV,wilcoxon,30,30,30,2.7623027563095093e-06,0.8311111111111111,0.8311111111111111,0.8427441203335799,0.8424701443492565,6.4035200259902254e-06,True,+
sensitivity_order_aligned,IVFSPEA2_vs_SPEA2,IVFSPEA2,SPEA2,DTLZ2,3,DTLZ,HV,wilcoxon,30,30,30,1.30385160446167e-07,0.9477777777777778,0.9477777777777778,0.5583050866403325,0.5554332104770725,4.4330954551696777e-07,True,+
sensitivity_order_aligned,IVFSPEA2_vs_SPEA2,IVFSPEA2,SPEA2,DTLZ3,3,DTLZ,HV,wilcoxon,30,30,30,5.587935447692871e-09,0.9366666666666666,0.9366666666666666,0.5613848950904463,0.558411571069751,3.562308847904205e-08,True,+
sensitivity_order_aligned,IVFSPEA2_vs_SPEA2,IVFSPEA2,SPEA2,DTLZ4,3,DTLZ,HV,wilcoxon,30,30,30,0.3817984350025654,0.6555555555555556,0.6555555555555556,0.5564208036739557,0.5529109393820024,0.4056608371902257,False,=
sensitivity_order_aligned,IVFSPEA2_vs_SPEA2,IVFSPEA2,SPEA2,DTLZ5,3,DTLZ,HV,wilcoxon,30,30,30,3.855675458908081e-07,0.91,0.91,0.19980310837817025,0.199595588771706,1.2289965525269508e-06,True,+
sensitivity_order_aligned,IVFSPEA2_vs_SPEA2,IVFSPEA2,SPEA2,DTLZ6,3,DTLZ,HV,wilcoxon,30,30,30,0.023410143330693245,0.6622222222222223,0.6622222222222223,0.2000763022319873,0.2000485683235445,0.029119934386959888,True,+
sensitivity_order_aligned,IVFSPEA2_vs_SPEA2,IVFSPEA2,SPEA2,DTLZ7,3,DTLZ,HV,wilcoxon,30,30,30,0.018529480323195457,0.7088888888888889,0.7088888888888889,0.27749799033492306,0.27658300894883103,0.023625087412074208,True,+
sensitivity_order_aligned,IVFSPEA2_vs_SPEA2,IVFSPEA2,SPEA2,MaF1,3,MaF,HV,wilcoxon,30,30,30,9.313225746154785e-09,0.9577777777777777,0.9577777777777777,0.22022860643244285,0.2187005347870355,4.7497451305389404e-08,True,+
sensitivity_order_aligned,IVFSPEA2_vs_SPEA2,IVFSPEA2,SPEA2,MaF2,3,MaF,HV,wilcoxon,30,30,30,0.0006665531545877457,0.8122222222222222,0.8122222222222222,0.2404244692534172,0.2389949648073375,0.0010301276025446978,True,+
sensitivity_order_aligned,IVFSPEA2_vs_SPEA2,IVFSPEA2,SPEA2,MaF3,3,MaF,HV,wilcoxon,30,30,30,1.862645149230957e-09,0.9788888888888889,0.9788888888888889,0.9632759952754634,0.9623775716663661,1.899898052215576e-08,True,+
sensitivity_order_aligned,IVFSPEA2_vs_SPEA2,IVFSPEA2,SPEA2,MaF4,3,MaF,HV,wilcoxon,30,30,30,2.60770320892334e-08,0.9211111111111111,0.9211111111111111,0.5328393675295648,0.5303745234205695,1.1082738637924194e-07,True,+
sensitivity_order_aligned,IVFSPEA2_vs_SPEA2,IVFSPEA2,SPEA2,MaF5,3,MaF,HV,wilcoxon,30,30,30,0.7151329666376114,0.6211111111111111,0.6211111111111111,0.5558734180796133,0.5536935930558845,0.7151329666376114,False,=
sensitivity_order_aligned,IVFSPEA2_vs_SPEA2,IVFSPEA2,SPEA2,MaF6,3,MaF,HV,wilcoxon,30,30,30,0.19092952087521553,0.5822222222222222,0.5822222222222222,0.2000816113263194,0.200064555545178,0.2318429896341903,False,=
sensitivity_order_aligned,IVFSPEA2_vs_SPEA2,IVFSPEA2,SPEA2,MaF7,3,MaF,HV,wilcoxon,30,30,30,0.2710056286305189,0.61,0.61,0.2776242121129491,0.277294884537411,0.30713971244792143,False,=
sensitivity_order_aligned,IVFSPEA2_vs_SPEA2,IVFSPEA2,SPEA2,WFG1,3,WFG,HV,wilcoxon,30,30,30,0.22855282202363014,0.5788888888888889,0.5788888888888889,0.9445405066261443,0.944408356852847,0.2649134982546622,False,=
sensitivity_order_aligned,IVFSPEA2_vs_SPEA2,IVFSPEA2,SPEA2,WFG2,3,WFG,HV,wilcoxon,30,30,30,3.453157842159271e-05,0.15555555555555556,0.15555555555555556,0.9287250143370014,0.930846539377834,6.77350192115857e-05,True,-
sensitivity_order_aligned,IVFSPEA2_vs_SPEA2,IVFSPEA2,SPEA2,WFG3,3,WFG,HV,wilcoxon,30,30,30,5.718320608139038e-07,0.9333333333333333,0.9333333333333333,0.39625754994098583,0.38982385147693754,1.7154961824417114e-06,True,+
sensitivity_order_aligned,IVFSPEA2_vs_SPEA2,IVFSPEA2,SPEA2,WFG4,3,WFG,HV,wilcoxon,30,30,30,1.862645149230957e-09,0.9988888888888889,0.9988888888888889,0.5509758345332918,0.542980986812706,1.899898052215576e-08,True,+
sensitivity_order_aligned,IVFSPEA2_vs_SPEA2,IVFSPEA2,SPEA2,WFG5,3,WFG,HV,wilcoxon,30,30,30,1.4193356037139893e-06,0.9,0.9,0.5167862493168263,0.51389640910171,3.619305789470673e-06,True,+
sensitivity_order_aligned,IVFSPEA2_vs_SPEA2,IVFSPEA2,SPEA2,WFG6,3,WFG,HV,wilcoxon,30,30,30,0.3284698575735092,0.4444444444444444,0.4444444444444444,0.49694573045578283,0.500967942653259,0.35642473906912703,False,=
sensitivity_order_aligned,IVFSPEA2_vs_SPEA2,IVFSPEA2,SPEA2,WFG7,3,WFG,HV,wilcoxon,30,30,30,9.313225746154785e-09,0.9733333333333334,0.9733333333333334,0.5489948250571519,0.5428954565262295,4.7497451305389404e-08,True,+
sensitivity_order_aligned,IVFSPEA2_vs_SPEA2,IVFSPEA2,SPEA2,WFG8,3,WFG,HV,wilcoxon,30,30,30,0.0004183966666460037,0.8011111111111111,0.8011111111111111,0.4625957604359324,0.459225882422519,0.0006668196874670684,True,+
sensitivity_order_aligned,IVFSPEA2_vs_SPEA2,IVFSPEA2,SPEA2,WFG9,3,WFG,HV,wilcoxon,30,30,30,3.7904828786849976e-06,0.9588888888888889,0.9588888888888889,0.5350352986286353,0.5139209920377226,8.40498377447543e-06,True,+
sensitivity_order_aligned,IVFSPEA2_vs_SPEA2,IVFSPEA2,SPEA2,DTLZ1,2,DTLZ,IGD,wilcoxon,30,30,30,0.0061949919909238815,0.2722222222222222,0.7277777777777779,0.0018254769990161,0.0018341394130401,0.009873268485534936,True,+
sensitivity_order_aligned,IVFSPEA2_vs_SPEA2,IVFSPEA2,SPEA2,DTLZ2,2,DTLZ,IGD,wilcoxon,30,30,30,7.910653948783875e-05,0.18666666666666668,0.8133333333333334,0.004120473202951299,0.0041829988861775,0.0002241351952155431,True,+
sensitivity_order_aligned,IVFSPEA2_vs_SPEA2,IVFSPEA2,SPEA2,DTLZ3,2,DTLZ,IGD,wilcoxon,30,30,30,1.6391277313232422e-07,0.03888888888888889,0.9611111111111111,0.0040556137085074,0.00427552751026795,1.3932585716247559e-06,True,+
sensitivity_order_aligned,IVFSPEA2_vs_SPEA2,IVFSPEA2,SPEA2,DTLZ4,2,DTLZ,IGD,wilcoxon,30,30,30,0.00577649287879467,0.24333333333333335,0.7566666666666666,0.0041117571637087,0.00416314209905075,0.00950326247801704,True,+
sensitivity_order_aligned,IVFSPEA2_vs_SPEA2,IVFSPEA2,SPEA2,DTLZ5,2,DTLZ,IGD,wilcoxon,30,30,30,1.6838312149047852e-06,0.1411111111111111,0.8588888888888889,0.0041219535836446,0.0041768697390951,8.587539196014404e-06,True,+
sensitivity_order_aligned,IVFSPEA2_vs_SPEA2,IVFSPEA2,SPEA2,DTLZ6,2,DTLZ,IGD,wilcoxon,30,30,30,9.90256667137146e-05,0.2088888888888889,0.7911111111111111,0.00405428253714855,0.0040860951603893005,0.00026580573696839184,True,+
sensitivity_order_aligned,IVFSPEA2_vs_SPEA2,IVFSPEA2,SPEA2,DTLZ7,2,DTLZ,IGD,wilcoxon,30,30,30,0.0037444327026605606,0.2611111111111111,0.7388888888888889,0.0046966946645048,0.004803956468306151,0.006365535594522953,True,+
sensitivity_order_aligned,IVFSPEA2_vs_SPEA2,IVFSPEA2,SPEA2,MaF1,2,MaF,IGD,wilcoxon,30,30,30,1.8244609236717224e-05,0.11444444444444445,0.8855555555555555,0.0037341794620296496,0.0038020916751931,5.815469194203615e-05,True,+
sensitivity_order_aligned,IVFSPEA2_vs_SPEA2,IVFSPEA2,SPEA2,MaF2,2,MaF,IGD,wilcoxon,30,30,30,4.6566128730773926e-08,0.043333333333333335,0.9566666666666667,0.0021138160183303,0.00218707513936605,5.937181413173676e-07,True,+
sensitivity_order_aligned,IVFSPEA2_vs_SPEA2,IVFSPEA2,SPEA2,MaF3,2,MaF,IGD,wilcoxon,30,30,30,1.862645149230957e-09,0.006666666666666667,0.9933333333333333,0.00376268190561935,0.0042542116415806505,4.7497451305389404e-08,True,+
sensitivity_order_aligned,IVFSPEA2_vs_SPEA2,IVFSPEA2,SPEA2,MaF4,2,MaF,IGD,wilcoxon,30,30,30,1.991167664527893e-06,0.15,0.85,0.012463901403492749,0.0126860976393511,9.231777353720231e-06,True,+
sensitivity_order_aligned,IVFSPEA2_vs_SPEA2,IVFSPEA2,SPEA2,MaF5,2,MaF,IGD,wilcoxon,30,30,30,0.6120056137442589,0.3711111111111111,0.6288888888888888,0.012673778650650901,0.0128406836768417,0.6640911978927064,False,=
sensitivity_order_aligned,IVFSPEA2_vs_SPEA2,IVFSPEA2,SPEA2,MaF6,2,MaF,IGD,wilcoxon,30,30,30,1.8244609236717224e-05,0.2011111111111111,0.7988888888888889,0.00405346876945575,0.0040861027979633,5.815469194203615e-05,True,+
sensitivity_order_aligned,IVFSPEA2_vs_SPEA2,IVFSPEA2,SPEA2,MaF7,2,MaF,IGD,wilcoxon,30,30,30,0.11907656863331795,0.37444444444444447,0.6255555555555555,0.00471488821041755,0.004769238737345201,0.1518226250074804,False,=
sensitivity_order_aligned,IVFSPEA2_vs_SPEA2,IVFSPEA2,SPEA2,WFG1,2,WFG,IGD,wilcoxon,30,30,30,0.008142979815602303,0.33,0.6699999999999999,0.0219188224986393,0.0336688824301746,0.012214469723403454,True,+
sensitivity_order_aligned,IVFSPEA2_vs_SPEA2,IVFSPEA2,SPEA2,WFG2,2,WFG,IGD,wilcoxon,30,30,30,0.00013739429414272308,0.7488888888888889,0.25111111111111106,0.01133241178016195,0.0110770246152068,0.0003185049546035853,True,-
sensitivity_order_aligned,IVFSPEA2_vs_SPEA2,IVFSPEA2,SPEA2,WFG3,2,WFG,IGD,wilcoxon,30,30,30,0.07672121562063694,0.5933333333333334,0.4066666666666666,0.0121383985270128,0.01208377631367365,0.10032774350390986,False,=
sensitivity_order_aligned,IVFSPEA2_vs_SPEA2,IVFSPEA2,SPEA2,WFG4,2,WFG,IGD,wilcoxon,30,30,30,6.910413503646851e-07,0.07888888888888888,0.9211111111111111,0.012604425067995001,0.01289719788212665,5.034729838371276e-06,True,+
sensitivity_order_aligned,IVFSPEA2_vs_SPEA2,IVFSPEA2,SPEA2,WFG5,2,WFG,IGD,wilcoxon,30,30,30,1.862645149230957e-09,0.052222222222222225,0.9477777777777778,0.06344167115938185,0.0636784192588356,4.7497451305389404e-08,True,+
sensitivity_order_aligned,IVFSPEA2_vs_SPEA2,IVFSPEA2,SPEA2,WFG6,2,WFG,IGD,wilcoxon,30,30,30,0.21293285302817822,0.5944444444444444,0.40555555555555556,0.08586024456147345,0.0732655499478575,0.246808534191752,False,=
sensitivity_order_aligned,IVFSPEA2_vs_SPEA2,IVFSPEA2,SPEA2,WFG7,2,WFG,IGD,wilcoxon,30,30,30,1.1920928955078125e-06,0.07777777777777778,0.9222222222222223,0.0131799309043283,0.013774927595936199,6.7551930745442706e-06,True,+
sensitivity_order_aligned,IVFSPEA2_vs_SPEA2,IVFSPEA2,SPEA2,WFG8,2,WFG,IGD,wilcoxon,30,30,30,0.583757072687149,0.5166666666666667,0.4833333333333333,0.10745045166493741,0.10736577334626675,0.6472089284140131,False,=
sensitivity_order_aligned,IVFSPEA2_vs_SPEA2,IVFSPEA2,SPEA2,WFG9,2,WFG,IGD,wilcoxon,30,30,30,0.006639536470174789,0.6644444444444444,0.3355555555555556,0.01743524600781695,0.01584092420332505,0.010261101817542856,True,-
sensitivity_order_aligned,IVFSPEA2_vs_SPEA2,IVFSPEA2,SPEA2,ZDT1,2,ZDT,IGD,wilcoxon,30,30,30,0.001718590036034584,0.27444444444444444,0.7255555555555555,0.00390163978502325,0.00396019836597625,0.003022347994405648,True,+
sensitivity_order_aligned,IVFSPEA2_vs_SPEA2,IVFSPEA2,SPEA2,ZDT2,2,ZDT,IGD,wilcoxon,30,30,30,0.022098854184150696,0.33666666666666667,0.6633333333333333,0.00388786119562895,0.0039044513563738503,0.03220118752547673,True,+
sensitivity_order_aligned,IVFSPEA2_vs_SPEA2,IVFSPEA2,SPEA2,ZDT3,2,ZDT,IGD,wilcoxon,30,30,30,0.023410143330693245,0.33444444444444443,0.6655555555555556,0.00484181907734925,0.0048889868398704,0.03316436971848209,True,+
sensitivity_order_aligned,IVFSPEA2_vs_SPEA2,IVFSPEA2,SPEA2,ZDT4,2,ZDT,IGD,wilcoxon,30,30,30,9.98377799987793e-07,0.19444444444444445,0.8055555555555556,0.0038111393307552997,0.00385593508970945,6.36465847492218e-06,True,+
sensitivity_order_aligned,IVFSPEA2_vs_SPEA2,IVFSPEA2,SPEA2,ZDT6,2,ZDT,IGD,wilcoxon,30,30,30,3.7904828786849976e-06,0.1711111111111111,0.8288888888888889,0.0030623193129138,0.0030938583282635,1.610955223441124e-05,True,+
sensitivity_order_aligned,IVFSPEA2_vs_SPEA2,IVFSPEA2,SPEA2,DTLZ1,3,DTLZ,IGD,wilcoxon,30,30,30,0.06989291124045849,0.4166666666666667,0.5833333333333333,0.02010024719712675,0.020105028569030903,0.09380364403324691,False,=
sensitivity_order_aligned,IVFSPEA2_vs_SPEA2,IVFSPEA2,SPEA2,DTLZ2,3,DTLZ,IGD,wilcoxon,30,30,30,0.0006084088236093521,0.27444444444444444,0.7255555555555555,0.05379498603267315,0.0542309083477827,0.001149216666817665,True,+
sensitivity_order_aligned,IVFSPEA2_vs_SPEA2,IVFSPEA2,SPEA2,DTLZ3,3,DTLZ,IGD,wilcoxon,30,30,30,0.20540969260036945,0.3888888888888889,0.6111111111111112,0.053060627028447105,0.053240292234135095,0.24362544936322889,False,=
sensitivity_order_aligned,IVFSPEA2_vs_SPEA2,IVFSPEA2,SPEA2,DTLZ4,3,DTLZ,IGD,wilcoxon,30,30,30,0.5425279382616282,0.3888888888888889,0.6111111111111112,0.054834363480064055,0.05530084166652205,0.614864996696512,False,=
sensitivity_order_aligned,IVFSPEA2_vs_SPEA2,IVFSPEA2,SPEA2,DTLZ5,3,DTLZ,IGD,wilcoxon,30,30,30,5.144625902175903e-06,0.16444444444444445,0.8355555555555556,0.0042656421852896,0.0044038186260957,2.0182763154690085e-05,True,+
sensitivity_order_aligned,IVFSPEA2_vs_SPEA2,IVFSPEA2,SPEA2,DTLZ6,3,DTLZ,IGD,wilcoxon,30,30,30,0.052263347432017326,0.35777777777777775,0.6422222222222222,0.0040587931205209,0.004079709150640751,0.07203866808196983,False,=
sensitivity_order_aligned,IVFSPEA2_vs_SPEA2,IVFSPEA2,SPEA2,DTLZ7,3,DTLZ,IGD,wilcoxon,30,30,30,0.140283040702343,0.37555555555555553,0.6244444444444445,0.059903089268315446,0.06055492551400765,0.17449841648340225,False,=
sensitivity_order_aligned,IVFSPEA2_vs_SPEA2,IVFSPEA2,SPEA2,MaF1,3,MaF,IGD,wilcoxon,30,30,30,1.862645149230957e-08,0.1,0.9,0.04104575465103525,0.041671945721402204,3.166496753692627e-07,True,+
sensitivity_order_aligned,IVFSPEA2_vs_SPEA2,IVFSPEA2,SPEA2,MaF2,3,MaF,IGD,wilcoxon,30,30,30,0.00012333691120147705,0.2222222222222222,0.7777777777777778,0.0310074924478255,0.03235104573493725,0.00031450912356376646,True,+
sensitivity_order_aligned,IVFSPEA2_vs_SPEA2,IVFSPEA2,SPEA2,MaF3,3,MaF,IGD,wilcoxon,30,30,30,0.00013739429414272308,0.18444444444444444,0.8155555555555556,0.0325309925713462,0.0333739843434229,0.0003185049546035853,True,+
sensitivity_order_aligned,IVFSPEA2_vs_SPEA2,IVFSPEA2,SPEA2,MaF4,3,MaF,IGD,wilcoxon,30,30,30,0.001038169488310814,0.21555555555555556,0.7844444444444445,0.23909898398530705,0.2426029291772718,0.0018909515679946965,True,+
sensitivity_order_aligned,IVFSPEA2_vs_SPEA2,IVFSPEA2,SPEA2,MaF5,3,MaF,IGD,wilcoxon,30,30,30,1.0,0.42444444444444446,0.5755555555555556,0.2464799165373171,0.24717087069803695,1.0,False,=
sensitivity_order_aligned,IVFSPEA2_vs_SPEA2,IVFSPEA2,SPEA2,MaF6,3,MaF,IGD,wilcoxon,30,30,30,0.0002562887966632843,0.2311111111111111,0.768888888888889,0.0040514327306338,0.00408134790718135,0.0005228291451931,True,+
sensitivity_order_aligned,IVFSPEA2_vs_SPEA2,IVFSPEA2,SPEA2,MaF7,3,MaF,IGD,wilcoxon,30,30,30,0.7151329666376114,0.4688888888888889,0.5311111111111111,0.0597139683443492,0.0598489276376376,0.7294356259703636,False,=
sensitivity_order_aligned,IVFSPEA2_vs_SPEA2,IVFSPEA2,SPEA2,WFG1,3,WFG,IGD,wilcoxon,30,30,30,0.6263462882488966,0.43777777777777777,0.5622222222222222,0.15367039613017394,0.1538335386109176,0.6654929312644526,False,=
sensitivity_order_aligned,IVFSPEA2_vs_SPEA2,IVFSPEA2,SPEA2,WFG2,3,WFG,IGD,wilcoxon,30,30,30,8.009374141693115e-08,0.9122222222222223,0.08777777777777773,0.18258502481226885,0.1729932126028884,8.169561624526978e-07,True,-
sensitivity_order_aligned,IVFSPEA2_vs_SPEA2,IVFSPEA2,SPEA2,WFG3,3,WFG,IGD,wilcoxon,30,30,30,0.00016989745199680328,0.19666666666666666,0.8033333333333333,0.0860952342905957,0.09535317494291105,0.0003767291326885638,True,+
sensitivity_order_aligned,IVFSPEA2_vs_SPEA2,IVFSPEA2,SPEA2,WFG4,3,WFG,IGD,wilcoxon,30,30,30,0.00020912662148475647,0.1811111111111111,0.8188888888888889,0.21218095522410185,0.2151413485085322,0.0004443940706551075,True,+
sensitivity_order_aligned,IVFSPEA2_vs_SPEA2,IVFSPEA2,SPEA2,WFG5,3,WFG,IGD,wilcoxon,30,30,30,1.3966113328933716e-05,0.14444444444444443,0.8555555555555556,0.22064758087647013,0.22277862221648798,5.087655569825853e-05,True,+
sensitivity_order_aligned,IVFSPEA2_vs_SPEA2,IVFSPEA2,SPEA2,WFG6,3,WFG,IGD,wilcoxon,30,30,30,0.685047073289752,0.5111111111111111,0.48888888888888893,0.24017439436368215,0.23814308169084542,0.7130081783219867,False,=
sensitivity_order_aligned,IVFSPEA2_vs_SPEA2,IVFSPEA2,SPEA2,WFG7,3,WFG,IGD,wilcoxon,30,30,30,0.0006084088236093521,0.24222222222222223,0.7577777777777778,0.2141075331232007,0.21705345999044912,0.001149216666817665,True,+
sensitivity_order_aligned,IVFSPEA2_vs_SPEA2,IVFSPEA2,SPEA2,WFG8,3,WFG,IGD,wilcoxon,30,30,30,0.17059839516878128,0.3811111111111111,0.6188888888888888,0.2934937899751331,0.29472982090855143,0.20715519413352013,False,=
sensitivity_order_aligned,IVFSPEA2_vs_SPEA2,IVFSPEA2,SPEA2,WFG9,3,WFG,IGD,wilcoxon,30,30,30,3.049522638320923e-05,0.11,0.89,0.21016766984276392,0.21715441438013305,9.148567914962769e-05,True,+
