problem,M,group,metric,algo,algo_label,median,rank,is_best
DTLZ1,2,DTLZ,IGD,IVFSPEA2,IVF/SPEA2,0.0018254769990161,2,False
DTLZ1,2,DTLZ,IGD,IVFNSGAII,IVF/NSGA-II,0.0022352825686534,3,False
DTLZ1,2,DTLZ,IGD,IVFNSGAIII,IVF/NSGA-III,0.0017853263971455,1,True
DTLZ1,3,DTLZ,IGD,IVFSPEA2,IVF/SPEA2,0.02010024719712675,1,True
DTLZ1,3,DTLZ,IGD,IVFNSGAII,IVF/NSGA-II,0.0267887526276709,3,False
DTLZ1,3,DTLZ,IGD,IVFNSGAIII,IVF/NSGA-III,0.020558964174140652,2,False
DTLZ2,2,DTLZ,IGD,IVFSPEA2,IVF/SPEA2,0.004120473202951299,2,False
DTLZ2,2,DTLZ,IGD,IVFNSGAII,IVF/NSGA-II,0.0051180607396139,3,False
DTLZ2,2,DTLZ,IGD,IVFNSGAIII,IVF/NSGA-III,0.0039658782972563505,1,True
DTLZ2,3,DTLZ,IGD,IVFSPEA2,IVF/SPEA2,0.05379498603267315,1,True
DTLZ2,3,DTLZ,IGD,IVFNSGAII,IVF/NSGA-II,0.06913979310062104,3,False
DTLZ2,3,DTLZ,IGD,IVFNSGAIII,IVF/NSGA-III,0.0544639709058104,2,False
DTLZ3,2,DTLZ,IGD,IVFSPEA2,IVF/SPEA2,0.0040556137085074,2,False
DTLZ3,2,DTLZ,IGD,IVFNSGAII,IVF/NSGA-II,0.00523553957247465,3,False
DTLZ3,2,DTLZ,IGD,IVFNSGAIII,IVF/NSGA-III,0.003992677891399,1,True
DTLZ3,3,DTLZ,IGD,IVFSPEA2,IVF/SPEA2,0.053060627028447105,1,True
DTLZ3,3,DTLZ,IGD,IVFNSGAII,IVF/NSGA-II,0.06839486324762264,3,False
DTLZ3,3,DTLZ,IGD,IVFNSGAIII,IVF/NSGA-III,0.05449525248344895,2,False
DTLZ4,2,DTLZ,IGD,IVFSPEA2,IVF/SPEA2,0.0041117571637087,2,False
DTLZ4,2,DTLZ,IGD,IVFNSGAII,IVF/NSGA-II,0.00517018917191145,3,False
DTLZ4,2,DTLZ,IGD,IVFNSGAIII,IVF/NSGA-III,0.00396587800767795,1,True
DTLZ4,3,DTLZ,IGD,IVFSPEA2,IVF/SPEA2,0.054834363480064055,2,False
DTLZ4,3,DTLZ,IGD,IVFNSGAII,IVF/NSGA-II,0.06709818277935375,3,False
DTLZ4,3,DTLZ,IGD,IVFNSGAIII,IVF/NSGA-III,0.054465152393706195,1,True
DTLZ5,2,DTLZ,IGD,IVFSPEA2,IVF/SPEA2,0.0041219535836446,2,False
DTLZ5,2,DTLZ,IGD,IVFNSGAII,IVF/NSGA-II,0.00514398641207065,3,False
DTLZ5,2,DTLZ,IGD,IVFNSGAIII,IVF/NSGA-III,0.0039658783353843,1,True
DTLZ5,3,DTLZ,IGD,IVFSPEA2,IVF/SPEA2,0.0042656421852896,1,True
DTLZ5,3,DTLZ,IGD,IVFNSGAII,IVF/NSGA-II,0.00596916234060795,2,False
DTLZ5,3,DTLZ,IGD,IVFNSGAIII,IVF/NSGA-III,0.0128576074283162,3,False
DTLZ6,2,DTLZ,IGD,IVFSPEA2,IVF/SPEA2,0.00405428253714855,2,False
DTLZ6,2,DTLZ,IGD,IVFNSGAII,IVF/NSGA-II,0.00568286809664615,3,False
DTLZ6,2,DTLZ,IGD,IVFNSGAIII,IVF/NSGA-III,0.00396587390878545,1,True
DTLZ6,3,DTLZ,IGD,IVFSPEA2,IVF/SPEA2,0.0040587931205209,1,True
DTLZ6,3,DTLZ,IGD,IVFNSGAII,IVF/NSGA-II,0.0059198443743177,2,False
DTLZ6,3,DTLZ,IGD,IVFNSGAIII,IVF/NSGA-III,0.019015649242571,3,False
DTLZ7,2,DTLZ,IGD,IVFSPEA2,IVF/SPEA2,0.0046966946645048,1,True
DTLZ7,2,DTLZ,IGD,IVFNSGAII,IVF/NSGA-II,0.0054793273384937,3,False
DTLZ7,2,DTLZ,IGD,IVFNSGAIII,IVF/NSGA-III,0.0050737431736110495,2,False
DTLZ7,3,DTLZ,IGD,IVFSPEA2,IVF/SPEA2,0.059903089268315446,1,True
DTLZ7,3,DTLZ,IGD,IVFNSGAII,IVF/NSGA-II,0.0766654386511594,3,False
DTLZ7,3,DTLZ,IGD,IVFNSGAIII,IVF/NSGA-III,0.0757161091490364,2,False
MaF1,2,MaF,IGD,IVFSPEA2,IVF/SPEA2,0.0037341794620296496,2,False
MaF1,2,MaF,IGD,IVFNSGAII,IVF/NSGA-II,0.0046074682749539,3,False
MaF1,2,MaF,IGD,IVFNSGAIII,IVF/NSGA-III,0.0035705739461352,1,True
MaF1,3,MaF,IGD,IVFSPEA2,IVF/SPEA2,0.04104575465103525,1,True
MaF1,3,MaF,IGD,IVFNSGAII,IVF/NSGA-II,0.0577080077186577,2,False
MaF1,3,MaF,IGD,IVFNSGAIII,IVF/NSGA-III,0.060966349801351155,3,False
MaF2,2,MaF,IGD,IVFSPEA2,IVF/SPEA2,0.0021138160183303,2,False
MaF2,2,MaF,IGD,IVFNSGAII,IVF/NSGA-II,0.0027166137320572504,3,False
MaF2,2,MaF,IGD,IVFNSGAIII,IVF/NSGA-III,0.00200625605064425,1,True
MaF2,3,MaF,IGD,IVFSPEA2,IVF/SPEA2,0.0310074924478255,1,True
MaF2,3,MaF,IGD,IVFNSGAII,IVF/NSGA-II,0.04556443099379995,3,False
MaF2,3,MaF,IGD,IVFNSGAIII,IVF/NSGA-III,0.0359745333030978,2,False
MaF3,2,MaF,IGD,IVFSPEA2,IVF/SPEA2,0.00376268190561935,1,True
MaF3,2,MaF,IGD,IVFNSGAII,IVF/NSGA-II,0.00487931608340225,2,False
MaF3,2,MaF,IGD,IVFNSGAIII,IVF/NSGA-III,0.0059987980298251,3,False
MaF3,3,MaF,IGD,IVFSPEA2,IVF/SPEA2,0.0325309925713462,1,True
MaF3,3,MaF,IGD,IVFNSGAII,IVF/NSGA-II,0.0510387833806675,3,False
MaF3,3,MaF,IGD,IVFNSGAIII,IVF/NSGA-III,0.046315730596277596,2,False
MaF4,2,MaF,IGD,IVFSPEA2,IVF/SPEA2,0.012463901403492749,1,True
MaF4,2,MaF,IGD,IVFNSGAII,IVF/NSGA-II,0.0157218027203202,2,False
MaF4,2,MaF,IGD,IVFNSGAIII,IVF/NSGA-III,0.0349873963936281,3,False
MaF4,3,MaF,IGD,IVFSPEA2,IVF/SPEA2,0.23909898398530705,1,True
MaF4,3,MaF,IGD,IVFNSGAII,IVF/NSGA-II,0.2962187764549937,2,False
MaF4,3,MaF,IGD,IVFNSGAIII,IVF/NSGA-III,0.33746818038370974,3,False
MaF5,2,MaF,IGD,IVFSPEA2,IVF/SPEA2,0.012673778650650901,2,False
MaF5,2,MaF,IGD,IVFNSGAII,IVF/NSGA-II,0.0160231494856799,3,False
MaF5,2,MaF,IGD,IVFNSGAIII,IVF/NSGA-III,0.0122304875256289,1,True
MaF5,3,MaF,IGD,IVFSPEA2,IVF/SPEA2,0.2464799165373171,1,True
MaF5,3,MaF,IGD,IVFNSGAII,IVF/NSGA-II,0.30320095715181294,3,False
MaF5,3,MaF,IGD,IVFNSGAIII,IVF/NSGA-III,0.2597580896988205,2,False
MaF6,2,MaF,IGD,IVFSPEA2,IVF/SPEA2,0.00405346876945575,2,False
MaF6,2,MaF,IGD,IVFNSGAII,IVF/NSGA-II,0.0050293843795893994,3,False
MaF6,2,MaF,IGD,IVFNSGAIII,IVF/NSGA-III,0.0039658814126353,1,True
MaF6,3,MaF,IGD,IVFSPEA2,IVF/SPEA2,0.0040514327306338,1,True
MaF6,3,MaF,IGD,IVFNSGAII,IVF/NSGA-II,0.00531270764937255,2,False
MaF6,3,MaF,IGD,IVFNSGAIII,IVF/NSGA-III,0.0150425254671798,3,False
MaF7,2,MaF,IGD,IVFSPEA2,IVF/SPEA2,0.00471488821041755,1,True
MaF7,2,MaF,IGD,IVFNSGAII,IVF/NSGA-II,0.00546102582834145,3,False
MaF7,2,MaF,IGD,IVFNSGAIII,IVF/NSGA-III,0.0050405620910281505,2,False
MaF7,3,MaF,IGD,IVFSPEA2,IVF/SPEA2,0.0597139683443492,1,True
MaF7,3,MaF,IGD,IVFNSGAII,IVF/NSGA-II,0.0774746754515051,3,False
MaF7,3,MaF,IGD,IVFNSGAIII,IVF/NSGA-III,0.07707450227892679,2,False
WFG1,2,WFG,IGD,IVFSPEA2,IVF/SPEA2,0.0219188224986393,2,False
WFG1,2,WFG,IGD,IVFNSGAII,IVF/NSGA-II,0.01813387653282325,1,True
WFG1,2,WFG,IGD,IVFNSGAIII,IVF/NSGA-III,0.09725139722017184,3,False
WFG1,3,WFG,IGD,IVFSPEA2,IVF/SPEA2,0.15367039613017394,2,False
WFG1,3,WFG,IGD,IVFNSGAII,IVF/NSGA-II,0.23350882398122097,3,False
WFG1,3,WFG,IGD,IVFNSGAIII,IVF/NSGA-III,0.14822488957280328,1,True
WFG2,2,WFG,IGD,IVFSPEA2,IVF/SPEA2,0.01133241178016195,1,True
WFG2,2,WFG,IGD,IVFNSGAII,IVF/NSGA-II,0.01323741406521075,2,False
WFG2,2,WFG,IGD,IVFNSGAIII,IVF/NSGA-III,0.01393081316440385,3,False
WFG2,3,WFG,IGD,IVFSPEA2,IVF/SPEA2,0.18258502481226885,2,False
WFG2,3,WFG,IGD,IVFNSGAII,IVF/NSGA-II,0.2253121406132788,3,False
WFG2,3,WFG,IGD,IVFNSGAIII,IVF/NSGA-III,0.1644808222367961,1,True
WFG3,2,WFG,IGD,IVFSPEA2,IVF/SPEA2,0.0121383985270128,2,False
WFG3,2,WFG,IGD,IVFNSGAII,IVF/NSGA-II,0.0145799749386997,3,False
WFG3,2,WFG,IGD,IVFNSGAIII,IVF/NSGA-III,0.01132071761216705,1,True
WFG3,3,WFG,IGD,IVFSPEA2,IVF/SPEA2,0.0860952342905957,1,True
WFG3,3,WFG,IGD,IVFNSGAII,IVF/NSGA-II,0.0942328537858651,2,False
WFG3,3,WFG,IGD,IVFNSGAIII,IVF/NSGA-III,0.10569325791138605,3,False
WFG4,2,WFG,IGD,IVFSPEA2,IVF/SPEA2,0.012604425067995001,2,False
WFG4,2,WFG,IGD,IVFNSGAII,IVF/NSGA-II,0.01517210290981985,3,False
WFG4,2,WFG,IGD,IVFNSGAIII,IVF/NSGA-III,0.012232473607895401,1,True
WFG4,3,WFG,IGD,IVFSPEA2,IVF/SPEA2,0.21218095522410185,1,True
WFG4,3,WFG,IGD,IVFNSGAII,IVF/NSGA-II,0.2640004242075247,3,False
WFG4,3,WFG,IGD,IVFNSGAIII,IVF/NSGA-III,0.22093086410299467,2,False
WFG5,2,WFG,IGD,IVFSPEA2,IVF/SPEA2,0.06344167115938185,2,False
WFG5,2,WFG,IGD,IVFNSGAII,IVF/NSGA-II,0.06526074474515385,3,False
WFG5,2,WFG,IGD,IVFNSGAIII,IVF/NSGA-III,0.06337149012799184,1,True
WFG5,3,WFG,IGD,IVFSPEA2,IVF/SPEA2,0.22064758087647013,1,True
WFG5,3,WFG,IGD,IVFNSGAII,IVF/NSGA-II,0.2784208076921092,3,False
WFG5,3,WFG,IGD,IVFNSGAIII,IVF/NSGA-III,0.2298827573733389,2,False
WFG6,2,WFG,IGD,IVFSPEA2,IVF/SPEA2,0.08586024456147345,2,False
WFG6,2,WFG,IGD,IVFNSGAII,IVF/NSGA-II,0.09173679389398176,3,False
WFG6,2,WFG,IGD,IVFNSGAIII,IVF/NSGA-III,0.0717330776791116,1,True
WFG6,3,WFG,IGD,IVFSPEA2,IVF/SPEA2,0.24017439436368215,2,False
WFG6,3,WFG,IGD,IVFNSGAII,IVF/NSGA-II,0.308034519680709,3,False
WFG6,3,WFG,IGD,IVFNSGAIII,IVF/NSGA-III,0.23178447808096309,1,True
WFG7,2,WFG,IGD,IVFSPEA2,IVF/SPEA2,0.0131799309043283,2,False
WFG7,2,WFG,IGD,IVFNSGAII,IVF/NSGA-II,0.0167291921134494,3,False
WFG7,2,WFG,IGD,IVFNSGAIII,IVF/NSGA-III,0.01223346317574075,1,True
WFG7,3,WFG,IGD,IVFSPEA2,IVF/SPEA2,0.2141075331232007,1,True
WFG7,3,WFG,IGD,IVFNSGAII,IVF/NSGA-II,0.27828097187607315,3,False
WFG7,3,WFG,IGD,IVFNSGAIII,IVF/NSGA-III,0.22107502970860216,2,False
WFG8,2,WFG,IGD,IVFSPEA2,IVF/SPEA2,0.10745045166493741,2,False
WFG8,2,WFG,IGD,IVFNSGAII,IVF/NSGA-II,0.1094443444705969,3,False
WFG8,2,WFG,IGD,IVFNSGAIII,IVF/NSGA-III,0.10638752069867895,1,True
WFG8,3,WFG,IGD,IVFSPEA2,IVF/SPEA2,0.2934937899751331,2,False
WFG8,3,WFG,IGD,IVFNSGAII,IVF/NSGA-II,0.37100140851177243,3,False
WFG8,3,WFG,IGD,IVFNSGAIII,IVF/NSGA-III,0.27893233661051864,1,True
WFG9,2,WFG,IGD,IVFSPEA2,IVF/SPEA2,0.01743524600781695,2,False
WFG9,2,WFG,IGD,IVFNSGAII,IVF/NSGA-II,0.01995040241926855,3,False
WFG9,2,WFG,IGD,IVFNSGAIII,IVF/NSGA-III,0.014734404807654849,1,True
WFG9,3,WFG,IGD,IVFSPEA2,IVF/SPEA2,0.21016766984276392,1,True
WFG9,3,WFG,IGD,IVFNSGAII,IVF/NSGA-II,0.27404038209938925,3,False
WFG9,3,WFG,IGD,IVFNSGAIII,IVF/NSGA-III,0.22107751747572205,2,False
ZDT1,2,ZDT,IGD,IVFSPEA2,IVF/SPEA2,0.00390163978502325,2,False
ZDT1,2,ZDT,IGD,IVFNSGAII,IVF/NSGA-II,0.00479916915894525,3,False
ZDT1,2,ZDT,IGD,IVFNSGAIII,IVF/NSGA-III,0.0038879370449822,1,True
ZDT2,2,ZDT,IGD,IVFSPEA2,IVF/SPEA2,0.00388786119562895,2,False
ZDT2,2,ZDT,IGD,IVFNSGAII,IVF/NSGA-II,0.00480006558558555,3,False
ZDT2,2,ZDT,IGD,IVFNSGAIII,IVF/NSGA-III,0.00380696262440505,1,True
ZDT3,2,ZDT,IGD,IVFSPEA2,IVF/SPEA2,0.00484181907734925,1,True
ZDT3,2,ZDT,IGD,IVFNSGAII,IVF/NSGA-II,0.0054970578725809,2,False
ZDT3,2,ZDT,IGD,IVFNSGAIII,IVF/NSGA-III,0.00608562632899685,3,False
ZDT4,2,ZDT,IGD,IVFSPEA2,IVF/SPEA2,0.0038111393307552997,1,True
ZDT4,2,ZDT,IGD,IVFNSGAII,IVF/NSGA-II,0.0045731050135855,3,False
ZDT4,2,ZDT,IGD,IVFNSGAIII,IVF/NSGA-III,0.003888827440609,2,False
ZDT6,2,ZDT,IGD,IVFSPEA2,IVF/SPEA2,0.0030623193129138,2,False
ZDT6,2,ZDT,IGD,IVFNSGAII,IVF/NSGA-II,0.00389741106531325,3,False
ZDT6,2,ZDT,IGD,IVFNSGAIII,IVF/NSGA-III,0.0030012615661216997,1,True
