artifact_path,artifact_kind,claim_level,track,producer,primary_inputs,cohort_policy,status,notes,availability,sha256,archived_path
docs/IVFSPEA2_KNOWLEDGE_BASE.md,knowledge_doc,control,Repository knowledge,manual synthesis,archive/docs-historical/IVF_V2_CONSOLIDATION.md; archive/docs-historical/IVFSPEA2V2_TUNING_DECISION_LOG.md; archive/data-legacy/data/CURRENT_DATA_MANIFEST.md,n/a,frozen,"Condensed algorithm, tuning, naming, and data-layout knowledge",in_repo,0f32d64798407450ada81a83f1775ea5a591fc286fdb727ed96667ca635dca17,
docs/IVFSPEA2_EVIDENCE_MODEL.md,knowledge_doc,control,Current manuscript evidence,manual synthesis,archive/docs-procedural/submission_rerun_protocol_v2.md; archive/docs-historical/ws3_comparison_statistics_freeze.md; src/python/analysis/cohort_filter.py,n/a,frozen,Condensed evidence model and claim hierarchy for the current manuscript,in_repo,4d8bd6ccf12b05105fe79dcb7f67693f80d2a9298141bf10a2d74576b3cefe36,
results/SUBMISSION_EVIDENCE_MAP.md,knowledge_doc,control,Submission evidence map,manual synthesis,archive/results-procedural/results/submission_claim_traceability.md; archive/results-procedural/results/submission_statistics_traceability.md; archive/results-procedural/results/submission_ws6_claim_audit_20260309.md,n/a,frozen,"Human-readable map of supported claims, inferential roles, and checked headline numbers",in_repo,47988b27ab1494f46e9c2d84ea6ea1f5946ee3495f5ab6ea88aa9920109a07c4,
CITATION.cff,citation_metadata,control,Repository citation,manual cff,README.md; paper/src/sn-article_submission.tex,n/a,frozen,Repository citation metadata for the software and reproducibility package,in_repo,3778317a210f11620406ff0a97e51f0ea9f64f1a693fa903b756a18b8272b895,
,archived_control_doc,control,WS4 execution,manual freeze,results/submission_release_manifest.csv; analysis regeneration commands,n/a,archived,"Archived execution record for regenerated data-driven manuscript artifacts. Procedural record, not distributed. Retained offline under archive/results-procedural/results/submission_ws4_execution_20260309.md.",archived_offline,,archive/results-procedural/results/submission_ws4_execution_20260309.md
,archived_control_doc,control,WS5 execution,manual freeze,paper/src/sn-article.tex; paper/src/sn-article_submission.tex; paper/build/sn-article.pdf,n/a,archived,"Archived execution record for method-presentation and submission-compliance edits. Procedural record, not distributed. Retained offline under archive/results-procedural/results/submission_ws5_execution_20260309.md.",archived_offline,,archive/results-procedural/results/submission_ws5_execution_20260309.md
,archived_control_doc,control,WS6 final audit,manual freeze,paper/src/sn-article.tex; results/tables/claims_summary_audit.csv; results/engineering_suite/engineering_suite_pairwise_main.csv; results/ablation_v2/phase3/phase3_summary.json,n/a,archived,"Archived detailed numeric consistency audit for headline manuscript claims. Procedural record, not distributed. Retained offline under archive/results-procedural/results/submission_ws6_claim_audit_20260309.md.",archived_offline,,archive/results-procedural/results/submission_ws6_claim_audit_20260309.md
,archived_control_doc,control,WS6 packaging,manual freeze,paper/src/sn-article_submission.tex; paper/build_submission/sn-article_submission.pdf; paper/figures/,n/a,archived,"Archived packaging-oriented upload manifest. Procedural record, not distributed. Retained offline under archive/results-procedural/results/submission_package_manifest_20260309.md.",archived_offline,,archive/results-procedural/results/submission_package_manifest_20260309.md
,archived_control_doc,control,WS6 final gate,manual freeze,paper/build/sn-article.pdf; paper/build_submission/sn-article_submission.pdf; tests/python/test_analysis.py; tests/matlab/test_CalFitness.m,n/a,archived,"Archived final gate memo. Procedural record, not distributed. Retained offline under archive/results-procedural/results/submission_ws6_go_no_go_20260309.md.",archived_offline,,archive/results-procedural/results/submission_ws6_go_no_go_20260309.md
data/processed/todas_metricas_consolidado.csv,processed_csv,control,Track 3 base consolidated,src/python/analysis/consolidate_ivfspea2v2.py,src/matlab/lib/PlatEMO/Data/IVFSPEA2/,requires downstream cohort filtering,frozen_filtered,Contains current IVFSPEA2 label but is not canonical for claims by filename alone,in_repo,dc4363fe6027890ee3147964ad26b5a9ecb03ee16d905d51eae623d72bcc03de,
data/processed/todas_metricas_consolidado_with_modern.csv,processed_csv,control,Track 3 synthetic aggregate,scripts/integrate_modern_baselines_main.m,data/processed/todas_metricas_consolidado.csv; modern baseline inventories,synthetic claims require src/python/analysis/cohort_filter.py,frozen_filtered,Primary paper source for synthetic analyses with modern baselines; engineering rows excluded for synthetic claims,in_repo,3243d4dac62ddc5d766102d241601e83623afac6297cd02a4c4edf2a946c064a,
results/tables/run_cohort_audit.csv,audit_csv,control,Track 3 synthetic audit,src/python/analysis/audit_submission_cohorts.py,data/processed/todas_metricas_consolidado_with_modern.csv,raw consolidated coverage before claim filtering,frozen,Documents mixed-track raw condition and group coverage,in_repo,9a07fd976ed658523d829e81b680de41b75e74682d849b7ad67f08e52d301c8a,
results/tables/run_cohort_anomalies.csv,audit_csv,control,Track 3 synthetic audit,src/python/analysis/audit_submission_cohorts.py,data/processed/todas_metricas_consolidado_with_modern.csv,raw consolidated coverage before claim filtering,frozen,Lists anomalous mixed-track synthetic groups,in_repo,0ee8a11e1edee0895d036843677f22e38fdf08f5136fab0167cf35a739791a7a,
results/tables/run_cohort_summary.csv,audit_csv,control,Track 3 synthetic audit,src/python/analysis/audit_submission_cohorts.py,data/processed/todas_metricas_consolidado_with_modern.csv,raw consolidated coverage before claim filtering,frozen,Summary of raw synthetic cohort status by algorithm,in_repo,bc9a4285f7e76044182749a1386fa4feff28fb1dcdb6f5000e5a5e7e3d56764a,
results/submission_comparability_matrix.csv,control_csv,control,WS3 freeze,manual freeze,paper/src/sn-article.tex; results/tables/run_cohort_summary.csv; results/engineering_suite/engineering_suite_summary_main.csv,n/a,frozen,Machine-readable comparison-fairness matrix for all evidence blocks,in_repo,5dd38ec5f2ec04560abf54887fa1d1f345605171de962975c3c56e3dfefaeb3f,
results/tables/claims_summary_audit.csv,audit_csv,confirmatory,Track 3 synthetic,src/python/analysis/compute_claims_summary.py,data/processed/todas_metricas_consolidado_with_modern.csv; src/python/analysis/cohort_filter.py,IVFSPEA2 3001-3060; baselines 1-60; no RWMOP rows,frozen,Main confirmatory counts for Table 3 / abstract / conclusion,in_repo,329b34349bf8f4466dd5d68d752c97f756d11f4f8326fa20153d436a5ec38afc,
results/tables/claims_summary_instance_details.csv,audit_csv,confirmatory,Track 3 synthetic,src/python/analysis/compute_claims_summary.py,data/processed/todas_metricas_consolidado_with_modern.csv; src/python/analysis/cohort_filter.py,IVFSPEA2 3001-3060; baselines 1-60; no RWMOP rows,frozen,Per-instance backing for claims summary,in_repo,1ef4ffe71ebe0bc004020565233869b09b57cd166e90849a91d180b3c30f22fb,
results/tables/runtime_overhead_baselines.tex,table_tex,confirmatory_support,Track 3 synthetic,src/python/analysis/compute_runtime_overhead_baselines.py,data/processed/todas_metricas_consolidado_with_modern.csv; src/python/analysis/cohort_filter.py,IVFSPEA2 3001-3060; baselines 1-60; no RWMOP rows,frozen,Runtime trade-off table cited in Results and Discussion,in_repo,e26453960b4bbe2b405e8e56fbdff2fc834d6c43ac20e582721bb3aadd87266f,
results/tables/igd_m2_detailed_with_modern_table.tex,table_tex,exploratory,Track 3 synthetic,src/python/analysis/generate_per_instance_tables.py,data/processed/todas_metricas_consolidado_with_modern.csv; src/python/analysis/cohort_filter.py,IVFSPEA2 3001-3060; baselines 1-60; no RWMOP rows,frozen,Detailed multi-baseline synthetic table for M2,in_repo,ee96414bfcfb450bb49eba1d1f874339f3df6f2a8b534536a36452f1909d9776,
results/tables/igd_m3_detailed_with_modern_table.tex,table_tex,exploratory,Track 3 synthetic,src/python/analysis/generate_per_instance_tables.py,data/processed/todas_metricas_consolidado_with_modern.csv; src/python/analysis/cohort_filter.py,IVFSPEA2 3001-3060; baselines 1-60; no RWMOP rows,frozen,Detailed multi-baseline synthetic table for M3,in_repo,1dbcc6fed678b771a7b098f7f6fd17f267db4a1391922b643bbe4a6c0cc1878c,
results/tables/igd_per_instance_M2.tex,table_tex,appendix_support,Track 3 synthetic,src/python/analysis/generate_per_instance_tables.py,data/processed/todas_metricas_consolidado_with_modern.csv; src/python/analysis/cohort_filter.py,IVFSPEA2 3001-3060; baselines 1-60; no RWMOP rows,frozen,Appendix IGD table M2,in_repo,fdde4eeebfd7dc0be9d57a1a49c2e13b5ccd0e318f782cb8b8649f145924f9d5,
results/tables/igd_per_instance_M3.tex,table_tex,appendix_support,Track 3 synthetic,src/python/analysis/generate_per_instance_tables.py,data/processed/todas_metricas_consolidado_with_modern.csv; src/python/analysis/cohort_filter.py,IVFSPEA2 3001-3060; baselines 1-60; no RWMOP rows,frozen,Appendix IGD table M3,in_repo,b0477f9320577a293672e6941d728c37ccb8e71e4dae737f8cc969782c531374,
results/tables/hv_per_instance_M2.tex,table_tex,appendix_support,Track 3 synthetic,src/python/analysis/generate_per_instance_tables.py,data/processed/todas_metricas_consolidado_with_modern.csv; src/python/analysis/cohort_filter.py,IVFSPEA2 3001-3060; baselines 1-60; no RWMOP rows,frozen,Appendix HV table M2,in_repo,17f2c4fa3792aa5d2b0de6c8e0d3323879617b2b9f11f3a9f548741156aa33f3,
results/tables/hv_per_instance_M3.tex,table_tex,appendix_support,Track 3 synthetic,src/python/analysis/generate_per_instance_tables.py,data/processed/todas_metricas_consolidado_with_modern.csv; src/python/analysis/cohort_filter.py,IVFSPEA2 3001-3060; baselines 1-60; no RWMOP rows,frozen,Appendix HV table M3,in_repo,db3de2aac57b5b7ade36050ece7aeea3208c0c5fddd13fd58bfe7f434efcc570,
paper/springer-nature/figures/flowchart.pdf,figure_pdf,method_editorial,WS5 method presentation,src/python/analysis/generate_ivfspea2_flowchart.py,paper/src/sn-article.tex,n/a,frozen,Regenerated flowchart aligned with the current IVF/SPEA2 logic. Relocated from paper/figures/flowchart.pdf by commit 9f3e210. Content changed after the v1.0.0 deposit; as-deposited sha256 was 00f70b865a4893db15b3ba798e98921183490e715d32d3224114e222d7746c0b.,in_repo,e240394d0ee4181462e86f7fd87845ed33c4b278915f03e9fb0ce7ae1d7c04d9,
paper/springer-nature/figures/boxplot_igd_m2.pdf,figure_pdf,confirmatory_support,Track 3 synthetic,src/python/analysis/generate_paper_figures.py,data/processed/todas_metricas_consolidado_with_modern.csv; src/python/analysis/cohort_filter.py,IVFSPEA2 3001-3060; baselines 1-60; no RWMOP rows,frozen,Synthetic M2 boxplot figure for IVF/SPEA2 vs SPEA2. Relocated from paper/figures/boxplot_igd_m2.pdf by commit 9f3e210 (paper reorganized by manuscript).,in_repo,743e59db9e759547a1482e8238a0c74173093674ce8aa5e75485a12f95287023,
paper/springer-nature/figures/boxplot_igd_m3.pdf,figure_pdf,confirmatory_support,Track 3 synthetic,src/python/analysis/generate_paper_figures.py,data/processed/todas_metricas_consolidado_with_modern.csv; src/python/analysis/cohort_filter.py,IVFSPEA2 3001-3060; baselines 1-60; no RWMOP rows,frozen,Synthetic M3 boxplot figure for IVF/SPEA2 vs SPEA2. Relocated from paper/figures/boxplot_igd_m3.pdf by commit 9f3e210 (paper reorganized by manuscript).,in_repo,4562e7791c94f1c7f04c6e536ffe0fc7a2fd73a3035b77e117943a208dc0ee6a,
paper/springer-nature/figures/effect_magnitude_igd.pdf,figure_pdf,confirmatory_support,Track 3 synthetic,src/python/analysis/plot_effect_magnitude.py,data/processed/todas_metricas_consolidado_with_modern.csv; src/python/analysis/cohort_filter.py,IVFSPEA2 3001-3060; baselines 1-60; no RWMOP rows,frozen,Effect-magnitude visualization used to discuss bounded gains. Relocated from paper/figures/effect_magnitude_igd.pdf by commit 9f3e210. Content changed after the v1.0.0 deposit; as-deposited sha256 was 9d7cc66589b86848ca5d98cdb0bc5ea7ce05da30d18a271219b58b7870e82234.,in_repo,bea3e6bdfdcc131461f2979e1d4d343bbf5f9b504b2378a7798875ea1bcd07ac,
paper/springer-nature/figures/friedman_avg_rank_igd.pdf,figure_pdf,exploratory,Track 3 synthetic,src/python/analysis/plot_friedman_avg_rank.py,data/processed/todas_metricas_consolidado_with_modern.csv; src/python/analysis/cohort_filter.py,IVFSPEA2 3001-3060; baselines 1-60; no RWMOP rows,frozen,Exploratory global ranking only. Relocated from paper/figures/friedman_avg_rank_igd.pdf by commit 9f3e210 (paper reorganized by manuscript).,in_repo,f764bd4c6df4b35f1b5fe85f14eb8f54a180d5b553adcfe42b9a135ea3733429,
paper/springer-nature/figures/heatmap_a12_M2.pdf,figure_pdf,exploratory,Track 3 synthetic,src/python/analysis/generate_a12_heatmap.py,data/processed/todas_metricas_consolidado_with_modern.csv; src/python/analysis/cohort_filter.py,IVFSPEA2 3001-3060; baselines 1-60; no RWMOP rows,frozen,Exploratory effect-size heatmap M2. Relocated from paper/figures/heatmap_a12_M2.pdf by commit 9f3e210 (paper reorganized by manuscript).,in_repo,ff5ea90d4ad90eca4fea2d29fe3f490b7bfeda6221e6e68127dfb43c0afdf058,
paper/springer-nature/figures/heatmap_a12_M3.pdf,figure_pdf,exploratory,Track 3 synthetic,src/python/analysis/generate_a12_heatmap.py,data/processed/todas_metricas_consolidado_with_modern.csv; src/python/analysis/cohort_filter.py,IVFSPEA2 3001-3060; baselines 1-60; no RWMOP rows,frozen,Exploratory effect-size heatmap M3. Relocated from paper/figures/heatmap_a12_M3.pdf by commit 9f3e210 (paper reorganized by manuscript).,in_repo,47aae3ca2bb4e203e51d94c898473afea3d28d223935897fa0e48af2551c4d51,
paper/springer-nature/figures/pareto_fronts.pdf,figure_pdf,supportive,Track 3 synthetic plus engineering fronts,src/python/analysis/generate_paper_figures.py,data/processed/fronts/*.csv; data/processed/todas_metricas_consolidado_with_modern.csv; results/engineering_suite/engineering_suite_summary_main.csv,illustrative front examples only,frozen,Qualitative front-comparison figure used for mechanism illustration. Relocated from paper/figures/pareto_fronts.pdf by commit 9f3e210 (paper reorganized by manuscript).,in_repo,45893c45f8addb5c715fddcb06e1c6d852a7e94febd41118bc62a63a0b44b8c9,
paper/springer-nature/figures/dtlz4_bimodal_good_bad.pdf,figure_pdf,supportive,Track 3 synthetic fronts,src/python/analysis/plot_dtlz4_bimodal.py,data/processed/fronts/DTLZ4_M3_IVFSPEA2_good.csv; data/processed/fronts/DTLZ4_M3_IVFSPEA2_bad.csv; data/processed/fronts/DTLZ4_M3_truePF.csv; data/processed/fronts/DTLZ4_M3_selection_metadata.csv,illustrative run-selection figure,frozen,Bimodal convergence illustration for DTLZ4 M3. Relocated from paper/figures/dtlz4_bimodal_good_bad.pdf by commit 9f3e210 (paper reorganized by manuscript).,in_repo,4d6b650f6df5422761eed9f90ce4d3c4bc5072c9704357ad3d5dd69163ec1a7a,
paper/springer-nature/figures/tuning_heatmap_combined.pdf,figure_pdf,supportive,Track 2 tuning,src/python/analysis/plot_tuning_heatmap.py,results/tuning_ivfspea2v2/tuning_phase_ranking.csv,tuning-only,frozen,Supportive tuning pipeline figure for promoted default C26. Relocated from paper/figures/tuning_heatmap_combined.pdf by commit 9f3e210 (paper reorganized by manuscript).,in_repo,9c29866f5c45e8a771722f1b9500a0104f05c98690506bc36b29351259c5a6ca,
results/engineering_suite/engineering_suite_raw_main.csv,raw_csv,external_support,Engineering suite,experiments/process_engineering_suite.m,data/engineering_suite/**/*.mat,strict common-run engineering pipeline; separate from synthetic cohort,frozen,Canonical engineering raw source for RWMOP9/RWMOP21/RWMOP8,in_repo,a1df689e96384e03a5826cdbf46d725d71b5f337edd655df8ab11b33393b97bd,
results/engineering_suite/engineering_suite_summary_main.csv,summary_csv,external_support,Engineering suite,experiments/process_engineering_suite.m,results/engineering_suite/engineering_suite_raw_main.csv,engineering-only,frozen,Per-problem and per-algorithm engineering summary with valid-run counts,in_repo,a3d322ba55e7837542190194c46948aa25ca1951c0282832f4ecf8facc72f872,
results/engineering_suite/engineering_suite_pairwise_main.csv,summary_csv,external_support,Engineering suite,experiments/process_engineering_suite.m,results/engineering_suite/engineering_suite_raw_main.csv,engineering-only,frozen,Pairwise engineering signs used for Table engineering narrative,in_repo,7f8c3e37e960b8dac56f035955bae783babae5ef99c7ef7eb1de8bf13d23609b,
results/tables/engineering_metric_profiles_summary.csv,summary_csv,external_support,Engineering suite,src/python/analysis/plot_engineering_metric_profiles.py,results/engineering_suite/engineering_suite_raw_main.csv,engineering-only,frozen,Source summary for engineering metric profile figure,in_repo,b5af97e763cd5513157e90215132984abeb52d5f275d3538717921339c18b1cc,
paper/springer-nature/figures/engineering_metric_profiles.pdf,figure_pdf,external_support,Engineering suite,src/python/analysis/plot_engineering_metric_profiles.py,results/engineering_suite/engineering_suite_raw_main.csv,engineering-only,frozen,Engineering profile figure with valid-run annotations. Relocated from paper/figures/engineering_metric_profiles.pdf by commit 9f3e210 (paper reorganized by manuscript).,in_repo,c62df77290ded89ffa5b883ada82d33f352d566eb91c056058efedca83cb8e4a,
paper/springer-nature/figures/engineering_fronts_rwmop9_rwmop8.pdf,figure_pdf,external_support,Engineering suite,src/python/analysis/plot_engineering_fronts_side_by_side.py,data/processed/fronts/RWMOP9_M2_*_median.csv; data/processed/fronts/RWMOP8_M3_*_median.csv,engineering-only,frozen,Engineering front figure used in discussion of transferability. Relocated from paper/figures/engineering_fronts_rwmop9_rwmop8.pdf by commit 9f3e210 (paper reorganized by manuscript).,in_repo,1ff243e0b9715736fb0bd020c02dc4720c87b08c4d9cf078ff2c1ea672d90213,
results/ablation_v2/phase1/phase1_summary.csv,summary_csv,supportive,Track 1 Discovery Phase 1,src/python/analysis/analyze_ablation_v2_phase1.py,data/legacy/ablation_v2/phase1/,discovery-only,frozen,Supportive screening evidence for H1-H5,in_repo,663d3b3da2bb2fc201bd0edb4bf43b9a7819bc9e399b4d0b25fe3bc6d35aea7f,
results/ablation_v2/phase2/phase2_pairwise_adjusted.csv,summary_csv,supportive,Track 1 Discovery Phase 2,src/python/analysis/analyze_ablation_v2_phase2.py,data/legacy/ablation_v2/phase2/,discovery-only,frozen,Supportive factorial interaction evidence,in_repo,a7cfa967fc7c77668592426234a9bedc5ed20e75d6f53ede3a410f57b994ed9b,
results/ablation_v2/phase2/phase2_interactions.pdf,figure_pdf,supportive,Track 1 Discovery Phase 2,src/python/analysis/analyze_ablation_v2_phase2.py,data/legacy/ablation_v2/phase2/,discovery-only,frozen,Supportive interaction figure included in the manuscript. Content changed after the v1.0.0 deposit; as-deposited sha256 was 8c26835c7827c63b098f5603c1229623378b407fd31774b99daadcd32a5ff45b.,in_repo,1cb6ccb45f3dd434dfd0718fb9a0470b853fd3cdc83d68a592aa28694bf8a168,
results/ablation_v2/phase3/phase3_raw_metrics.csv,raw_csv,supportive,Track 1 Discovery Phase 3,src/python/analysis/analyze_ablation_v2_phase3.py,data/legacy/ablation_v2/phase3/; data/processed/todas_metricas_consolidado.csv,discovery-only,frozen,Supportive full-suite v1-v2 comparison source,in_repo,81c69b73b4dbf25b107bfd22cc30e92f9ee4af55279bb20ee7f43d3755c11a3e,
results/ablation_v2/phase3/phase3_igd_table.tex,table_tex,supportive,Track 1 Discovery Phase 3,src/python/analysis/analyze_ablation_v2_phase3.py,results/ablation_v2/phase3/phase3_raw_metrics.csv,discovery-only,frozen,Supportive v1-v2 IGD table,in_repo,678d0d6308acfb9609557446adbc1770e9c60cf6f9d0d697cf6e9a9d7eb7a804,
results/ablation_v2/phase3/phase3_hv_table.tex,table_tex,supportive,Track 1 Discovery Phase 3,src/python/analysis/analyze_ablation_v2_phase3.py,results/ablation_v2/phase3/phase3_raw_metrics.csv,discovery-only,frozen,Supportive v1-v2 HV table,in_repo,4320b6f20794fac1967bab13e16a7d4e23757bebae3e87f57bfabb5459c172ad,
,submission_tex,editorial_submission,WS5 single-file packaging,scripts/flatten_sn_article.py,paper/src/sn-article.tex; all inlined table inputs,single-file generated source,frozen,Flattened manuscript source for journal submission. Working file from the v1.0.0 submission; not distributed. Historical location paper/src/sn-article_submission.tex.,archived_offline,c26be511dc0875942dcea30e8200af08e9615aa50c515b2fd39ea837113f4fa3,paper/src/sn-article_submission.tex
paper/springer-nature/src/ivfspea2_supplementary_tables.tex,submission_tex,editorial_submission,WS5 supplementary packaging,manual source,results/tables/igd_per_instance_M2.tex; results/tables/igd_per_instance_M3.tex; results/tables/hv_per_instance_M2.tex; results/tables/hv_per_instance_M3.tex,supplementary source,frozen,Standalone supplementary source for per-instance synthetic tables. Relocated from paper/src/ivfspea2_supplementary_tables.tex by commit 9f3e210. Content changed after the v1.0.0 deposit; as-deposited sha256 was 540d151d6ba4c259b4f6e188cdbf4dc874746c0e6e49233c9b5710e37dfb8cba.,in_repo,b4a527300109289e605240e0ac25e50aabed0f8ca4eafa02ee02dd421d62e41b,
paper/springer-nature/src/sn-mathphys-ay.bst,submission_asset,editorial_submission,WS6 packaging,manual packaged copy,paper/bib/bst/sn-mathphys-ay.bst,local single-file bibliography support,frozen,Local copy of bibliography style for packaged single-file compilation. Relocated from paper/src/sn-mathphys-ay.bst by commit 9f3e210 (paper reorganized by manuscript).,in_repo,6a2306683997db76b5e58190acea4dac360c742044114f6a923a4380fbab9008,
paper/springer-nature/build/sn-article.pdf,manuscript_pdf,editorial_submission,WS5 verified build,cd paper && make springer-nature,paper/src/sn-article.tex; regenerated figures and tables,build output,frozen,Current manuscript PDF after WS5 edits. Relocated from paper/build/sn-article.pdf by commit 9f3e210 (paper reorganized by manuscript). Build product; regenerate rather than expecting it in a clone.,build_output,,
,submission_pdf,editorial_submission,WS5 verified single-file build,latexmk on paper/src/sn-article_submission.tex,paper/src/sn-article_submission.tex; attached class/bib assets,build output,frozen,Local verification PDF for the flattened submission source. Working file from the v1.0.0 submission; not distributed. Historical location paper/build_submission/sn-article_submission.pdf.,archived_offline,0a98dd0fa8a6a11560e833a188b5f48d2a4d1da31128dbd859d6f6d0fc54677e,paper/build_submission/sn-article_submission.pdf
,submission_pdf,editorial_submission,WS5 supplementary build,latexmk on paper/src/ivfspea2_supplementary_tables.tex,paper/src/ivfspea2_supplementary_tables.tex; results/tables/igd_per_instance_M2.tex; results/tables/igd_per_instance_M3.tex; results/tables/hv_per_instance_M2.tex; results/tables/hv_per_instance_M3.tex,build output,frozen,Supplementary PDF containing the per-instance synthetic benchmark tables. Working file from the v1.0.0 submission; not distributed. Historical location paper/build_submission/ivfspea2_supplementary_tables.pdf.,archived_offline,b1d586b85ca4184777af1002e66e1cfab312fe19537749524ff4e7b40b3b5801,paper/build_submission/ivfspea2_supplementary_tables.pdf
